"package","item","title","csv_url","doc_url","license","tier","domain","row_unit","n_index","p_index","n_raw","n_realized","p_realized","n_delivered","p_delivered","max_abs_r","n_bin","p_bin","cell","row_subsampled","col_subsampled","columns","clean_file","clean_sha256","selected"
"AER","CigarettesB","Cigarette Consumption Data","https://vincentarelbundock.github.io/Rdatasets/csv/AER/CigarettesB.csv","https://vincentarelbundock.github.io/Rdatasets/doc/AER/CigarettesB.html","GPL-2 | GPL-3","core","economics","cross-section",46,3,46,46,3,46,3,0.539707,"30-199","3-5","p3-5_n30-199",FALSE,FALSE,"packs|price|income","data_clean_pool/AER__CigarettesB.csv","d9cfb2491adc0be2daf20569118613ed14d4013d0a5696cfa90614007d2e6ce6",FALSE
"AER","CigarettesSW","Cigarette Consumption Panel Data","https://vincentarelbundock.github.io/Rdatasets/csv/AER/CigarettesSW.csv","https://vincentarelbundock.github.io/Rdatasets/doc/AER/CigarettesSW.html","GPL-2 | GPL-3","core","economics","panel",96,9,96,96,5,96,5,0.911656,"30-199","3-5","p3-5_n30-199",FALSE,FALSE,"year|population|packs|tax|price","data_clean_pool/AER__CigarettesSW.csv","0048dab11174fe49d483bd39fccac9263bcbe2d57dbbdd4fe7e65811f491e9ec",FALSE
"AER","Parade2005","Parade Magazine 2005 Earnings Data","https://vincentarelbundock.github.io/Rdatasets/csv/AER/Parade2005.csv","https://vincentarelbundock.github.io/Rdatasets/doc/AER/Parade2005.html","GPL-2 | GPL-3","core","economics","cross-section",130,4,130,130,4,130,4,0.805526,"30-199","3-5","p3-5_n30-199",FALSE,FALSE,"earnings|age|gender|celebrity","data_clean_pool/AER__Parade2005.csv","99c744c8c9c2963c5c39862b1dfc7cbfd6934a9a454697292c2f689fb6afaf12",FALSE
"AER","ProgramEffectiveness","Program Effectiveness Data","https://vincentarelbundock.github.io/Rdatasets/csv/AER/ProgramEffectiveness.csv","https://vincentarelbundock.github.io/Rdatasets/doc/AER/ProgramEffectiveness.html","GPL-2 | GPL-3","core","economics","cross-section",32,4,32,32,4,32,4,0.497147,"30-199","3-5","p3-5_n30-199",FALSE,FALSE,"grade|average|testscore|participation","data_clean_pool/AER__ProgramEffectiveness.csv","c5cd4a5a0ad94eaaa1a357b00ba2a9821b3c8a971a8d70e85ec41bae2fc893a6",FALSE
"AER","ShipAccidents","Ship Accidents","https://vincentarelbundock.github.io/Rdatasets/csv/AER/ShipAccidents.csv","https://vincentarelbundock.github.io/Rdatasets/doc/AER/ShipAccidents.html","GPL-2 | GPL-3","core","economics","cross-section",40,3,40,40,3,40,3,0.852517,"30-199","3-5","p3-5_n30-199",FALSE,FALSE,"operation|service|incidents","data_clean_pool/AER__ShipAccidents.csv","9ccafbb552245940f2b6362b66746ef42f388992905185c6a3d6a6db0d47ab7c",FALSE
"AER","USCrudes","US Crudes Data","https://vincentarelbundock.github.io/Rdatasets/csv/AER/USCrudes.csv","https://vincentarelbundock.github.io/Rdatasets/doc/AER/USCrudes.html","GPL-2 | GPL-3","core","economics","cross-section",99,3,99,99,3,99,3,0.918082,"30-199","3-5","p3-5_n30-199",FALSE,FALSE,"price|gravity|sulphur","data_clean_pool/AER__USCrudes.csv","a374f110a63fa88eb799494be63623ae331d951280891b4c832604b1adec9a0b",FALSE
"Ecdat","ACLEDpopGDP","ACLED countries and codes with population and GDP","https://vincentarelbundock.github.io/Rdatasets/csv/Ecdat/ACLEDpopGDP.csv","https://vincentarelbundock.github.io/Rdatasets/doc/Ecdat/ACLEDpopGDP.html","GPL (>= 2)","core","economics","cross-section",234,15,234,180,3,180,3,0.939213,"30-199","3-5","p3-5_n30-199",FALSE,FALSE,"pop2020|GDPpcn2020|GDPpcp2020","data_clean_pool/Ecdat__ACLEDpopGDP.csv","53298d0c9d3f7b201e375f4b66948814380bbf41453eaa4e693999108579e83f",FALSE
"Ecdat","Airq","Air Quality for Californian Metropolitan Areas","https://vincentarelbundock.github.io/Rdatasets/csv/Ecdat/Airq.csv","https://vincentarelbundock.github.io/Rdatasets/doc/Ecdat/Airq.html","GPL (>= 2)","core","economics","cross-section",30,6,30,30,6,30,5,0.890049,"30-199","3-5","p3-5_n30-199",FALSE,FALSE,"airq|vala|rain|dens|medi","data_clean_pool/Ecdat__Airq.csv","8df1c35dd13527fe86eba9533d976f40c01a73eee046dda38cca448cdf32f7c6",FALSE
"Ecdat","Icecream","Ice Cream Consumption","https://vincentarelbundock.github.io/Rdatasets/csv/Ecdat/Icecream.csv","https://vincentarelbundock.github.io/Rdatasets/doc/Ecdat/Icecream.html","GPL (>= 2)","core","economics","cross-section",30,4,30,30,4,30,4,0.775625,"30-199","3-5","p3-5_n30-199",FALSE,FALSE,"cons|income|price|temp","data_clean_pool/Ecdat__Icecream.csv","70cee2e02f5baf46be1996e465e6699be19eaf5ab5ec2ab6af76b764904a370a",FALSE
"Ecdat","Mofa","International Expansion of U.S. MOFAs (majority-owned Foreign Affiliates in Fire (finance, Insurance and Real Estate)","https://vincentarelbundock.github.io/Rdatasets/csv/Ecdat/Mofa.csv","https://vincentarelbundock.github.io/Rdatasets/doc/Ecdat/Mofa.html","GPL (>= 2)","core","economics","cross-section",50,4,50,43,4,43,4,0.868444,"30-199","3-5","p3-5_n30-199",FALSE,FALSE,"capexp|gdp|sales|nbaf","data_clean_pool/Ecdat__Mofa.csv","d4b640c8fa90ef9d9ead47352c13df33675def9450d44c756706ff5108b24a40",TRUE
"causaldata","yule","Data on 19th century English Poverty from Yule (1899)","https://vincentarelbundock.github.io/Rdatasets/csv/causaldata/yule.csv","https://vincentarelbundock.github.io/Rdatasets/doc/causaldata/yule.html","MIT + file LICENSE","core","social_science","cross-section",32,4,32,32,4,32,4,0.594032,"30-199","3-5","p3-5_n30-199",FALSE,FALSE,"paup|outrelief|old|pop","data_clean_pool/causaldata__yule.csv","4d7e9ef633b2a4edc0e3fbd2224aabb3c2862f798ec4d636510bceb59ee9ac1a",FALSE
"crimedatasets","USArrests_df","Violent Crime Rates by US State","https://vincentarelbundock.github.io/Rdatasets/csv/crimedatasets/USArrests_df.csv","https://vincentarelbundock.github.io/Rdatasets/doc/crimedatasets/USArrests_df.html","GPL-3","core","criminology","cross-section",50,4,50,50,4,50,4,0.801873,"30-199","3-5","p3-5_n30-199",FALSE,FALSE,"Murder|Assault|UrbanPop|Rape","data_clean_pool/crimedatasets__USArrests_df.csv","f780abfdf9ec511affe40718ec639909d25ac71006ff028b3a0ce35e84e4ec03",FALSE
"crimedatasets","USJudgeRatings_df","Lawyers' Ratings of State Judges in the US Superior Court","https://vincentarelbundock.github.io/Rdatasets/csv/crimedatasets/USJudgeRatings_df.csv","https://vincentarelbundock.github.io/Rdatasets/doc/crimedatasets/USJudgeRatings_df.html","GPL-3","core","criminology","cross-section",43,12,43,43,5,43,5,0.937263,"30-199","3-5","p3-5_n30-199",FALSE,FALSE,"CONT|INTG|DILG|PHYS|RTEN","data_clean_pool/crimedatasets__USJudgeRatings_df.csv","fc8a09cac6a1f2e923848f94075611362344775868ad965a6c1fa917e6648092",FALSE
"educationR","Bigten_tbl_df","Grad Rates: Athletes vs. Non-Athletes Big Ten Conf.","https://vincentarelbundock.github.io/Rdatasets/csv/educationR/Bigten_tbl_df.csv","https://vincentarelbundock.github.io/Rdatasets/doc/educationR/Bigten_tbl_df.html","GPL-3","core","education","panel",44,3,44,44,3,44,3,0.197482,"30-199","3-5","p3-5_n30-199",FALSE,FALSE,"year|rate|status","data_clean_pool/educationR__Bigten_tbl_df.csv","5629eb1a886c31e7028be8a57069a2b99da73baa5c5c10e7331deda319bd47e8",TRUE
"educationR","Mathpro_tbl_df","Math Proficiency and SAT Math Scores by State","https://vincentarelbundock.github.io/Rdatasets/csv/educationR/Mathpro_tbl_df.csv","https://vincentarelbundock.github.io/Rdatasets/doc/educationR/Mathpro_tbl_df.html","GPL-3","core","education","cross-section",51,4,51,35,3,35,3,0.751958,"30-199","3-5","p3-5_n30-199",FALSE,FALSE,"sat_math|profic|group","data_clean_pool/educationR__Mathpro_tbl_df.csv","c7bfd83c462b3a77a02c0e2110b67cee2580471b1b625ddd6ee78ad0abb07981",FALSE
"educationR","absenteeism_tbl_df","Absenteeism from School in New South Wales","https://vincentarelbundock.github.io/Rdatasets/csv/educationR/absenteeism_tbl_df.csv","https://vincentarelbundock.github.io/Rdatasets/doc/educationR/absenteeism_tbl_df.html","GPL-3","core","education","cross-section",146,4,146,146,4,146,4,0.278947,"30-199","3-5","p3-5_n30-199",FALSE,FALSE,"eth|sex|lrn|days","data_clean_pool/educationR__absenteeism_tbl_df.csv","8bf24e2874b47616bba93d01f963ad6be1570e4ed13d68eea554c670c79ee9d8",FALSE
"educationR","gpa_tbl_df","Survey of Duke Students on GPA, Studying, and More","https://vincentarelbundock.github.io/Rdatasets/csv/educationR/gpa_tbl_df.csv","https://vincentarelbundock.github.io/Rdatasets/doc/educationR/gpa_tbl_df.html","GPL-3","core","education","cross-section",55,5,55,55,5,55,5,0.382163,"30-199","3-5","p3-5_n30-199",FALSE,FALSE,"gpa|studyweek|sleepnight|out|gender","data_clean_pool/educationR__gpa_tbl_df.csv","c2e6d6c97708dcd79a8308b59178e62ba58e4ac5b117b03ed4dda50db4cbba1f",FALSE
"experimentr","batteries","Data from Rutherford's experiment with batteries","https://vincentarelbundock.github.io/Rdatasets/csv/experimentr/batteries.csv","https://vincentarelbundock.github.io/Rdatasets/doc/experimentr/batteries.html","MIT + file LICENSE","core","social_science","cross-section",30,5,30,30,5,30,5,0.90844,"30-199","3-5","p3-5_n30-199",FALSE,FALSE,"treatment|one|two|three|pre","data_clean_pool/experimentr__batteries.csv","d31c3a2c6b2a06818915afce35f4fc73cb7ad6d2eec2675067008981a17af9ff",FALSE
"experimentr","mcgrath","Data from ""Chocolate scents and product sales: a randomized controlled trial in a Canadian bookstore and cafe""","https://vincentarelbundock.github.io/Rdatasets/csv/experimentr/mcgrath.csv","https://vincentarelbundock.github.io/Rdatasets/doc/experimentr/mcgrath.html","MIT + file LICENSE","core","social_science","cross-section",30,5,30,30,5,30,5,0.779739,"30-199","3-5","p3-5_n30-199",FALSE,FALSE,"treatment|book|coffee|food|grandtotal","data_clean_pool/experimentr__mcgrath.csv","9b361b23f6041223b25e362d6e244cdffcd2c4c337d66e1573967944bcc7aab0",FALSE
"experimentr","wrenlewis","Data from ""Formalizing land rights can reduce forest loss: Experimental evidence from Benin""","https://vincentarelbundock.github.io/Rdatasets/csv/experimentr/wrenlewis.csv","https://vincentarelbundock.github.io/Rdatasets/doc/experimentr/wrenlewis.html","MIT + file LICENSE","core","social_science","cross-section",102,3,102,102,3,102,3,0.799105,"30-199","3-5","p3-5_n30-199",FALSE,FALSE,"treated|tcl_area_L_from2010to2017|tcl_area_L_from2001to2009","data_clean_pool/experimentr__wrenlewis.csv","14deab644b3248fe953a500406c205f4df36a80744a52838513ba6f1e2ee696d",TRUE
"pscl","RockTheVote","Voter turnout experiment, using Rock The Vote ads","https://vincentarelbundock.github.io/Rdatasets/csv/pscl/RockTheVote.csv","https://vincentarelbundock.github.io/Rdatasets/doc/pscl/RockTheVote.html","GPL-2","core","political_science","cross-section",85,6,85,85,4,85,4,0.348523,"30-199","3-5","p3-5_n30-199",FALSE,FALSE,"strata|treated|r|p","data_clean_pool/pscl__RockTheVote.csv","3e33d52452337d2887e341a7890714af26183e9dc867f3e6c5bfabd7d1217843",FALSE
"pscl","admit","Applications to a Political Science PhD Program","https://vincentarelbundock.github.io/Rdatasets/csv/pscl/admit.csv","https://vincentarelbundock.github.io/Rdatasets/doc/pscl/admit.html","GPL-2","core","political_science","cross-section",106,6,106,106,6,106,5,0.574394,"30-199","3-5","p3-5_n30-199",FALSE,FALSE,"score|gre.quant|gre.verbal|ap|female","data_clean_pool/pscl__admit.csv","68231bef0782602e0d1873e68cc6929f818ef6cd079d5bbd91bbfe34f3b02d00",FALSE
"pscl","iraqVote","U.S. Senate vote on the use of force against Iraq, 2002.","https://vincentarelbundock.github.io/Rdatasets/csv/pscl/iraqVote.csv","https://vincentarelbundock.github.io/Rdatasets/doc/pscl/iraqVote.html","GPL-2","core","political_science","cross-section",100,5,100,100,3,100,3,0.488178,"30-199","3-5","p3-5_n30-199",FALSE,FALSE,"y|rep|gorevote","data_clean_pool/pscl__iraqVote.csv","f4c2e6acab394d09554eb443a154564fb57de84f55c07b138a22f70dc1a67845",FALSE
"stevedata","CP77","Education Expenditure Data (Chatterjee and Price, 1977)","https://vincentarelbundock.github.io/Rdatasets/csv/stevedata/CP77.csv","https://vincentarelbundock.github.io/Rdatasets/doc/stevedata/CP77.html","GPL-2","core","political_science","cross-section",50,4,50,50,4,50,4,0.621937,"30-199","3-5","p3-5_n30-199",FALSE,FALSE,"urbanpop|incpc|pop|edexppc","data_clean_pool/stevedata__CP77.csv","60985b89a83d0625e9bfff9cf78058e33c41271ec76142dc91a32b15b688eead",FALSE
"stevedata","Guber99","School Expenditures and Test Scores for 50 States, 1994-95","https://vincentarelbundock.github.io/Rdatasets/csv/stevedata/Guber99.csv","https://vincentarelbundock.github.io/Rdatasets/doc/stevedata/Guber99.html","GPL-2","core","political_science","cross-section",50,7,50,50,5,50,5,0.893263,"30-199","3-5","p3-5_n30-199",FALSE,FALSE,"expendpp|ptratio|tsalary|perctakers|verbal","data_clean_pool/stevedata__Guber99.csv","28d396fddb003c7c7f658f8493b7fa141ae75bfbe1965b6708c74861ad35f204",FALSE
"stevedata","Lipset59","Democracy and Economic Development (Around) 1949-50","https://vincentarelbundock.github.io/Rdatasets/csv/stevedata/Lipset59.csv","https://vincentarelbundock.github.io/Rdatasets/doc/stevedata/Lipset59.html","GPL-2","core","political_science","cross-section",48,8,48,37,4,37,4,0.925928,"30-199","3-5","p3-5_n30-199",FALSE,FALSE,"wbgdp2011est|wbpopest|unincpc|xm_qudsest","data_clean_pool/stevedata__Lipset59.csv","fe1624eb3e6beacd4ca31639d3970e01fdbca3c52aec61869046d364af26f147",FALSE
"stevedata","Weede84","Military Conflict or War Involvement, 1960-1980 (Weede, 1984)","https://vincentarelbundock.github.io/Rdatasets/csv/stevedata/Weede84.csv","https://vincentarelbundock.github.io/Rdatasets/doc/stevedata/Weede84.html","GPL-2","core","political_science","cross-section",101,7,101,101,6,101,5,0.771031,"30-199","3-5","p3-5_n30-199",FALSE,FALSE,"ccode|dem|butter|kende|ssiw","data_clean_pool/stevedata__Weede84.csv","eae50a10c11bc0740595dd249c7dba385c63aa4d2a71673c444b3ec0831b8449",TRUE
"stevedata","inglehart03","""How Solid is Mass Support for Democracy-And How Can We Measure It?""","https://vincentarelbundock.github.io/Rdatasets/csv/stevedata/inglehart03.csv","https://vincentarelbundock.github.io/Rdatasets/doc/stevedata/inglehart03.html","GPL-2","core","political_science","cross-section",77,4,77,77,3,77,3,0.456032,"30-199","3-5","p3-5_n30-199",FALSE,FALSE,"havedem|strongleader|muslim","data_clean_pool/stevedata__inglehart03.csv","a42f5582ca9beefa74347387aa5ac6f9622acb67d7aa9098a4dcccbb11012974",FALSE
"stevedata","wvs_usa_educat","Education Categories for the United States in the World Values Survey","https://vincentarelbundock.github.io/Rdatasets/csv/stevedata/wvs_usa_educat.csv","https://vincentarelbundock.github.io/Rdatasets/doc/stevedata/wvs_usa_educat.html","GPL-2","core","political_science","cross-section",42,3,42,31,3,31,3,0.291226,"30-199","3-5","p3-5_n30-199",FALSE,FALSE,"x025|x025cswvs|n","data_clean_pool/stevedata__wvs_usa_educat.csv","e8f46cb984a86b0e595835eedd9b5ff45e68bc447067990eb3c36a8e1cb82394",FALSE
"wooldridge","admnrev","admnrev","https://vincentarelbundock.github.io/Rdatasets/csv/wooldridge/admnrev.csv","https://vincentarelbundock.github.io/Rdatasets/doc/wooldridge/admnrev.html","GPL-3","core","economics","panel",153,5,153,153,4,153,4,0.492045,"30-199","3-5","p3-5_n30-199",FALSE,FALSE,"year|admnrev|daysfrst|daysscnd","data_clean_pool/wooldridge__admnrev.csv","f53d0618c23e6a5c5db067e12a58ea66a9d6d3f1b30b681416fda932ed0b611c",FALSE
"wooldridge","corn","corn","https://vincentarelbundock.github.io/Rdatasets/csv/wooldridge/corn.csv","https://vincentarelbundock.github.io/Rdatasets/doc/wooldridge/corn.html","GPL-3","core","economics","cross-section",37,5,37,37,5,37,5,0.831443,"30-199","3-5","p3-5_n30-199",FALSE,FALSE,"county|cornhec|soyhec|cornpix|soypix","data_clean_pool/wooldridge__corn.csv","1e06beecb0702c29e39bbdbb7f1fd36c2bed6d592473710203e66b93083e80c9",TRUE
"wooldridge","rdchem","rdchem","https://vincentarelbundock.github.io/Rdatasets/csv/wooldridge/rdchem.csv","https://vincentarelbundock.github.io/Rdatasets/doc/wooldridge/rdchem.html","GPL-3","core","economics","cross-section",32,8,32,32,5,32,5,0.949593,"30-199","3-5","p3-5_n30-199",FALSE,FALSE,"rd|sales|rdintens|profmarg|lsales","data_clean_pool/wooldridge__rdchem.csv","0342a70203a50dd6b7017d4bf56b985d676c57b3b3c053ff6634893abc8c1719",FALSE
"AER","BankWages","Bank Wages","https://vincentarelbundock.github.io/Rdatasets/csv/AER/BankWages.csv","https://vincentarelbundock.github.io/Rdatasets/doc/AER/BankWages.html","GPL-2 | GPL-3","core","economics","cross-section",474,3,474,474,3,474,3,0.355986,"200-499","3-5","p3-5_n200-499",FALSE,FALSE,"education|gender|minority","data_clean_pool/AER__BankWages.csv","d439e5fb6ac75557184576b0b6c02ba16f2940eb3f12ede00e869b72b3a73590",TRUE
"AER","CartelStability","CartelStability","https://vincentarelbundock.github.io/Rdatasets/csv/AER/CartelStability.csv","https://vincentarelbundock.github.io/Rdatasets/doc/AER/CartelStability.html","GPL-2 | GPL-3","core","economics","cross-section",328,4,328,328,4,328,4,0.577606,"200-499","3-5","p3-5_n200-499",FALSE,FALSE,"price|cartel|quantity|ice","data_clean_pool/AER__CartelStability.csv","1bad1c02dd2068c1deaafe69eee5620cf880d68eaf074c367a0c5c253171da8c",FALSE
"AER","Grunfeld","Grunfeld's Investment Data","https://vincentarelbundock.github.io/Rdatasets/csv/AER/Grunfeld.csv","https://vincentarelbundock.github.io/Rdatasets/doc/AER/Grunfeld.html","GPL-2 | GPL-3","core","economics","panel",220,4,220,220,4,220,4,0.862487,"200-499","3-5","p3-5_n200-499",FALSE,FALSE,"invest|value|capital|year","data_clean_pool/AER__Grunfeld.csv","825ebf3bf125de84dcd81f1b793ffe34f3ed635bdc2716f2fd58fff1ec5a169a",FALSE
"AER","OECDGas","Gasoline Consumption Data","https://vincentarelbundock.github.io/Rdatasets/csv/AER/OECDGas.csv","https://vincentarelbundock.github.io/Rdatasets/doc/AER/OECDGas.html","GPL-2 | GPL-3","core","economics","panel",342,5,342,342,5,342,5,0.693804,"200-499","3-5","p3-5_n200-499",FALSE,FALSE,"year|gas|income|price|cars","data_clean_pool/AER__OECDGas.csv","0832efa2a08bfdeb5156ce52a9c5257be9bc5b037c8d6980367f2d7773bca032",FALSE
"Ecdat","Doctor","Number of Doctor Visits","https://vincentarelbundock.github.io/Rdatasets/csv/Ecdat/Doctor.csv","https://vincentarelbundock.github.io/Rdatasets/doc/Ecdat/Doctor.html","GPL (>= 2)","core","economics","cross-section",485,4,485,485,4,485,4,0.272968,"200-499","3-5","p3-5_n200-499",FALSE,FALSE,"doctor|children|access|health","data_clean_pool/Ecdat__Doctor.csv","26fed15e84b64216e9173498578b8eebe0a3a8c6a78a8a27ed122afe031012db",FALSE
"Ecdat","Forward","Exchange Rates of US Dollar Against Other Currencies","https://vincentarelbundock.github.io/Rdatasets/csv/Ecdat/Forward.csv","https://vincentarelbundock.github.io/Rdatasets/doc/Ecdat/Forward.html","GPL (>= 2)","core","economics","cross-section",276,9,276,276,3,276,3,0.845177,"200-499","3-5","p3-5_n200-499",FALSE,FALSE,"usdbp|usdeuro|eurobp","data_clean_pool/Ecdat__Forward.csv","10647a24e964e6dfb76f97f083e009c85ef2fd857d925c9bcc43af509546455f",FALSE
"Ecdat","Gasoline","Gasoline Consumption","https://vincentarelbundock.github.io/Rdatasets/csv/Ecdat/Gasoline.csv","https://vincentarelbundock.github.io/Rdatasets/doc/Ecdat/Gasoline.html","GPL (>= 2)","core","economics","panel",342,5,342,342,5,342,5,0.693804,"200-499","3-5","p3-5_n200-499",FALSE,FALSE,"year|lgaspcar|lincomep|lrpmg|lcarpcap","data_clean_pool/Ecdat__Gasoline.csv","fd7716f6d090c205bb0c46d3a3c5796aed63fe40cdc01df98e903102b38af7ad",TRUE
"Ecdat","Grunfeld","Grunfeld Investment Data","https://vincentarelbundock.github.io/Rdatasets/csv/Ecdat/Grunfeld.csv","https://vincentarelbundock.github.io/Rdatasets/doc/Ecdat/Grunfeld.html","GPL (>= 2)","core","economics","panel",200,5,200,200,5,200,5,0.856933,"200-499","3-5","p3-5_n200-499",FALSE,FALSE,"firm|year|inv|value|capital","data_clean_pool/Ecdat__Grunfeld.csv","2d769eac0fe3843c469813d502ae363f46253368cf40e77c171fe796b01a5fb6",FALSE
"Ecdat","NaturalPark","Willingness to Pay for the Preservation of the Alentejo Natural Park","https://vincentarelbundock.github.io/Rdatasets/csv/Ecdat/NaturalPark.csv","https://vincentarelbundock.github.io/Rdatasets/doc/Ecdat/NaturalPark.html","GPL (>= 2)","core","economics","cross-section",312,6,312,312,4,312,4,0.283929,"200-499","3-5","p3-5_n200-499",FALSE,FALSE,"bid1|age|sex|income","data_clean_pool/Ecdat__NaturalPark.csv","63366c544727e69512f5223f1cb6ff0d1056ca01323ca27168eef1d2959cdccf",FALSE
"Ecdat","OCC1950","Evolution of occupational distribution in the US","https://vincentarelbundock.github.io/Rdatasets/csv/Ecdat/OCC1950.csv","https://vincentarelbundock.github.io/Rdatasets/doc/Ecdat/OCC1950.html","GPL (>= 2)","core","economics","cross-section",281,31,281,281,4,281,4,0.869972,"200-499","3-5","p3-5_n200-499",FALSE,FALSE,"1850|1860|1870|1880","data_clean_pool/Ecdat__OCC1950.csv","f4bd3897b36b6cbb1e0c04cb326d691cac4b7980e67a0d8727c73d8e86706d28",FALSE
"HLMdiag","ahd","Methylprednisolone data","https://vincentarelbundock.github.io/Rdatasets/csv/HLMdiag/ahd.csv","https://vincentarelbundock.github.io/Rdatasets/doc/HLMdiag/ahd.html","GPL-2","core","education","panel",330,4,330,288,4,288,4,0.667106,"200-499","3-5","p3-5_n200-499",FALSE,FALSE,"treatment|week|sbvalue|baseline","data_clean_pool/HLMdiag__ahd.csv","e7e3e49f64fb33e903ceab002eea145cb124a95302c60adbd7d6bb780e116f32",FALSE
"crimedatasets","Suicide_Germany_df","Suicide Rates in Germany","https://vincentarelbundock.github.io/Rdatasets/csv/crimedatasets/Suicide_Germany_df.csv","https://vincentarelbundock.github.io/Rdatasets/doc/crimedatasets/Suicide_Germany_df.html","GPL-3","core","criminology","cross-section",306,3,306,306,3,306,3,0.168396,"200-499","3-5","p3-5_n200-499",FALSE,FALSE,"Freq|sex|age","data_clean_pool/crimedatasets__Suicide_Germany_df.csv","6f5ee13426bbb2dc8b048ff2be2b5bc47ddb0d37ded6e41bd74d1f3468baab71",FALSE
"experimentr","frijters","Data from ""Roommate effects in health outcomes""","https://vincentarelbundock.github.io/Rdatasets/csv/experimentr/frijters.csv","https://vincentarelbundock.github.io/Rdatasets/doc/experimentr/frijters.html","MIT + file LICENSE","core","social_science","cross-section",214,3,214,214,3,214,3,0.808053,"200-499","3-5","p3-5_n200-499",FALSE,FALSE,"Roommate_BMI|Past_BMI|Current_BMI","data_clean_pool/experimentr__frijters.csv","13ef1871d51ebf512fff2c659495d256ce572cfdcd90772ef1527390d4b3ba9c",FALSE
"mlmRev","Early","Early childhood intervention study","https://vincentarelbundock.github.io/Rdatasets/csv/mlmRev/Early.csv","https://vincentarelbundock.github.io/Rdatasets/doc/mlmRev/Early.html","GPL (>= 2)","core","education","cross-section",309,3,309,309,3,309,3,0.472958,"200-499","3-5","p3-5_n200-499",FALSE,FALSE,"cog|age|trt","data_clean_pool/mlmRev__Early.csv","d15f44b5b0984bbc8556ed82f9b2f1dee51e424bd1d7579928a63ded62d9f88b",TRUE
"mlmRev","Mmmec","Malignant melanoma deaths in Europe","https://vincentarelbundock.github.io/Rdatasets/csv/mlmRev/Mmmec.csv","https://vincentarelbundock.github.io/Rdatasets/doc/mlmRev/Mmmec.html","GPL (>= 2)","core","education","cross-section",354,3,354,354,4,354,4,0.871421,"200-499","3-5","p3-5_n200-499",FALSE,FALSE,"region|deaths|expected|uvb","data_clean_pool/mlmRev__Mmmec.csv","dedeaefaa40d50eeff8653f39c5355cc97942822db1eb45aa87ce712750732ed",FALSE
"wooldridge","audit","audit","https://vincentarelbundock.github.io/Rdatasets/csv/wooldridge/audit.csv","https://vincentarelbundock.github.io/Rdatasets/doc/wooldridge/audit.html","GPL-3","core","economics","cross-section",241,3,241,241,3,241,3,0.622735,"200-499","3-5","p3-5_n200-499",FALSE,FALSE,"w|b|y","data_clean_pool/wooldridge__audit.csv","4cacf98162acfa5482a99860cb159088bc3f0fe453cd69f333e2120349d39f81",TRUE
"Ecdat","Capm","Stock Market Data","https://vincentarelbundock.github.io/Rdatasets/csv/Ecdat/Capm.csv","https://vincentarelbundock.github.io/Rdatasets/doc/Ecdat/Capm.html","GPL (>= 2)","core","economics","cross-section",516,5,516,516,5,516,5,0.896139,"500-999","3-5","p3-5_n500-999",FALSE,FALSE,"rfood|rdur|rcon|rmrf|rf","data_clean_pool/Ecdat__Capm.csv","78abf5ace390ecff3a8266c885fdf463b52d87f782f656a4c55d94d83e0e4aa3",FALSE
"Ecdat","Cigarette","The Cigarette Consumption Panel Data Set","https://vincentarelbundock.github.io/Rdatasets/csv/Ecdat/Cigarette.csv","https://vincentarelbundock.github.io/Rdatasets/doc/Ecdat/Cigarette.html","GPL (>= 2)","core","economics","panel",528,8,528,528,5,528,5,0.846341,"500-999","3-5","p3-5_n500-999",FALSE,FALSE,"year|pop|packpc|tax|avgprs","data_clean_pool/Ecdat__Cigarette.csv","2bd630794133d410b2c47f8daea0608ab31e5c34ace75cda283317ec0a6b21d4",TRUE
"Ecdat","Labour","Belgian Firms","https://vincentarelbundock.github.io/Rdatasets/csv/Ecdat/Labour.csv","https://vincentarelbundock.github.io/Rdatasets/doc/Ecdat/Labour.html","GPL (>= 2)","core","economics","cross-section",569,4,569,569,3,569,3,0.848486,"500-999","3-5","p3-5_n500-999",FALSE,FALSE,"capital|labour|wage","data_clean_pool/Ecdat__Labour.csv","d6cce63709ade936940c9c4365c72e143c7d9cd940f25c6097981cdab245bb54",FALSE
"Ecdat","Produc","Us States Production","https://vincentarelbundock.github.io/Rdatasets/csv/Ecdat/Produc.csv","https://vincentarelbundock.github.io/Rdatasets/doc/Ecdat/Produc.html","GPL (>= 2)","core","economics","panel",816,9,816,816,4,816,4,0.864792,"500-999","3-5","p3-5_n500-999",FALSE,FALSE,"year|pcap|pc|unemp","data_clean_pool/Ecdat__Produc.csv","f47c7a8200adb94a33bd4fedc8cb1bba5e3134e329b34b0d2333b0c6c0a76292",TRUE
"HLMdiag","radon","Radon data","https://vincentarelbundock.github.io/Rdatasets/csv/HLMdiag/radon.csv","https://vincentarelbundock.github.io/Rdatasets/doc/HLMdiag/radon.html","GPL-2","core","education","cross-section",919,5,919,919,4,919,4,0.321959,"500-999","3-5","p3-5_n500-999",FALSE,FALSE,"log.radon|basement|uranium|county","data_clean_pool/HLMdiag__radon.csv","7db884760c1c1ec535d171d523545ca20471e944090ff4933db4bfc4371a429f",FALSE
"experimentr","easton","Data from ""The Democracy of Dating: How Political Affiliations Shape Relationship Formation""","https://vincentarelbundock.github.io/Rdatasets/csv/experimentr/easton.csv","https://vincentarelbundock.github.io/Rdatasets/doc/experimentr/easton.html","MIT + file LICENSE","core","social_science","cross-section",725,5,725,725,5,725,5,0.119808,"500-999","3-5","p3-5_n500-999",FALSE,FALSE,"attractiveness_score|age|male|republican|treatment_republican_profile","data_clean_pool/experimentr__easton.csv","e2b975d5cb812099c186a51223e6d1d2de945aff5ae27ae1d4b43a3c5e7bb9e9",TRUE
"mediation","school","School-level data","https://vincentarelbundock.github.io/Rdatasets/csv/mediation/school.csv","https://vincentarelbundock.github.io/Rdatasets/doc/mediation/school.html","GPL (>= 2)","core","psychology","cross-section",568,5,568,568,4,568,4,0.503369,"500-999","3-5","p3-5_n500-999",FALSE,FALSE,"coed|smorale|free|catholic","data_clean_pool/mediation__school.csv","b6a7009b09c41cab10b07d44455b300e07d2fca249df151f41845c7779acb5a6",TRUE
"AER","CPSSW04","Stock and Watson CPS Data Sets","https://vincentarelbundock.github.io/Rdatasets/csv/AER/CPSSW04.csv","https://vincentarelbundock.github.io/Rdatasets/doc/AER/CPSSW04.html","GPL-2 | GPL-3","core","economics","cross-section",7986,4,7986,7986,4,1999,4,0.388507,"1000-1999","3-5","p3-5_n1000-1999",TRUE,FALSE,"earnings|degree|gender|age","data_clean_pool/AER__CPSSW04.csv","737378972755819ed9077c8c8f20434a7c8cb18a18f4bb3ce52783cfccac245a",TRUE
"AER","CPSSW8","Stock and Watson CPS Data Sets","https://vincentarelbundock.github.io/Rdatasets/csv/AER/CPSSW8.csv","https://vincentarelbundock.github.io/Rdatasets/doc/AER/CPSSW8.html","GPL-2 | GPL-3","core","economics","cross-section",61395,4,61395,61395,4,1999,4,0.412056,"1000-1999","3-5","p3-5_n1000-1999",TRUE,FALSE,"earnings|gender|age|education","data_clean_pool/AER__CPSSW8.csv","a4833f5bfbf71e026d6b4ed0127465231be655443c3ba1f3c29ea6af16de3ad4",FALSE
"AER","CPSSW9204","Stock and Watson CPS Data Sets","https://vincentarelbundock.github.io/Rdatasets/csv/AER/CPSSW9204.csv","https://vincentarelbundock.github.io/Rdatasets/doc/AER/CPSSW9204.html","GPL-2 | GPL-3","core","economics","cross-section",15588,5,15588,15588,5,1999,5,0.358235,"1000-1999","3-5","p3-5_n1000-1999",TRUE,FALSE,"year|earnings|degree|gender|age","data_clean_pool/AER__CPSSW9204.csv","0bb71a23406ab209526d6431396effd7a85d3c72a10e782c69179d8428525663",FALSE
"AER","Municipalities","Municipal Expenditure Data","https://vincentarelbundock.github.io/Rdatasets/csv/AER/Municipalities.csv","https://vincentarelbundock.github.io/Rdatasets/doc/AER/Municipalities.html","GPL-2 | GPL-3","core","economics","cross-section",2385,3,2385,2385,5,1999,5,0.877647,"1000-1999","3-5","p3-5_n1000-1999",TRUE,FALSE,"municipality|year|expenditures|revenues|grants","data_clean_pool/AER__Municipalities.csv","21990e1415b9ff34165b61d8e094729d13b1d5196427a0229252fed4937361da",FALSE
"Ecdat","Bwages","Wages in Belgium","https://vincentarelbundock.github.io/Rdatasets/csv/Ecdat/Bwages.csv","https://vincentarelbundock.github.io/Rdatasets/doc/Ecdat/Bwages.html","GPL (>= 2)","core","economics","cross-section",1472,3,1472,1472,3,1472,3,0.389781,"1000-1999","3-5","p3-5_n1000-1999",FALSE,FALSE,"wage|educ|exper","data_clean_pool/Ecdat__Bwages.csv","58787374bdaf0731cc49800a1d084f20c5b07ba57f189cff0d18ee92d9659dfa",FALSE
"Ecdat","CPSch3","Earnings from the Current Population Survey","https://vincentarelbundock.github.io/Rdatasets/csv/Ecdat/CPSch3.csv","https://vincentarelbundock.github.io/Rdatasets/doc/Ecdat/CPSch3.html","GPL (>= 2)","core","economics","cross-section",11130,3,11130,11130,3,1999,3,0.166583,"1000-1999","3-5","p3-5_n1000-1999",TRUE,FALSE,"year|ahe|sex","data_clean_pool/Ecdat__CPSch3.csv","4f2fefc2837f2d40dd8554e0ef6f437731e6b5cb99f15d1c59ce02ee25db61a2",FALSE
"Ecdat","Ketchup","Choice of Brand for Ketchup","https://vincentarelbundock.github.io/Rdatasets/csv/Ecdat/Ketchup.csv","https://vincentarelbundock.github.io/Rdatasets/doc/Ecdat/Ketchup.html","GPL (>= 2)","core","economics","cross-section",4956,6,4956,4956,5,1999,5,0.134277,"1000-1999","3-5","p3-5_n1000-1999",TRUE,FALSE,"Ketchup.hid|price.heinz|price.hunts|price.delmonte|price.stb","data_clean_pool/Ecdat__Ketchup.csv","d1dd4fd7ef256d00ef0a6197420927c0dcbbbb0ba5363e24ac646f3d51cd8781",FALSE
"Ecdat","Wages1","Wages, Experience and Schooling","https://vincentarelbundock.github.io/Rdatasets/csv/Ecdat/Wages1.csv","https://vincentarelbundock.github.io/Rdatasets/doc/Ecdat/Wages1.html","GPL (>= 2)","core","economics","cross-section",3294,4,3294,3294,4,1999,4,0.281262,"1000-1999","3-5","p3-5_n1000-1999",TRUE,FALSE,"exper|sex|school|wage","data_clean_pool/Ecdat__Wages1.csv","7e776d69e0fe7afc2bd3d603b741a24f87868e5adc2d29f10bd492ceb3f9b792",TRUE
"causaldata","credit_cards","Data on Taiwanese Credit Card Holders","https://vincentarelbundock.github.io/Rdatasets/csv/causaldata/credit_cards.csv","https://vincentarelbundock.github.io/Rdatasets/doc/causaldata/credit_cards.html","MIT + file LICENSE","core","social_science","cross-section",30000,4,30000,30000,4,1999,4,0.310757,"1000-1999","3-5","p3-5_n1000-1999",TRUE,FALSE,"LateSept|LateApril|BillApril|AGE","data_clean_pool/causaldata__credit_cards.csv","55a647152936617a1aa1f360766b5b0eeff8df10b7fcb5f2f954019bebe051db",FALSE
"causaldata","gov_transfers","Data from ""Government Transfers and Political Support""","https://vincentarelbundock.github.io/Rdatasets/csv/causaldata/gov_transfers.csv","https://vincentarelbundock.github.io/Rdatasets/doc/causaldata/gov_transfers.html","MIT + file LICENSE","core","social_science","cross-section",1948,5,1948,1897,5,1897,5,0.872063,"1000-1999","3-5","p3-5_n1000-1999",FALSE,FALSE,"Income_Centered|Education|Age|Participation|Support","data_clean_pool/causaldata__gov_transfers.csv","e60bef78474a1d180ef85fa22c46ce857ad70f93233cdf8c11401b9b110f7f11",FALSE
"causaldata","mortgages","Data from ""How do Mortgage Subsidies Affect Home Ownership? Evidence from the Mid-Century GI Bills""","https://vincentarelbundock.github.io/Rdatasets/csv/causaldata/mortgages.csv","https://vincentarelbundock.github.io/Rdatasets/doc/causaldata/mortgages.html","MIT + file LICENSE","core","social_science","cross-section",214144,6,214144,214144,5,1999,5,0.537677,"1000-1999","3-5","p3-5_n1000-1999",TRUE,FALSE,"qob|nonwhite|vet_wwko|home_ownership|qob_minus_kw","data_clean_pool/causaldata__mortgages.csv","f78be77772f0b3c9b988c135b8bce7843232f4851bf92e82d0ecc142f0a844cc",FALSE
"causaldata","restaurant_inspections","Data on Restaurant Inspections","https://vincentarelbundock.github.io/Rdatasets/csv/causaldata/restaurant_inspections.csv","https://vincentarelbundock.github.io/Rdatasets/doc/causaldata/restaurant_inspections.html","MIT + file LICENSE","core","social_science","cross-section",27178,5,27178,27178,4,1999,4,0.234143,"1000-1999","3-5","p3-5_n1000-1999",TRUE,FALSE,"inspection_score|Year|NumberofLocations|Weekend","data_clean_pool/causaldata__restaurant_inspections.csv","3a389f74c554bcc27c827a8acd0c9dc65d358f2674c22c7a8b23ba816d7c5437",FALSE
"causaldata","scorecard","Earnings and Loan Repayment in US Four-Year Colleges","https://vincentarelbundock.github.io/Rdatasets/csv/causaldata/scorecard.csv","https://vincentarelbundock.github.io/Rdatasets/doc/causaldata/scorecard.html","MIT + file LICENSE","core","social_science","cross-section",48445,6,48445,31190,5,1999,5,0.617041,"1000-1999","3-5","p3-5_n1000-1999",TRUE,FALSE,"unitid|pred_degree_awarded_ipeds|year|earnings_med|count_not_working","data_clean_pool/causaldata__scorecard.csv","869cce43374713786f8e09a63f1f43427da99ddc9c629c623424d10e078e7f40",FALSE
"causaldata","titanic","Data from the sinking of the Titanic","https://vincentarelbundock.github.io/Rdatasets/csv/causaldata/titanic.csv","https://vincentarelbundock.github.io/Rdatasets/doc/causaldata/titanic.html","MIT + file LICENSE","core","social_science","cross-section",2201,4,2201,2201,4,1999,4,0.444787,"1000-1999","3-5","p3-5_n1000-1999",TRUE,FALSE,"class|age|sex|survived","data_clean_pool/causaldata__titanic.csv","ad4bf77cf06ffc2d68e13def5a9f083e7c01f876fef977672cefe8f35900f597",FALSE
"crimedatasets","camden_crimes_df","Crime Records of Camden Borough, UK","https://vincentarelbundock.github.io/Rdatasets/csv/crimedatasets/camden_crimes_df.csv","https://vincentarelbundock.github.io/Rdatasets/doc/crimedatasets/camden_crimes_df.html","GPL-3","core","criminology","cross-section",4578,3,4578,4578,3,1999,3,0.669549,"1000-1999","3-5","p3-5_n1000-1999",TRUE,FALSE,"x|y|type","data_clean_pool/crimedatasets__camden_crimes_df.csv","1cb9babb7291f058dbdb169012a65decf699d42b107d5f95be4dddbc59962c70",FALSE
"crimedatasets","police_shootings_tbl_df","Fatal Police Shootings data","https://vincentarelbundock.github.io/Rdatasets/csv/crimedatasets/police_shootings_tbl_df.csv","https://vincentarelbundock.github.io/Rdatasets/doc/crimedatasets/police_shootings_tbl_df.html","GPL-3","core","criminology","panel",6421,7,6421,6135,5,1999,5,0.131771,"1000-1999","3-5","p3-5_n1000-1999",TRUE,FALSE,"manner_of_death|age|gender|signs_of_mental_illness|body_camera","data_clean_pool/crimedatasets__police_shootings_tbl_df.csv","fd25853ec4b0549bb4b42b17820e179a9f5db14c162d0b025a81ed454b31a833",FALSE
"crimedatasets","vehiclethefts_tbl_df","NYC Vehicle Thefts (2014-2017)","https://vincentarelbundock.github.io/Rdatasets/csv/crimedatasets/vehiclethefts_tbl_df.csv","https://vincentarelbundock.github.io/Rdatasets/doc/crimedatasets/vehiclethefts_tbl_df.html","GPL-3","core","criminology","cross-section",35746,3,35746,35746,3,1999,3,0.532836,"1000-1999","3-5","p3-5_n1000-1999",TRUE,FALSE,"longitude|latitude|census_block","data_clean_pool/crimedatasets__vehiclethefts_tbl_df.csv","9c0567e3dc8802dd4405ae76244ac65d5aaeafe3876aa041a3158fa229c0e881",FALSE
"experimentr","barber","Data from ""Does Party Trump Ideology? Disentangling Party and Ideology in America""","https://vincentarelbundock.github.io/Rdatasets/csv/experimentr/barber.csv","https://vincentarelbundock.github.io/Rdatasets/doc/experimentr/barber.html","MIT + file LICENSE","core","social_science","cross-section",1300,3,1300,1198,3,1198,3,0.261788,"1000-1999","3-5","p3-5_n1000-1999",FALSE,FALSE,"Support|condition|republican","data_clean_pool/experimentr__barber.csv","e57a5626784802695783bf195bb758a4d8dc345b88cb144c738ec6041505ebb0",FALSE
"gapminder","gapminder_unfiltered","Gapminder data, unfiltered.","https://vincentarelbundock.github.io/Rdatasets/csv/gapminder/gapminder_unfiltered.csv","https://vincentarelbundock.github.io/Rdatasets/doc/gapminder/gapminder_unfiltered.html","CC0","core","demography","panel",3313,4,3313,3313,4,1999,4,0.622137,"1000-1999","3-5","p3-5_n1000-1999",TRUE,FALSE,"year|lifeExp|pop|gdpPercap","data_clean_pool/gapminder__gapminder_unfiltered.csv","942d33131d250099f79bee3044fb2b223a782c91b9df21827b35f4d8a9fb838d",FALSE
"mlmRev","Chem97","Scores on A-level Chemistry in 1997","https://vincentarelbundock.github.io/Rdatasets/csv/mlmRev/Chem97.csv","https://vincentarelbundock.github.io/Rdatasets/doc/mlmRev/Chem97.html","GPL (>= 2)","core","education","cross-section",31022,5,31022,31022,5,1999,5,0.662737,"1000-1999","3-5","p3-5_n1000-1999",TRUE,FALSE,"lea|score|gender|age|gcsescore","data_clean_pool/mlmRev__Chem97.csv","70217049483ab03a278a502e1c8cfe15564a5e7cffa456e520c09dac749265e6",FALSE
"mlmRev","Contraception","Contraceptive use in Bangladesh","https://vincentarelbundock.github.io/Rdatasets/csv/mlmRev/Contraception.csv","https://vincentarelbundock.github.io/Rdatasets/doc/mlmRev/Contraception.html","GPL (>= 2)","core","education","cross-section",1934,3,1934,1934,4,1934,4,0.161956,"1000-1999","3-5","p3-5_n1000-1999",FALSE,FALSE,"district|use|age|urban","data_clean_pool/mlmRev__Contraception.csv","b55dc1209f198d63d66517f48b48359b058405f609ec67e1893fcbad271f6d09",FALSE
"mlmRev","Gcsemv","GCSE exam score","https://vincentarelbundock.github.io/Rdatasets/csv/mlmRev/Gcsemv.csv","https://vincentarelbundock.github.io/Rdatasets/doc/mlmRev/Gcsemv.html","GPL (>= 2)","core","education","cross-section",1905,3,1905,1523,5,1523,5,0.474171,"1000-1999","3-5","p3-5_n1000-1999",FALSE,FALSE,"school|student|gender|written|course","data_clean_pool/mlmRev__Gcsemv.csv","32d5b2bd4afa64b07ccc461165f74bf917c2bea68b8c65f12657d7db47dec0eb",FALSE
"pscl","presidentialElections","elections for U.S. President, 1932-2016, by state","https://vincentarelbundock.github.io/Rdatasets/csv/pscl/presidentialElections.csv","https://vincentarelbundock.github.io/Rdatasets/doc/pscl/presidentialElections.html","GPL-2","core","political_science","panel",1097,4,1097,1097,3,1097,3,0.297879,"1000-1999","3-5","p3-5_n1000-1999",FALSE,FALSE,"demVote|year|south","data_clean_pool/pscl__presidentialElections.csv","9072f9261668b7bba1ac6e03f3a84298fe5617dc1e64c0f45eb5985f90b63775",FALSE
"psych","lsat6 (bock)","Bock and Liberman (1970) data set of 1000 observations of the LSAT","https://vincentarelbundock.github.io/Rdatasets/csv/psych/lsat6.csv","https://vincentarelbundock.github.io/Rdatasets/doc/psych/lsat6.html","GPL (>= 2)","core","psychology","cross-section",1000,5,1000,1000,5,1000,5,0.114789,"1000-1999","3-5","p3-5_n1000-1999",FALSE,FALSE,"Q1|Q2|Q3|Q4|Q5","data_clean_pool/psych__lsat6.csv","128e5546a2dfdb45cddcce68bf1968c5030dfc228bc39e1a69bab443419c0d68",TRUE
"stevedata","chile88","Voting Intentions in the 1988 Chilean Plebiscite","https://vincentarelbundock.github.io/Rdatasets/csv/stevedata/chile88.csv","https://vincentarelbundock.github.io/Rdatasets/doc/stevedata/chile88.html","GPL-2","core","political_science","cross-section",2700,6,2700,2590,5,1999,5,0.229079,"1000-1999","3-5","p3-5_n1000-1999",TRUE,FALSE,"pop|sex|age|income|sq","data_clean_pool/stevedata__chile88.csv","482b0e90e4f2f6652ac706f07c5d7d7501153b7a3d692218f2256201d9e9758e",FALSE
"stevedata","coffee_imports","Coffee Imports for Select Importing Countries","https://vincentarelbundock.github.io/Rdatasets/csv/stevedata/coffee_imports.csv","https://vincentarelbundock.github.io/Rdatasets/doc/stevedata/coffee_imports.html","GPL-2","core","political_science","panel",4282,5,4282,4074,4,1999,4,0.415572,"1000-1999","3-5","p3-5_n1000-1999",TRUE,FALSE,"member|year|value|pop","data_clean_pool/stevedata__coffee_imports.csv","05f3ea7e0c46e12c2843de54fd22788d84de773900aa44af9e6e5f7885ba5b2a",FALSE
"stevedata","eq_passengercars","Export Quality Data for Passenger Cars, 1963-2014","https://vincentarelbundock.github.io/Rdatasets/csv/stevedata/eq_passengercars.csv","https://vincentarelbundock.github.io/Rdatasets/doc/stevedata/eq_passengercars.html","GPL-2","core","political_science","panel",60424,3,60424,41545,3,1999,3,0.042081,"1000-1999","3-5","p3-5_n1000-1999",TRUE,FALSE,"ccode|year|value","data_clean_pool/stevedata__eq_passengercars.csv","eaad71298ca1b65ef520d67b156a49f719e90e764a4cfdef0c18cca581c0c4a5",FALSE
"stevedata","usa_migration","U.S. Inbound/Outbound Migration Data, 1990-2017","https://vincentarelbundock.github.io/Rdatasets/csv/stevedata/usa_migration.csv","https://vincentarelbundock.github.io/Rdatasets/doc/stevedata/usa_migration.html","GPL-2","core","political_science","panel",3535,3,3535,2455,3,1999,3,0.097014,"1000-1999","3-5","p3-5_n1000-1999",TRUE,FALSE,"year|category|count","data_clean_pool/stevedata__usa_migration.csv","d959d53bf0c725c7d99eb5753861525abe47ec13f457d0970ddba812862e8c69",FALSE
"stevedata","wbd_example","A Simple Panel drawn from World Bank Open Data","https://vincentarelbundock.github.io/Rdatasets/csv/stevedata/wbd_example.csv","https://vincentarelbundock.github.io/Rdatasets/doc/stevedata/wbd_example.html","GPL-2","core","political_science","panel",4537,4,4537,4117,3,1999,3,0.587896,"1000-1999","3-5","p3-5_n1000-1999",TRUE,FALSE,"year|rgdppc|lifeexp","data_clean_pool/stevedata__wbd_example.csv","7bebf8d8837f2f97c8f94023b8fa2accd2c25ddd540b3fe71554921f9e680769",FALSE
"stevedata","wvs_immig","Attitudes about Immigration in the World Values Survey","https://vincentarelbundock.github.io/Rdatasets/csv/stevedata/wvs_immig.csv","https://vincentarelbundock.github.io/Rdatasets/doc/stevedata/wvs_immig.html","GPL-2","core","political_science","cross-section",310388,5,310388,185279,3,1999,3,0.043816,"1000-1999","3-5","p3-5_n1000-1999",TRUE,FALSE,"s002|s003|e143","data_clean_pool/stevedata__wvs_immig.csv","1b02679e29f2964b0b678b2e79d045b3efc0553f57fe71bcd3a75d29b2710429",TRUE
"stevedata","wvs_justifbribe","Attitudes about the Justifiability of Bribe-Taking in the World Values Survey","https://vincentarelbundock.github.io/Rdatasets/csv/stevedata/wvs_justifbribe.csv","https://vincentarelbundock.github.io/Rdatasets/doc/stevedata/wvs_justifbribe.html","GPL-2","core","political_science","cross-section",348532,5,348532,333000,3,1999,3,0.080456,"1000-1999","3-5","p3-5_n1000-1999",TRUE,FALSE,"s002|s003|f117","data_clean_pool/stevedata__wvs_justifbribe.csv","be393d8bd604ef4e346c09a252495d238ff762873c51d1aaf32372bff1d9f1c7",FALSE
"wooldridge","census2000","census2000","https://vincentarelbundock.github.io/Rdatasets/csv/wooldridge/census2000.csv","https://vincentarelbundock.github.io/Rdatasets/doc/wooldridge/census2000.html","GPL-3","core","economics","cross-section",29501,5,29501,29501,4,1999,4,0.255688,"1000-1999","3-5","p3-5_n1000-1999",TRUE,FALSE,"puma|educ|lweekinc|exper","data_clean_pool/wooldridge__census2000.csv","c896c397b655da87469c1efc90586d759964310c1e80d5167bdba70393eb183d",FALSE
"AER","Electricity1955","Cost Function of Electricity Producers (1955, Nerlove Data)","https://vincentarelbundock.github.io/Rdatasets/csv/AER/Electricity1955.csv","https://vincentarelbundock.github.io/Rdatasets/doc/AER/Electricity1955.html","GPL-2 | GPL-3","core","economics","cross-section",159,8,159,159,7,159,7,0.923705,"30-199","6-10","p6-10_n30-199",FALSE,FALSE,"cost|labor|laborshare|capital|capitalshare|fuel|fuelshare","data_clean_pool/AER__Electricity1955.csv","a1bb391a820624770a6e25f9622c93fa81cf73dbde59d59699fbe6f0466d3b89",FALSE
"AER","GrowthDJ","Determinants of Economic Growth","https://vincentarelbundock.github.io/Rdatasets/csv/AER/GrowthDJ.csv","https://vincentarelbundock.github.io/Rdatasets/doc/AER/GrowthDJ.html","GPL-2 | GPL-3","core","economics","cross-section",121,10,121,100,10,100,9,0.812373,"30-199","6-10","p6-10_n30-199",FALSE,FALSE,"inter|oecd|gdp60|gdp85|gdpgrowth|popgrowth|invest|school|literacy60","data_clean_pool/AER__GrowthDJ.csv","dc1df30d7dc78dbb33b88de7f3afdd4479a9e778405631b4c15d67609dce3d56",FALSE
"AER","GrowthSW","Determinants of Economic Growth","https://vincentarelbundock.github.io/Rdatasets/csv/AER/GrowthSW.csv","https://vincentarelbundock.github.io/Rdatasets/doc/AER/GrowthSW.html","GPL-2 | GPL-3","core","economics","cross-section",65,6,65,65,6,65,6,0.821148,"30-199","6-10","p6-10_n30-199",FALSE,FALSE,"growth|rgdp60|tradeshare|education|revolutions|assassinations","data_clean_pool/AER__GrowthSW.csv","7fff8d4c698f1506fbc3c9a6c3c5538a3adffa51f52aa80f294788f742ae249e",FALSE
"AER","Journals","Economics Journal Subscription Data","https://vincentarelbundock.github.io/Rdatasets/csv/AER/Journals.csv","https://vincentarelbundock.github.io/Rdatasets/doc/AER/Journals.html","GPL-2 | GPL-3","core","economics","cross-section",180,7,180,180,7,180,7,0.584699,"30-199","6-10","p6-10_n30-199",FALSE,FALSE,"society|price|pages|charpp|citations|foundingyear|subs","data_clean_pool/AER__Journals.csv","43f44dfc2b0b074913b67f9166c6e54ea322f08d105356785494d245e2612ee9",FALSE
"AER","MurderRates","Determinants of Murder Rates in the United States","https://vincentarelbundock.github.io/Rdatasets/csv/AER/MurderRates.csv","https://vincentarelbundock.github.io/Rdatasets/doc/AER/MurderRates.html","GPL-2 | GPL-3","core","economics","cross-section",44,8,44,44,8,44,8,0.766665,"30-199","6-10","p6-10_n30-199",FALSE,FALSE,"rate|convictions|executions|time|income|lfp|noncauc|southern","data_clean_pool/AER__MurderRates.csv","58f7c9d56f90e4e0d1b293a1ba8b77d8955ebd3602208f2c5b3410745251d907",FALSE
"AER","NaturalGas","Natural Gas Data","https://vincentarelbundock.github.io/Rdatasets/csv/AER/NaturalGas.csv","https://vincentarelbundock.github.io/Rdatasets/doc/AER/NaturalGas.html","GPL-2 | GPL-3","core","economics","panel",138,7,138,138,8,138,8,0.935463,"30-199","6-10","p6-10_n30-199",FALSE,FALSE,"statecode|year|consumption|price|eprice|oprice|heating|income","data_clean_pool/AER__NaturalGas.csv","3ed570816bf1b5aa9e849b88655edb00dde562a16be404140910b26df927bb6c",FALSE
"AER","SportsCards","Endowment Effect for Sports Cards","https://vincentarelbundock.github.io/Rdatasets/csv/AER/SportsCards.csv","https://vincentarelbundock.github.io/Rdatasets/doc/AER/SportsCards.html","GPL-2 | GPL-3","core","economics","cross-section",148,7,148,148,7,148,7,0.455055,"30-199","6-10","p6-10_n30-199",FALSE,FALSE,"good|dealer|permonth|years|gender|age|trade","data_clean_pool/AER__SportsCards.csv","7f891205b0f055a4af46fb63021deb0a4b107fdfee90c85250bf49e67b8e6e7c",FALSE
"AER","USAirlines","Cost Data for US Airlines","https://vincentarelbundock.github.io/Rdatasets/csv/AER/USAirlines.csv","https://vincentarelbundock.github.io/Rdatasets/doc/AER/USAirlines.html","GPL-2 | GPL-3","core","economics","panel",90,4,90,90,6,90,6,0.931188,"30-199","6-10","p6-10_n30-199",FALSE,FALSE,"firm|year|output|cost|price|load","data_clean_pool/AER__USAirlines.csv","00d73520db839964c4f6c89d920e245e2661c42da7fbff5a3f292b9a44ec2b10",FALSE
"Ecdat","Airline","Cost for U.S. Airlines","https://vincentarelbundock.github.io/Rdatasets/csv/Ecdat/Airline.csv","https://vincentarelbundock.github.io/Rdatasets/doc/Ecdat/Airline.html","GPL (>= 2)","core","economics","cross-section",90,6,90,90,6,90,6,0.931188,"30-199","6-10","p6-10_n30-199",FALSE,FALSE,"airline|year|cost|output|pf|lf","data_clean_pool/Ecdat__Airline.csv","cf7fc967a8d836ec7fae1e62379c6b273e68ba78ed09c9294a12593f4747e572",FALSE
"Ecdat","Electricity","Cost Function for Electricity Producers","https://vincentarelbundock.github.io/Rdatasets/csv/Ecdat/Electricity.csv","https://vincentarelbundock.github.io/Rdatasets/doc/Ecdat/Electricity.html","GPL (>= 2)","core","economics","cross-section",158,8,158,158,7,158,7,0.715311,"30-199","6-10","p6-10_n30-199",FALSE,FALSE,"cost|pl|sl|pk|sk|pf|sf","data_clean_pool/Ecdat__Electricity.csv","ab9305e92d76a46a3f6229b576488764d66c6cc6a8a05422744f4f646782e6c1",TRUE
"Ecdat","Journals","Economic Journals Data Set","https://vincentarelbundock.github.io/Rdatasets/csv/Ecdat/Journals.csv","https://vincentarelbundock.github.io/Rdatasets/doc/Ecdat/Journals.html","GPL (>= 2)","core","economics","cross-section",180,7,180,180,7,180,7,0.584699,"30-199","6-10","p6-10_n30-199",FALSE,FALSE,"society|libprice|pages|charpp|citestot|date1|oclc","data_clean_pool/Ecdat__Journals.csv","97002ed7421c616abb81bd00ad603815aa6f3c7d8f3e3a025e6dbb884fe99b9c",FALSE
"Ecdat","Nerlove","Cost Function for Electricity Producers, 1955","https://vincentarelbundock.github.io/Rdatasets/csv/Ecdat/Nerlove.csv","https://vincentarelbundock.github.io/Rdatasets/doc/Ecdat/Nerlove.html","GPL (>= 2)","core","economics","cross-section",159,8,159,159,7,159,7,0.923705,"30-199","6-10","p6-10_n30-199",FALSE,FALSE,"cost|pl|sl|pk|sk|pf|sf","data_clean_pool/Ecdat__Nerlove.csv","1a6a9fb554b6b3ebca000572e4e0b1ae2506c6381c57fd00b60b40aa355a8d11",TRUE
"Ecdat","Oil","Oil Investment","https://vincentarelbundock.github.io/Rdatasets/csv/Ecdat/Oil.csv","https://vincentarelbundock.github.io/Rdatasets/doc/Ecdat/Oil.html","GPL (>= 2)","core","economics","cross-section",53,11,53,53,9,53,9,0.937831,"30-199","6-10","p6-10_n30-199",FALSE,FALSE,"dur|size|waterd|gasres|operator|p|vardp|p97|varp97","data_clean_pool/Ecdat__Oil.csv","dfa7126d517d0d7861ffb37a02c8ccaab1657ca29a320f640ac61989b792ce65",FALSE
"crimedatasets","crimestatewide_tbl_df","Annual Crime Dataset of US Counties","https://vincentarelbundock.github.io/Rdatasets/csv/crimedatasets/crimestatewide_tbl_df.csv","https://vincentarelbundock.github.io/Rdatasets/doc/crimedatasets/crimestatewide_tbl_df.html","GPL-3","core","criminology","cross-section",51,8,51,51,8,51,8,0.846877,"30-199","6-10","p6-10_n30-199",FALSE,FALSE,"violent crime rate|murder rate|poverty|high school|college|single parent|unemployed|metropolitan","data_clean_pool/crimedatasets__crimestatewide_tbl_df.csv","1da1493cc768f222e3a2ca432d191a88d7ceac1e52edb68ee43f27cd7b926807",FALSE
"crimedatasets","fraudulent_df","Fraudulent Automobile Insurance Claims","https://vincentarelbundock.github.io/Rdatasets/csv/crimedatasets/fraudulent_df.csv","https://vincentarelbundock.github.io/Rdatasets/doc/crimedatasets/fraudulent_df.html","GPL-3","core","criminology","cross-section",42,12,42,42,12,42,7,0.535253,"30-199","6-10","p6-10_n30-199",FALSE,FALSE,"r1|r2|AC1|CL7|CL11|IJ2|IJ6","data_clean_pool/crimedatasets__fraudulent_df.csv","9bad93d2aa4333e344a2a7c0b825b631aa84809aca8cf4df50ab4e1632c78c45",FALSE
"educationR","gifted_tbl_df","Analytical Skills of Young Gifted Children","https://vincentarelbundock.github.io/Rdatasets/csv/educationR/gifted_tbl_df.csv","https://vincentarelbundock.github.io/Rdatasets/doc/educationR/gifted_tbl_df.html","GPL-3","core","education","cross-section",36,8,36,36,8,36,8,0.923437,"30-199","6-10","p6-10_n30-199",FALSE,FALSE,"score|fatheriq|motheriq|speak|count|read|edutv|cartoons","data_clean_pool/educationR__gifted_tbl_df.csv","e0766856f730e7593786cb707e6815d45a2eb7b3728ed1473fc9ddfb08a1baba",FALSE
"experimentr","bruneau","Data from ""The power of being heard: The benefits of ‘perspective-giving’ in the context of intergroup conflict""","https://vincentarelbundock.github.io/Rdatasets/csv/experimentr/bruneau.csv","https://vincentarelbundock.github.io/Rdatasets/doc/experimentr/bruneau.html","MIT + file LICENSE","core","social_science","cross-section",123,7,123,122,7,122,7,0.77476,"30-199","6-10","p6-10_n30-199",FALSE,FALSE,"FTar|FTar_1|FTar_2|Average|Average_1|group|condition","data_clean_pool/experimentr__bruneau.csv","c5aa3af5a6af6c1425a6f6cb59c55e5aac7e113ed000903735b4d76aabd43bc5",FALSE
"experimentr","lynn","Data from ""Effect of Server Posture on Restaurant Tipping""","https://vincentarelbundock.github.io/Rdatasets/csv/experimentr/lynn.csv","https://vincentarelbundock.github.io/Rdatasets/doc/experimentr/lynn.html","MIT + file LICENSE","core","social_science","cross-section",148,7,148,148,7,148,7,0.838938,"30-199","6-10","p6-10_n30-199",FALSE,FALSE,"groupsize|bill|tip|daytime|female|crouch|paid_by_credit_card","data_clean_pool/experimentr__lynn.csv","0fbe824527771dd217546f08119b5d635b3e73733a50cd7d5d29941e4c717ad9",FALSE
"experimentr","murrar","Data from ""Entertainment-education effectively reduces prejudice""","https://vincentarelbundock.github.io/Rdatasets/csv/experimentr/murrar.csv","https://vincentarelbundock.github.io/Rdatasets/doc/experimentr/murrar.html","MIT + file LICENSE","core","social_science","cross-section",193,7,193,133,7,133,7,0.896111,"30-199","6-10","p6-10_n30-199",FALSE,FALSE,"white_t0|white_t1|arab_t0|arab_t1|arab_t2|iatT1N|condition","data_clean_pool/experimentr__murrar.csv","2aa4bbe54d7fccba5d00b82779f9d16828eb2dbd2ac88010b8b8106674d10154",FALSE
"psych","Garcia (GSBE)","Data from the sexism (protest) study of Garcia, Schmitt, Branscome, and Ellemers (2010)","https://vincentarelbundock.github.io/Rdatasets/csv/psych/Garcia.csv","https://vincentarelbundock.github.io/Rdatasets/doc/psych/Garcia.html","GPL (>= 2)","core","psychology","cross-section",129,6,129,129,6,129,6,0.862525,"30-199","6-10","p6-10_n30-199",FALSE,FALSE,"protest|sexism|anger|liking|respappr|prot2","data_clean_pool/psych__Garcia.csv","288f62350a31fd568319664b7171c4b63de776adcf0379ec77fb050ac991a3ee",FALSE
"psych","Tal.Or","Data set testing causal direction in presumed media influence","https://vincentarelbundock.github.io/Rdatasets/csv/psych/Tal.Or.csv","https://vincentarelbundock.github.io/Rdatasets/doc/psych/Tal.Or.html","GPL (>= 2)","core","psychology","cross-section",123,6,123,123,6,123,6,0.464777,"30-199","6-10","p6-10_n30-199",FALSE,FALSE,"cond|pmi|import|reaction|gender|age","data_clean_pool/psych__Tal.Or.csv","5a89097c53691543d2dd82b6cfdc864067f8c8ac23d516d9bb43a606264ba13e",FALSE
"psych","bock.table (bock)","Bock and Liberman (1970) data set of 1000 observations of the LSAT","https://vincentarelbundock.github.io/Rdatasets/csv/psych/bock.table.csv","https://vincentarelbundock.github.io/Rdatasets/doc/psych/bock.table.html","GPL (>= 2)","core","psychology","cross-section",32,8,32,32,7,32,7,0.857105,"30-199","6-10","p6-10_n30-199",FALSE,FALSE,"Q1|Q2|Q3|Q4|Q5|Ob6|Ob7","data_clean_pool/psych__bock.table.csv","37a208dba53862d2e72403100a2073477c1231bdd997f5a72c99f5e914d6e353",FALSE
"stevedata","DAPO","Determinants of Arab Public Opinion","https://vincentarelbundock.github.io/Rdatasets/csv/stevedata/DAPO.csv","https://vincentarelbundock.github.io/Rdatasets/doc/stevedata/DAPO.html","GPL-2","core","political_science","cross-section",91,11,91,91,9,91,9,0.85044,"30-199","6-10","p6-10_n30-199",FALSE,FALSE,"affect|capsub|capobj|securtie|export|import|subgdp|islam|west","data_clean_pool/stevedata__DAPO.csv","a60990d3abdb6adbcc43ac70c1b193f733d90c83de156365e7a4f4a9a8340a3b",FALSE
"stevedata","ODGI","Ozone Depleting Gas Index Data, 1992-2022","https://vincentarelbundock.github.io/Rdatasets/csv/stevedata/ODGI.csv","https://vincentarelbundock.github.io/Rdatasets/doc/stevedata/ODGI.html","GPL-2","core","political_science","cross-section",62,16,62,38,7,38,7,0.944704,"30-199","6-10","p6-10_n30-199",FALSE,FALSE,"year|cat|ch3ccl3|halons|hcfcs|odgi_old|odgi_new","data_clean_pool/stevedata__ODGI.csv","fb129c564b701686fd4d9c4e3c0c66c743641b5b2d836d711daaee052d4a1bfc",FALSE
"stevedata","PRDEG","Property Rights, Democracy, and Economic Growth","https://vincentarelbundock.github.io/Rdatasets/csv/stevedata/PRDEG.csv","https://vincentarelbundock.github.io/Rdatasets/doc/stevedata/PRDEG.html","GPL-2","core","political_science","cross-section",147,9,147,147,9,147,9,0.730546,"30-199","6-10","p6-10_n30-199",FALSE,FALSE,"levine|decade|private|rgdp|democ|pri|sec|grow|xcontrol","data_clean_pool/stevedata__PRDEG.csv","27b1cdecb2569ba819d3796e1353b3f1847d8a6cedfaac36916f1d1b5b1538f6",FALSE
"stevedata","Russett64","Inequality and Instability: The Relation of Land Tenure to Politics (Russett, 1964)","https://vincentarelbundock.github.io/Rdatasets/csv/stevedata/Russett64.csv","https://vincentarelbundock.github.io/Rdatasets/doc/stevedata/Russett64.html","GPL-2","core","political_science","cross-section",47,8,47,43,8,43,8,0.939993,"30-199","6-10","p6-10_n30-199",FALSE,FALSE,"gini|perc_farmsh|perc_farmsr|pi|eiw|deaths|gnppc|perc_lfa","data_clean_pool/stevedata__Russett64.csv","264258ea65452ed92b484266baa7124ec4e5409c76f73867ded886d0f0808d3c",FALSE
"stevedata","af_crime93","Statewide Crime Data (1993)","https://vincentarelbundock.github.io/Rdatasets/csv/stevedata/af_crime93.csv","https://vincentarelbundock.github.io/Rdatasets/doc/stevedata/af_crime93.html","GPL-2","core","political_science","cross-section",51,7,51,51,7,51,7,0.886196,"30-199","6-10","p6-10_n30-199",FALSE,FALSE,"violent|murder|poverty|single|metro|white|highschool","data_clean_pool/stevedata__af_crime93.csv","33f6f11a35fee863f4a36305bc1f059b710ab0651038c2e1e7615508ec879dbf",FALSE
"stevedata","election_turnout","State-Level Education and Voter Turnout in 2016","https://vincentarelbundock.github.io/Rdatasets/csv/stevedata/election_turnout.csv","https://vincentarelbundock.github.io/Rdatasets/doc/stevedata/election_turnout.html","GPL-2","core","political_science","cross-section",51,13,51,51,10,51,10,0.804828,"30-199","6-10","p6-10_n30-199",FALSE,FALSE,"turnoutho|perhsed|percoled|gdppercap|ss|trumpw|trumpshare|sunempr|sunempr12md|gdp","data_clean_pool/stevedata__election_turnout.csv","d94bc1098ec5265f71f069694200d4d2a69cf23f907b02cfd5f31fe38781365f",TRUE
"stevedata","illiteracy30","Illiteracy in the Population 10 Years Old and Over, 1930","https://vincentarelbundock.github.io/Rdatasets/csv/stevedata/illiteracy30.csv","https://vincentarelbundock.github.io/Rdatasets/doc/stevedata/illiteracy30.html","GPL-2","core","political_science","cross-section",49,10,49,49,9,49,9,0.94681,"30-199","6-10","p6-10_n30-199",FALSE,FALSE,"pop|pop_il|nwhite|nwhite_il|fpwhite|fpwhite_il|fbwhite_il|black|black_il","data_clean_pool/stevedata__illiteracy30.csv","7462d996bf88cb0c9301d466186e21e6a1ea4cfc9053a5ec2ba382296194143f",FALSE
"stevedata","postcol_growth","Post-Colonial Growth in the African Continent","https://vincentarelbundock.github.io/Rdatasets/csv/stevedata/postcol_growth.csv","https://vincentarelbundock.github.io/Rdatasets/doc/stevedata/postcol_growth.html","GPL-2","core","political_science","cross-section",53,9,53,52,7,52,7,0.934596,"30-199","6-10","p6-10_n30-199",FALSE,FALSE,"ccode|styear|IndFrom|mrgdppcind|mrgdppc10|mrgdppc15|mrgdppc25","data_clean_pool/stevedata__postcol_growth.csv","887d6b3438d8448d1993014fdc1726a5dc2487f8f9b91c3101d4de6e30b9f14c",FALSE
"stevedata","recessions","United States Recessions, 1855-present","https://vincentarelbundock.github.io/Rdatasets/csv/stevedata/recessions.csv","https://vincentarelbundock.github.io/Rdatasets/doc/stevedata/recessions.html","GPL-2","core","political_science","cross-section",35,6,35,32,6,32,6,0.898523,"30-199","6-10","p6-10_n30-199",FALSE,FALSE,"peakq|troughq|p2t|prev_t2p|tfpt|pfpp","data_clean_pool/stevedata__recessions.csv","8029dd7217515e32ae675a3c0b0ca7aef1857ca12b3d885e245544a75905ae11",FALSE
"wooldridge","approval","approval","https://vincentarelbundock.github.io/Rdatasets/csv/wooldridge/approval.csv","https://vincentarelbundock.github.io/Rdatasets/doc/wooldridge/approval.html","GPL-3","core","economics","cross-section",78,16,78,78,9,78,6,0.883367,"30-199","6-10","p6-10_n30-199",FALSE,FALSE,"month|year|sp500|approve|gasprice|unemploy","data_clean_pool/wooldridge__approval.csv","609bad9e5989d09cf69e13e469966a7a44c61e75c583abbb69ad3934af32c326",FALSE
"wooldridge","campus","campus","https://vincentarelbundock.github.io/Rdatasets/csv/wooldridge/campus.csv","https://vincentarelbundock.github.io/Rdatasets/doc/wooldridge/campus.html","GPL-3","core","economics","cross-section",97,7,97,97,7,97,7,0.909939,"30-199","6-10","p6-10_n30-199",FALSE,FALSE,"enroll|priv|police|crime|lcrime|lenroll|lpolice","data_clean_pool/wooldridge__campus.csv","2ad7d3a9eb20d6b81bb73523063d03b95b405b1ed4c37e6a6d76cb9dd8bb654d",FALSE
"wooldridge","crime3","crime3","https://vincentarelbundock.github.io/Rdatasets/csv/wooldridge/crime3.csv","https://vincentarelbundock.github.io/Rdatasets/doc/wooldridge/crime3.html","GPL-3","core","economics","panel",106,12,106,53,10,53,10,0.93808,"30-199","6-10","p6-10_n30-199",FALSE,FALSE,"district|crime|clrprc1|clrprc2|avgclr|lcrime|clcrime|cavgclr|cclrprc1|cclrprc2","data_clean_pool/wooldridge__crime3.csv","49ec880a5915759973cd250029fb2e54bd6513f4737b04142cbf12ea1e65421a",FALSE
"wooldridge","hprice1","hprice1","https://vincentarelbundock.github.io/Rdatasets/csv/wooldridge/hprice1.csv","https://vincentarelbundock.github.io/Rdatasets/doc/wooldridge/hprice1.html","GPL-3","core","economics","cross-section",88,10,88,88,7,88,7,0.905279,"30-199","6-10","p6-10_n30-199",FALSE,FALSE,"price|assess|bdrms|lotsize|sqrft|colonial|llotsize","data_clean_pool/wooldridge__hprice1.csv","7c0581d8f4c62dee596b1acbb2f7967e17eb9fe12e96675ae19a0e0cde3edc5f",FALSE
"wooldridge","infmrt","infmrt","https://vincentarelbundock.github.io/Rdatasets/csv/wooldridge/infmrt.csv","https://vincentarelbundock.github.io/Rdatasets/doc/wooldridge/infmrt.html","GPL-3","core","economics","cross-section",102,12,102,102,8,102,7,0.745467,"30-199","6-10","p6-10_n30-199",FALSE,FALSE,"year|infmort|afdcprt|pcinc|physic|afdcper|lpopul","data_clean_pool/wooldridge__infmrt.csv","d78851ad8c698d08be00f205c1c097ff4d1feb4270c7d0f5df672e58ce792de7",FALSE
"wooldridge","murder","murder","https://vincentarelbundock.github.io/Rdatasets/csv/wooldridge/murder.csv","https://vincentarelbundock.github.io/Rdatasets/doc/wooldridge/murder.html","GPL-3","core","economics","panel",153,13,153,102,7,102,7,0.6724,"30-199","6-10","p6-10_n30-199",FALSE,FALSE,"year|mrdrte|exec|unem|cmrdrte|cexec|cunem","data_clean_pool/wooldridge__murder.csv","ce9e4e083ae3e27f8bd4ca89eaf4abd6e5072f68f975a8ec1e35213adeb92763",FALSE
"wooldridge","openness","openness","https://vincentarelbundock.github.io/Rdatasets/csv/wooldridge/openness.csv","https://vincentarelbundock.github.io/Rdatasets/doc/wooldridge/openness.html","GPL-3","core","economics","cross-section",114,12,114,114,10,114,9,0.911686,"30-199","6-10","p6-10_n30-199",FALSE,FALSE,"open|inf|pcinc|land|good|lpcinc|lland|lopen|linf","data_clean_pool/wooldridge__openness.csv","ad00ba46805418324d76925eaaee6e9b4ec645363f06c720e8281933a9ddadf9",FALSE
"wooldridge","saving","saving","https://vincentarelbundock.github.io/Rdatasets/csv/wooldridge/saving.csv","https://vincentarelbundock.github.io/Rdatasets/doc/wooldridge/saving.html","GPL-3","core","economics","cross-section",100,7,100,100,7,100,6,0.831695,"30-199","6-10","p6-10_n30-199",FALSE,FALSE,"sav|inc|size|educ|age|cons","data_clean_pool/wooldridge__saving.csv","3230e183e6c55dc1828f09b072ed6d24c2c3268334172a77d5d1ca0a57014d49",FALSE
"wooldridge","traffic1","traffic1","https://vincentarelbundock.github.io/Rdatasets/csv/wooldridge/traffic1.csv","https://vincentarelbundock.github.io/Rdatasets/doc/wooldridge/traffic1.html","GPL-3","core","economics","cross-section",51,13,51,51,10,51,9,0.884687,"30-199","6-10","p6-10_n30-199",FALSE,FALSE,"admn90|admn85|open90|open85|dthrte90|dthrte85|speed90|cdthrte|cadmn","data_clean_pool/wooldridge__traffic1.csv","08e5ea9d917a74ce3b475a277d5764ec1e518f991f803876021646a770fb25d7",FALSE
"wooldridge","vote1","vote1","https://vincentarelbundock.github.io/Rdatasets/csv/wooldridge/vote1.csv","https://vincentarelbundock.github.io/Rdatasets/doc/wooldridge/vote1.html","GPL-3","core","economics","cross-section",173,10,173,173,9,173,9,0.925279,"30-199","6-10","p6-10_n30-199",FALSE,FALSE,"district|democA|voteA|expendA|expendB|prtystrA|lexpendA|lexpendB|shareA","data_clean_pool/wooldridge__vote1.csv","31c71e18782b466b5646996c6964c74a4d17ed7449835bf66db7cc0b57501da1",FALSE
"Ecdat","Fatality","Drunk Driving Laws and Traffic Deaths","https://vincentarelbundock.github.io/Rdatasets/csv/Ecdat/Fatality.csv","https://vincentarelbundock.github.io/Rdatasets/doc/Ecdat/Fatality.html","GPL (>= 2)","core","economics","panel",336,10,336,336,10,336,10,0.553616,"200-499","6-10","p6-10_n200-499",FALSE,FALSE,"state|year|mrall|beertax|mlda|jaild|comserd|vmiles|unrate|perinc","data_clean_pool/Ecdat__Fatality.csv","a5eff976b1c589b735ab112cf056d26760ce79d0e346ce9b735ffa448d268860",FALSE
"Ecdat","Mode","Mode Choice","https://vincentarelbundock.github.io/Rdatasets/csv/Ecdat/Mode.csv","https://vincentarelbundock.github.io/Rdatasets/doc/Ecdat/Mode.html","GPL (>= 2)","core","economics","cross-section",453,8,453,453,7,453,7,0.621201,"200-499","6-10","p6-10_n200-499",FALSE,FALSE,"cost.car|cost.carpool|cost.bus|cost.rail|time.car|time.bus|time.rail","data_clean_pool/Ecdat__Mode.csv","a0930608ebbcc986f952cd22a087bf7661a2008d46c922b5da68b702a32ee846",TRUE
"camerondata","patentsrd","Patents and R&D","https://vincentarelbundock.github.io/Rdatasets/csv/camerondata/patentsrd.csv","https://vincentarelbundock.github.io/Rdatasets/doc/camerondata/patentsrd.html","CC BY 4.0","core","economics","cross-section",346,25,346,336,8,336,8,0.947742,"200-499","6-10","p6-10_n200-499",FALSE,FALSE,"cusip|ardssic|scisect|logk|sumpat|logr70|logr76|pat70","data_clean_pool/camerondata__patentsrd.csv","90ddd6c9a2eb0c15e5fc9818f03d21887f3b31720852c68c817e819ce0b40c6d",TRUE
"crimedatasets","NigeriaTerrorism_df","Nigeria Terrorism Data","https://vincentarelbundock.github.io/Rdatasets/csv/crimedatasets/NigeriaTerrorism_df.csv","https://vincentarelbundock.github.io/Rdatasets/doc/crimedatasets/NigeriaTerrorism_df.html","GPL-3","core","criminology","cross-section",312,6,312,312,6,312,6,0.418224,"200-499","6-10","p6-10_n200-499",FALSE,FALSE,"att.ful|att.bok|xcoord|ycoord|pop|mtns","data_clean_pool/crimedatasets__NigeriaTerrorism_df.csv","b8fe07f1b1cd6cc9fe3d085c261384d86408b14805e23bc983cb97664ee48abe",FALSE
"pscl","AustralianElectionPolling","Political opinion polls in Australia, 2004-07","https://vincentarelbundock.github.io/Rdatasets/csv/pscl/AustralianElectionPolling.csv","https://vincentarelbundock.github.io/Rdatasets/doc/pscl/AustralianElectionPolling.html","GPL-2","core","political_science","cross-section",239,9,239,239,8,239,8,0.841765,"200-499","6-10","p6-10_n200-499",FALSE,FALSE,"ALP|Lib|Nat|Green|FamilyFirst|Dems|OneNation|sampleSize","data_clean_pool/pscl__AustralianElectionPolling.csv","c730f0657e742d2394a8ae6e75519aed849edc41934f1dbbbc1af9ad6bdf74b0",TRUE
"wooldridge","ncaa_rpi","ncaa_rpi","https://vincentarelbundock.github.io/Rdatasets/csv/wooldridge/ncaa_rpi.csv","https://vincentarelbundock.github.io/Rdatasets/doc/wooldridge/ncaa_rpi.html","GPL-3","core","economics","panel",336,13,336,336,9,336,9,0.930447,"200-499","6-10","p6-10_n200-499",FALSE,FALSE,"postrpi|prerpi|postrpi_2|recruitrank|wins|losses|tourney|coachexper|power5","data_clean_pool/wooldridge__ncaa_rpi.csv","f1a1573786f9d0af143622b853d15501c7b1d9a7a355992d85d0e1e3aee3332c",TRUE
"AER","Affairs","Fair's Extramarital Affairs Data","https://vincentarelbundock.github.io/Rdatasets/csv/AER/Affairs.csv","https://vincentarelbundock.github.io/Rdatasets/doc/AER/Affairs.html","GPL-2 | GPL-3","core","economics","cross-section",601,9,601,601,9,601,9,0.777546,"500-999","6-10","p6-10_n500-999",FALSE,FALSE,"affairs|gender|age|yearsmarried|children|religiousness|education|occupation|rating","data_clean_pool/AER__Affairs.csv","3a0545f928803b878507544eaf2ebe7e02eb0db136c5fea4eaeb035b2df944ce",FALSE
"AER","CPS1985","Determinants of Wages Data (CPS 1985)","https://vincentarelbundock.github.io/Rdatasets/csv/AER/CPS1985.csv","https://vincentarelbundock.github.io/Rdatasets/doc/AER/CPS1985.html","GPL-2 | GPL-3","core","economics","cross-section",534,8,534,534,7,534,7,0.381922,"500-999","6-10","p6-10_n500-999",FALSE,FALSE,"wage|education|experience|region|gender|union|married","data_clean_pool/AER__CPS1985.csv","d5d0129c0c3980e649f942bda88908df75dbebe75b3849372c6f8c643e21fba0",TRUE
"AER","EquationCitations","Number of Equations and Citations for Evolutionary Biology Publications","https://vincentarelbundock.github.io/Rdatasets/csv/AER/EquationCitations.csv","https://vincentarelbundock.github.io/Rdatasets/doc/AER/EquationCitations.html","GPL-2 | GPL-3","core","economics","cross-section",649,11,649,649,9,649,9,0.920312,"500-999","6-10","p6-10_n500-999",FALSE,FALSE,"volume|startpage|pages|equations|mainequations|appequations|cites|selfcites|theocites","data_clean_pool/AER__EquationCitations.csv","96d7e9bdd1fd924e18f88cc81533a807222beb886bb3791e3d690e5c6f910694",FALSE
"AER","GSOEP9402","German Socio-Economic Panel 1994-2002","https://vincentarelbundock.github.io/Rdatasets/csv/AER/GSOEP9402.csv","https://vincentarelbundock.github.io/Rdatasets/doc/AER/GSOEP9402.html","GPL-2 | GPL-3","core","economics","panel",675,8,675,675,7,675,7,0.826366,"500-999","6-10","p6-10_n500-999",FALSE,FALSE,"birthyear|gender|kids|parity|income|size|meducation","data_clean_pool/AER__GSOEP9402.csv","ca4412af8f6e897764d3b2540d24da970641859704f67af80ad5c5941a1d4935",FALSE
"AER","PhDPublications","Doctoral Publications","https://vincentarelbundock.github.io/Rdatasets/csv/AER/PhDPublications.csv","https://vincentarelbundock.github.io/Rdatasets/doc/AER/PhDPublications.html","GPL-2 | GPL-3","core","economics","cross-section",915,6,915,915,6,915,6,0.462449,"500-999","6-10","p6-10_n500-999",FALSE,FALSE,"articles|gender|married|kids|prestige|mentor","data_clean_pool/AER__PhDPublications.csv","85c87f9ae5c1a1558d5e8c102e45eda12098b292b13091deec9f998d878f1707",FALSE
"AER","RecreationDemand","Recreation Demand Data","https://vincentarelbundock.github.io/Rdatasets/csv/AER/RecreationDemand.csv","https://vincentarelbundock.github.io/Rdatasets/doc/AER/RecreationDemand.html","GPL-2 | GPL-3","core","economics","cross-section",659,8,659,659,6,659,6,0.386351,"500-999","6-10","p6-10_n500-999",FALSE,FALSE,"trips|quality|ski|income|userfee|costC","data_clean_pool/AER__RecreationDemand.csv","6a64c922c2073e7438c820121ac381ee8578aa12dc33e0c900c473ed60b28658",FALSE
"AER","SwissLabor","Swiss Labor Market Participation Data","https://vincentarelbundock.github.io/Rdatasets/csv/AER/SwissLabor.csv","https://vincentarelbundock.github.io/Rdatasets/doc/AER/SwissLabor.html","GPL-2 | GPL-3","core","economics","cross-section",872,7,872,872,7,872,7,0.519093,"500-999","6-10","p6-10_n500-999",FALSE,FALSE,"participation|income|age|education|youngkids|oldkids|foreign","data_clean_pool/AER__SwissLabor.csv","d4766d4887bf99614451218ef8c492eb56c548d0c442ca39c451f63488601014",FALSE
"AER","TravelMode","Travel Mode Choice Data","https://vincentarelbundock.github.io/Rdatasets/csv/AER/TravelMode.csv","https://vincentarelbundock.github.io/Rdatasets/doc/AER/TravelMode.html","GPL-2 | GPL-3","core","economics","cross-section",840,7,840,840,8,840,8,0.71731,"500-999","6-10","p6-10_n500-999",FALSE,FALSE,"individual|choice|wait|vcost|travel|gcost|income|size","data_clean_pool/AER__TravelMode.csv","47f6b0f3aea274e003645bcadc164e027b0c2283b7fe0007f6051d663b0ba44b",FALSE
"AER","USSeatBelts","Effects of Mandatory Seat Belt Laws in the US","https://vincentarelbundock.github.io/Rdatasets/csv/AER/USSeatBelts.csv","https://vincentarelbundock.github.io/Rdatasets/doc/AER/USSeatBelts.html","GPL-2 | GPL-3","core","economics","panel",765,9,765,556,10,556,10,0.696578,"500-999","6-10","p6-10_n500-999",FALSE,FALSE,"year|miles|fatalities|seatbelt|speed65|speed70|drinkage|alcohol|income|age","data_clean_pool/AER__USSeatBelts.csv","c307308942236fc0ba78bfa07a17941ed058c97cfa0ad1d93c22da49b5d10526",FALSE
"Ecdat","Fair","Extramarital Affairs Data","https://vincentarelbundock.github.io/Rdatasets/csv/Ecdat/Fair.csv","https://vincentarelbundock.github.io/Rdatasets/doc/Ecdat/Fair.html","GPL (>= 2)","core","economics","cross-section",601,9,601,601,9,601,9,0.777546,"500-999","6-10","p6-10_n500-999",FALSE,FALSE,"sex|age|ym|child|religious|education|occupation|rate|nbaffairs","data_clean_pool/Ecdat__Fair.csv","2415497a3a5223b924385d33048eb8c466e713a529d87a0527b6c7182002f19a",FALSE
"Ecdat","Mathlevel","Level of Calculus Attained for Students Taking Advanced Micro-economics","https://vincentarelbundock.github.io/Rdatasets/csv/Ecdat/Mathlevel.csv","https://vincentarelbundock.github.io/Rdatasets/doc/Ecdat/Mathlevel.html","GPL (>= 2)","core","economics","cross-section",609,6,609,609,6,609,6,0.241458,"500-999","6-10","p6-10_n500-999",FALSE,FALSE,"sat|language|sex|mathcourse|physiccourse|chemistcourse","data_clean_pool/Ecdat__Mathlevel.csv","8cf06edca4a5d50b22051a66481f3cb06e4b3c0d5d56d92682eb830237b54c3f",FALSE
"Ecdat","ModeChoice","Data to Study Travel Mode Choice","https://vincentarelbundock.github.io/Rdatasets/csv/Ecdat/ModeChoice.csv","https://vincentarelbundock.github.io/Rdatasets/doc/Ecdat/ModeChoice.html","GPL (>= 2)","core","economics","cross-section",840,7,840,840,7,840,7,0.71731,"500-999","6-10","p6-10_n500-999",FALSE,FALSE,"mode|ttme|invc|invt|gc|hinc|psize","data_clean_pool/Ecdat__ModeChoice.csv","addcb6a0a44aaf6d4dbda72eec93835979115f115f019b3f9099176f70f7229f",FALSE
"Ecdat","Participation","Labor Force Participation","https://vincentarelbundock.github.io/Rdatasets/csv/Ecdat/Participation.csv","https://vincentarelbundock.github.io/Rdatasets/doc/Ecdat/Participation.html","GPL (>= 2)","core","economics","cross-section",872,7,872,872,7,872,7,0.519093,"500-999","6-10","p6-10_n500-999",FALSE,FALSE,"lfp|lnnlinc|age|educ|nyc|noc|foreign","data_clean_pool/Ecdat__Participation.csv","1a3bb2688b21c60e4b3d72eea18847f97cb078ee1aa90bee029f6a9ea4e90883",FALSE
"Ecdat","Somerville","Visits to Lake Somerville","https://vincentarelbundock.github.io/Rdatasets/csv/Ecdat/Somerville.csv","https://vincentarelbundock.github.io/Rdatasets/doc/Ecdat/Somerville.html","GPL (>= 2)","core","economics","cross-section",659,8,659,659,6,659,6,0.386351,"500-999","6-10","p6-10_n500-999",FALSE,FALSE,"visits|quality|ski|income|feeSom|costCon","data_clean_pool/Ecdat__Somerville.csv","acfde24bf4410cc9e3fa3d630f185868bfd1b9717796522a127693df2248ad75",FALSE
"HLMdiag","autism","Autism data","https://vincentarelbundock.github.io/Rdatasets/csv/HLMdiag/autism.csv","https://vincentarelbundock.github.io/Rdatasets/doc/HLMdiag/autism.html","GPL-2","core","education","cross-section",604,6,604,604,6,604,6,0.583389,"500-999","6-10","p6-10_n500-999",FALSE,FALSE,"childid|age2|vsae|gender|race|bestest2","data_clean_pool/HLMdiag__autism.csv","f3032233f73425b68e4108a7be8cfd6fb9ecaaa208fa6350cc15675e68640993",TRUE
"MatchIt","lalonde","Data from National Supported Work Demonstration and PSID, as analyzed by Dehejia and Wahba (1999).","https://vincentarelbundock.github.io/Rdatasets/csv/MatchIt/lalonde.csv","https://vincentarelbundock.github.io/Rdatasets/doc/MatchIt/lalonde.html","GPL (>= 2)","core","social_science","cross-section",614,9,614,614,8,614,8,0.701452,"500-999","6-10","p6-10_n500-999",FALSE,FALSE,"treat|age|educ|married|nodegree|re74|re75|re78","data_clean_pool/MatchIt__lalonde.csv","132006d8d922667735bc866de72d69f40956dbf8de3e443069b6610640f5cd66",TRUE
"causaldata","Mroz","U.S. Women's Labor-Force Participation","https://vincentarelbundock.github.io/Rdatasets/csv/causaldata/Mroz.csv","https://vincentarelbundock.github.io/Rdatasets/doc/causaldata/Mroz.html","MIT + file LICENSE","core","social_science","cross-section",753,8,753,753,8,753,8,0.531984,"500-999","6-10","p6-10_n500-999",FALSE,FALSE,"lfp|k5|k618|age|wc|hc|lwg|inc","data_clean_pool/causaldata__Mroz.csv","2cb81e1b2b3b0a224ca839301c33c8bea08657bd367c1b1b84bc6fb7af4e4772",FALSE
"pscl","UKHouseOfCommons","1992 United Kingdom electoral returns","https://vincentarelbundock.github.io/Rdatasets/csv/pscl/UKHouseOfCommons.csv","https://vincentarelbundock.github.io/Rdatasets/doc/pscl/UKHouseOfCommons.html","GPL-2","core","political_science","cross-section",521,12,521,521,10,521,9,0.948395,"500-999","6-10","p6-10_n500-999",FALSE,FALSE,"y1|y2|y1lag|y2lag|coninc|labinc|v1|v2|v3","data_clean_pool/pscl__UKHouseOfCommons.csv","f9ee050c177dc9125422ec0187efbc97681af4fa0d458053b47a535b11f84fc7",FALSE
"pscl","bioChemists","article production by graduate students in biochemistry Ph.D. programs","https://vincentarelbundock.github.io/Rdatasets/csv/pscl/bioChemists.csv","https://vincentarelbundock.github.io/Rdatasets/doc/pscl/bioChemists.html","GPL-2","core","political_science","cross-section",915,6,915,915,6,915,6,0.462449,"500-999","6-10","p6-10_n500-999",FALSE,FALSE,"art|fem|mar|kid5|phd|ment","data_clean_pool/pscl__bioChemists.csv","643ba37567ea7e7e049768daeb5f2c105595b852db4557f359b9f39bc8df89c3",FALSE
"pscl","vote92","Reports of voting in the 1992 U.S. Presidential election.","https://vincentarelbundock.github.io/Rdatasets/csv/pscl/vote92.csv","https://vincentarelbundock.github.io/Rdatasets/doc/pscl/vote92.html","GPL-2","core","political_science","cross-section",909,9,909,909,8,909,8,0.873245,"500-999","6-10","p6-10_n500-999",FALSE,FALSE,"dem|rep|female|persfinance|natlecon|clintondis|bushdis|perotdis","data_clean_pool/pscl__vote92.csv","5bde36d2cfdbd860a6e69687ce84e8fe9b328fcc7d197ac5ca138de2c340522a",TRUE
"psych","sat.act","3 Measures of ability: SATV, SATQ, ACT","https://vincentarelbundock.github.io/Rdatasets/csv/psych/sat.act.csv","https://vincentarelbundock.github.io/Rdatasets/doc/psych/sat.act.html","GPL (>= 2)","core","psychology","cross-section",700,6,700,687,6,687,6,0.6443,"500-999","6-10","p6-10_n500-999",FALSE,FALSE,"gender|education|age|ACT|SATV|SATQ","data_clean_pool/psych__sat.act.csv","c9089fb709c788b335d9d3455664db080a0f1e5a3475438d40e5939ead096d0a",FALSE
"sampleSelection","Smoke","Survey Responses on Smoking Behaviour","https://vincentarelbundock.github.io/Rdatasets/csv/sampleSelection/Smoke.csv","https://vincentarelbundock.github.io/Rdatasets/doc/sampleSelection/Smoke.html","GPL (>= 2)","core","economics","cross-section",807,8,807,807,7,807,7,0.802064,"500-999","6-10","p6-10_n500-999",FALSE,FALSE,"educ|age|cigpric|income|restaurn|smoker|cigs","data_clean_pool/sampleSelection__Smoke.csv","12eb9eb10e38bdaa7668e4e60903564902aa856dc4385c82ed8d6be15d212462",FALSE
"stevedata","china_peace","Drivers of China's Peace Engagement in Conflict-affected Countries","https://vincentarelbundock.github.io/Rdatasets/csv/stevedata/china_peace.csv","https://vincentarelbundock.github.io/Rdatasets/doc/stevedata/china_peace.html","GPL-2","core","political_science","panel",884,10,884,686,10,686,10,0.462547,"500-999","6-10","p6-10_n500-999",FALSE,FALSE,"year|chn_oda|n_chnproj|other_oda|gdppc|tnrr|chn_unvs|fdi_stock|bdp100k|logotherodadiff1y","data_clean_pool/stevedata__china_peace.csv","ed1646de591e56484eb61e7100b2fdea63054ee9268814c36988a8a33c25295d",FALSE
"wooldridge","attend","attend","https://vincentarelbundock.github.io/Rdatasets/csv/wooldridge/attend.csv","https://vincentarelbundock.github.io/Rdatasets/doc/wooldridge/attend.html","GPL-3","core","economics","cross-section",680,11,680,674,8,674,8,0.654262,"500-999","6-10","p6-10_n500-999",FALSE,FALSE,"attend|termGPA|priGPA|ACT|final|hwrte|frosh|soph","data_clean_pool/wooldridge__attend.csv","c9502510e89e6311b41a35fbbf260ec33b7f335022aa3277392ca5ea5c58af0e",FALSE
"wooldridge","hprice2","hprice2","https://vincentarelbundock.github.io/Rdatasets/csv/wooldridge/hprice2.csv","https://vincentarelbundock.github.io/Rdatasets/doc/wooldridge/hprice2.html","GPL-3","core","economics","cross-section",506,12,506,506,9,506,9,0.910228,"500-999","6-10","p6-10_n500-999",FALSE,FALSE,"price|crime|nox|rooms|dist|radial|proptax|stratio|lowstat","data_clean_pool/wooldridge__hprice2.csv","a0444f5c3151d7f084508b99285026a146d402f3577919c760c22fd6ae746c37",FALSE
"wooldridge","smoke","smoke","https://vincentarelbundock.github.io/Rdatasets/csv/wooldridge/smoke.csv","https://vincentarelbundock.github.io/Rdatasets/doc/wooldridge/smoke.html","GPL-3","core","economics","cross-section",807,10,807,807,8,807,8,0.919732,"500-999","6-10","p6-10_n500-999",FALSE,FALSE,"educ|cigpric|white|age|income|cigs|restaurn|lincome","data_clean_pool/wooldridge__smoke.csv","b2088a5d3d84355f1a273a3051daffee94cf0fd8980971f59c64638f436f30f7",FALSE
"AER","CPS1988","Determinants of Wages Data (CPS 1988)","https://vincentarelbundock.github.io/Rdatasets/csv/AER/CPS1988.csv","https://vincentarelbundock.github.io/Rdatasets/doc/AER/CPS1988.html","GPL-2 | GPL-3","core","economics","cross-section",28155,6,28155,28155,6,1999,6,0.289591,"1000-1999","6-10","p6-10_n1000-1999",TRUE,FALSE,"wage|education|experience|ethnicity|smsa|parttime","data_clean_pool/AER__CPS1988.csv","b3bb2d8b04e815544d411f256eb26784c5371b3d8c1590b25203be23389ce30a",TRUE
"AER","Fertility","Fertility and Women's Labor Supply","https://vincentarelbundock.github.io/Rdatasets/csv/AER/Fertility.csv","https://vincentarelbundock.github.io/Rdatasets/doc/AER/Fertility.html","GPL-2 | GPL-3","core","economics","cross-section",254654,8,254654,254654,8,1999,8,0.478569,"1000-1999","6-10","p6-10_n1000-1999",TRUE,FALSE,"morekids|gender1|gender2|age|afam|hispanic|other|work","data_clean_pool/AER__Fertility.csv","74bb2f1663756a5167dbbfa677ce222b5cb4bca3087b590da87e565d0b24b342",FALSE
"AER","GSS7402","US General Social Survey 1974-2002","https://vincentarelbundock.github.io/Rdatasets/csv/AER/GSS7402.csv","https://vincentarelbundock.github.io/Rdatasets/doc/AER/GSS7402.html","GPL-2 | GPL-3","core","economics","cross-section",9120,10,9120,9120,9,1999,9,0.343386,"1000-1999","6-10","p6-10_n1000-1999",TRUE,FALSE,"kids|age|education|year|siblings|ethnicity|city16|lowincome16|immigrant","data_clean_pool/AER__GSS7402.csv","7f9be35f7fe1c771ef1f0c8d9a4def33601b7653ef3750235113f7c892453c34",FALSE
"AER","HealthInsurance","Medical Expenditure Panel Survey Data","https://vincentarelbundock.github.io/Rdatasets/csv/AER/HealthInsurance.csv","https://vincentarelbundock.github.io/Rdatasets/doc/AER/HealthInsurance.html","GPL-2 | GPL-3","core","economics","cross-section",8802,8,8802,8802,8,1999,8,0.302899,"1000-1999","6-10","p6-10_n1000-1999",TRUE,FALSE,"health|age|limit|gender|insurance|married|selfemp|family","data_clean_pool/AER__HealthInsurance.csv","54451f6c534bfdaa6d7591880705bac3d70098dbdaffdfe75429c91565bb3486",FALSE
"AER","SmokeBan","Do Workplace Smoking Bans Reduce Smoking?","https://vincentarelbundock.github.io/Rdatasets/csv/AER/SmokeBan.csv","https://vincentarelbundock.github.io/Rdatasets/doc/AER/SmokeBan.html","GPL-2 | GPL-3","core","economics","cross-section",10000,6,10000,10000,6,1999,6,0.152685,"1000-1999","6-10","p6-10_n1000-1999",TRUE,FALSE,"smoker|ban|age|afam|hispanic|gender","data_clean_pool/AER__SmokeBan.csv","61b54ad680e8e90b8827a4cb571f814dd4dc233a8a4d961d45d499b9b6a1bc03",FALSE
"Ecdat","BudgetFood","Budget Share of Food for Spanish Households","https://vincentarelbundock.github.io/Rdatasets/csv/Ecdat/BudgetFood.csv","https://vincentarelbundock.github.io/Rdatasets/doc/Ecdat/BudgetFood.html","GPL (>= 2)","core","economics","cross-section",23972,6,23972,23971,6,1999,6,0.536982,"1000-1999","6-10","p6-10_n1000-1999",TRUE,FALSE,"wfood|totexp|age|size|town|sex","data_clean_pool/Ecdat__BudgetFood.csv","b2e8195965318bd4e0e16271bc3414118684f7743146e8ba32d3c7eb46cee524",FALSE
"Ecdat","BudgetItaly","Budget Shares for Italian Households","https://vincentarelbundock.github.io/Rdatasets/csv/Ecdat/BudgetItaly.csv","https://vincentarelbundock.github.io/Rdatasets/doc/Ecdat/BudgetItaly.html","GPL (>= 2)","core","economics","cross-section",1729,11,1729,1729,8,1729,8,0.782007,"1000-1999","6-10","p6-10_n1000-1999",FALSE,FALSE,"wfood|whouse|wmisc|pfood|totexp|income|size|pct","data_clean_pool/Ecdat__BudgetItaly.csv","2cedfc5d26a75ae8c0f2db0516c54db06d2dd8936054647a9eaed92560c23c42",FALSE
"Ecdat","BudgetUK","Budget Shares of British Households","https://vincentarelbundock.github.io/Rdatasets/csv/Ecdat/BudgetUK.csv","https://vincentarelbundock.github.io/Rdatasets/doc/Ecdat/BudgetUK.html","GPL (>= 2)","core","economics","cross-section",1519,10,1519,1519,10,1519,10,0.478747,"1000-1999","6-10","p6-10_n1000-1999",FALSE,FALSE,"wfood|wfuel|wcloth|walc|wtrans|wother|totexp|income|age|children","data_clean_pool/Ecdat__BudgetUK.csv","3ae32d10b2ca227da0dff7d4c12436ef28b52ef07c5c131f8b040022bd29b441",FALSE
"Ecdat","Cigar","Cigarette Consumption","https://vincentarelbundock.github.io/Rdatasets/csv/Ecdat/Cigar.csv","https://vincentarelbundock.github.io/Rdatasets/doc/Ecdat/Cigar.html","GPL (>= 2)","core","economics","panel",1380,9,1380,1380,6,1380,6,0.944311,"1000-1999","6-10","p6-10_n1000-1999",FALSE,FALSE,"state|year|price|pop|ndi|sales","data_clean_pool/Ecdat__Cigar.csv","44b98a7ce1550ec38db00ca67a3ef10d63366cbbd06a1fd2e669f47b549b428c",FALSE
"Ecdat","Computers","Prices of Personal Computers","https://vincentarelbundock.github.io/Rdatasets/csv/Ecdat/Computers.csv","https://vincentarelbundock.github.io/Rdatasets/doc/Ecdat/Computers.html","GPL (>= 2)","core","economics","cross-section",6259,10,6259,6259,10,1999,10,0.766242,"1000-1999","6-10","p6-10_n1000-1999",TRUE,FALSE,"price|speed|hd|ram|screen|cd|multi|premium|ads|trend","data_clean_pool/Ecdat__Computers.csv","7033f3310190b50f7f570862984008029234b3f7fc1db45a93d7d5455e359f62",FALSE
"Ecdat","Fishing","Choice of Fishing Mode","https://vincentarelbundock.github.io/Rdatasets/csv/Ecdat/Fishing.csv","https://vincentarelbundock.github.io/Rdatasets/doc/Ecdat/Fishing.html","GPL (>= 2)","core","economics","cross-section",1182,11,1182,1182,9,1182,9,0.93639,"1000-1999","6-10","p6-10_n1000-1999",FALSE,FALSE,"price|catch|pbeach|pboat|cbeach|cpier|cboat|ccharter|income","data_clean_pool/Ecdat__Fishing.csv","82a0062740aabb3961591e7dc0fba80abd80577959ce2c84c2f2d68cb55286ae",TRUE
"Ecdat","HI","Health Insurance and Hours Worked By Wives","https://vincentarelbundock.github.io/Rdatasets/csv/Ecdat/HI.csv","https://vincentarelbundock.github.io/Rdatasets/doc/Ecdat/HI.html","GPL (>= 2)","core","economics","cross-section",22272,10,22272,22272,10,1999,10,0.782649,"1000-1999","6-10","p6-10_n1000-1999",TRUE,FALSE,"whrswk|hhi|whi|hhi2|hispanic|experience|kidslt6|kids618|husby|wght","data_clean_pool/Ecdat__HI.csv","5f50124918e2cb2d231b2aec89e0baa3b67a86470a7e430051037ef92042faab",FALSE
"Ecdat","LaborSupply","Wages and Hours Worked","https://vincentarelbundock.github.io/Rdatasets/csv/Ecdat/LaborSupply.csv","https://vincentarelbundock.github.io/Rdatasets/doc/Ecdat/LaborSupply.html","GPL (>= 2)","core","economics","panel",5320,7,5320,5320,6,1999,6,0.3409,"1000-1999","6-10","p6-10_n1000-1999",TRUE,FALSE,"lnhr|lnwg|kids|age|disab|year","data_clean_pool/Ecdat__LaborSupply.csv","c2494ac69eae232439da37ba8c4dc8e875a08231cbdb182c2005a4b0e6df6671",FALSE
"Ecdat","Males","Wages and Education of Young Males","https://vincentarelbundock.github.io/Rdatasets/csv/Ecdat/Males.csv","https://vincentarelbundock.github.io/Rdatasets/doc/Ecdat/Males.html","GPL (>= 2)","core","economics","panel",4360,8,4360,4360,7,1999,7,0.813747,"1000-1999","6-10","p6-10_n1000-1999",TRUE,FALSE,"year|school|exper|union|maried|health|wage","data_clean_pool/Ecdat__Males.csv","b1a7d7d7cc522cdacee6dcb28fca5a057854c3b9c45a6bc24dbea139d1a73cac",FALSE
"Ecdat","PSID","Panel Survey of Income Dynamics","https://vincentarelbundock.github.io/Rdatasets/csv/Ecdat/PSID.csv","https://vincentarelbundock.github.io/Rdatasets/doc/Ecdat/PSID.html","GPL (>= 2)","core","economics","cross-section",4856,7,4856,4855,7,1999,7,0.620027,"1000-1999","6-10","p6-10_n1000-1999",TRUE,FALSE,"intnum|persnum|age|educatn|earnings|hours|kids","data_clean_pool/Ecdat__PSID.csv","7a8263f6680e8dd4230ee363f9fda5605609a4f944bd3ce953f163175944fb54",FALSE
"Ecdat","PatentsHGH","Dynamic Relation Between Patents and R&D","https://vincentarelbundock.github.io/Rdatasets/csv/Ecdat/PatentsHGH.csv","https://vincentarelbundock.github.io/Rdatasets/doc/Ecdat/PatentsHGH.html","GPL (>= 2)","core","economics","cross-section",1730,18,1730,1730,7,1730,7,0.783723,"1000-1999","6-10","p6-10_n1000-1999",FALSE,FALSE,"obsno|year|ardsic|scisect|logk|sumpat|logr5","data_clean_pool/Ecdat__PatentsHGH.csv","8bd16d9d19559d10375ff60eed6d8374bcc9cdd5ca96b172fe500672800da7b2",FALSE
"Ecdat","PatentsRD","Patents, R&D and Technological Spillovers for a Panel of Firms","https://vincentarelbundock.github.io/Rdatasets/csv/Ecdat/PatentsRD.csv","https://vincentarelbundock.github.io/Rdatasets/doc/Ecdat/PatentsRD.html","GPL (>= 2)","core","economics","cross-section",1629,7,1629,1629,7,1629,7,0.547323,"1000-1999","6-10","p6-10_n1000-1999",FALSE,FALSE,"year|fi|sector|geo|patent|rdexp|spil","data_clean_pool/Ecdat__PatentsRD.csv","1ae63b37c3098a58560abe23fc55e57faf7b22bee38fba543a1c8be02b2abc26",FALSE
"Ecdat","Star","Effects on Learning of Small Class Sizes","https://vincentarelbundock.github.io/Rdatasets/csv/Ecdat/Star.csv","https://vincentarelbundock.github.io/Rdatasets/doc/Ecdat/Star.html","GPL (>= 2)","core","economics","cross-section",5748,6,5748,5748,6,1999,6,0.729349,"1000-1999","6-10","p6-10_n1000-1999",TRUE,FALSE,"tmathssk|treadssk|totexpk|sex|freelunk|schidkn","data_clean_pool/Ecdat__Star.csv","797c47840552a0033c6cb059f88eb11c639de6d7a331b9835d6e5051e9570add",FALSE
"Ecdat","SumHes","The Penn Table","https://vincentarelbundock.github.io/Rdatasets/csv/Ecdat/SumHes.csv","https://vincentarelbundock.github.io/Rdatasets/doc/Ecdat/SumHes.html","GPL (>= 2)","core","economics","panel",3250,6,3250,3250,6,1999,6,0.530318,"1000-1999","6-10","p6-10_n1000-1999",TRUE,FALSE,"year|opec|com|pop|gdp|sr","data_clean_pool/Ecdat__SumHes.csv","7c6eedb6ca65300069426d4e4d91fe3642f9988c9826dcac1f40218767ffa7af",FALSE
"Ecdat","Tobacco","Households Tobacco Budget Share","https://vincentarelbundock.github.io/Rdatasets/csv/Ecdat/Tobacco.csv","https://vincentarelbundock.github.io/Rdatasets/doc/Ecdat/Tobacco.html","GPL (>= 2)","core","economics","cross-section",2724,7,2724,2724,7,1999,7,0.472771,"1000-1999","6-10","p6-10_n1000-1999",TRUE,FALSE,"nkids|nkids2|nadults|lnx|stobacco|salcohol|age","data_clean_pool/Ecdat__Tobacco.csv","c1cdad3624ae4bd6b647ffe1e6d420eb51eeb4bac219bd46a79e0ba294cb73e5",FALSE
"Ecdat","Train","Stated Preferences for Train Traveling","https://vincentarelbundock.github.io/Rdatasets/csv/Ecdat/Train.csv","https://vincentarelbundock.github.io/Rdatasets/doc/Ecdat/Train.html","GPL (>= 2)","core","economics","cross-section",2929,11,2929,2929,10,1999,10,0.806126,"1000-1999","6-10","p6-10_n1000-1999",TRUE,FALSE,"choiceid|choice|price1|time1|change1|comfort1|price2|time2|change2|comfort2","data_clean_pool/Ecdat__Train.csv","4aeb715e058e1d8c65b9d2f2d9f69f496e18ecb4bc910bc85a7920144bf25e16",FALSE
"Ecdat","Treatment","Evaluating Treatment Effect of Training on Earnings","https://vincentarelbundock.github.io/Rdatasets/csv/Ecdat/Treatment.csv","https://vincentarelbundock.github.io/Rdatasets/doc/Ecdat/Treatment.html","GPL (>= 2)","core","economics","cross-section",2675,10,2675,2675,9,1999,9,0.854828,"1000-1999","6-10","p6-10_n1000-1999",TRUE,FALSE,"treat|age|educ|married|re74|re75|re78|u74|u75","data_clean_pool/Ecdat__Treatment.csv","c067eb0b7dc2f2d9448dd4e51d5ccc58215bdd0f6d8039fa8dd8a30e0fee7c2d",FALSE
"Ecdat","Tuna","Choice of Brand for Tuna","https://vincentarelbundock.github.io/Rdatasets/csv/Ecdat/Tuna.csv","https://vincentarelbundock.github.io/Rdatasets/doc/Ecdat/Tuna.html","GPL (>= 2)","core","economics","cross-section",13705,7,13705,13705,6,1999,6,0.636511,"1000-1999","6-10","p6-10_n1000-1999",TRUE,FALSE,"Tuna.hid|price.skw|price.cosw|price.sko|price.coso|price.pw","data_clean_pool/Ecdat__Tuna.csv","1b9d279bd1c040cf8604784f663316c9b5f8fd8edfc3d7f9d013a9721998bd02",FALSE
"Ecdat","VietNamH","Medical Expenses in Vietnam (household Level)","https://vincentarelbundock.github.io/Rdatasets/csv/Ecdat/VietNamH.csv","https://vincentarelbundock.github.io/Rdatasets/doc/Ecdat/VietNamH.html","GPL (>= 2)","core","economics","cross-section",5999,10,5999,5006,10,1999,10,0.895479,"1000-1999","6-10","p6-10_n1000-1999",TRUE,FALSE,"sex|age|educyr|farm|urban|hhsize|lntotal|lnmed|lnrlfood|commune","data_clean_pool/Ecdat__VietNamH.csv","fd7d985822a9f0ddf62f8f75d14af3af7c2091a6cf1dfe9f2ef465de2edc0e1f",FALSE
"Ecdat","Yogurt","Choice of Brand for Yogurts","https://vincentarelbundock.github.io/Rdatasets/csv/Ecdat/Yogurt.csv","https://vincentarelbundock.github.io/Rdatasets/doc/Ecdat/Yogurt.html","GPL (>= 2)","core","economics","cross-section",2412,10,2412,2412,8,1999,8,0.379553,"1000-1999","6-10","p6-10_n1000-1999",TRUE,FALSE,"feat.yoplait|feat.dannon|feat.hiland|feat.weight|price.yoplait|price.dannon|price.hiland|price.weight","data_clean_pool/Ecdat__Yogurt.csv","be8e9c72aa321767b868117f38a517ce3cad85785d7eb4ab7e7e2711318c2337",FALSE
"camerondata","incpanel","Hourly wages","https://vincentarelbundock.github.io/Rdatasets/csv/camerondata/incpanel.csv","https://vincentarelbundock.github.io/Rdatasets/doc/camerondata/incpanel.html","CC BY 4.0","core","economics","cross-section",4856,9,4856,4855,8,1999,8,0.642293,"1000-1999","6-10","p6-10_n1000-1999",TRUE,FALSE,"intnum|persnum|age|educatn|earnings|hours|kids|married","data_clean_pool/camerondata__incpanel.csv","c07ff3be396ebab392f674f119eaeb8521e1245692f4f675cad0a1c374bc26c6",FALSE
"camerondata","laborpanel","Hours worked and wages","https://vincentarelbundock.github.io/Rdatasets/csv/camerondata/laborpanel.csv","https://vincentarelbundock.github.io/Rdatasets/doc/camerondata/laborpanel.html","CC BY 4.0","core","economics","panel",5320,8,5320,5320,6,1999,6,0.339758,"1000-1999","6-10","p6-10_n1000-1999",TRUE,FALSE,"lnhr|lnwg|kids|ageh|disab|year","data_clean_pool/camerondata__laborpanel.csv","ec7548d9e3a0d3c46b4f0998b7519c62bbd11d8a8119fb105b244ac3261fa480",FALSE
"camerondata","vietnam_hh","Vietnam health care use (household level)","https://vincentarelbundock.github.io/Rdatasets/csv/camerondata/vietnam_hh.csv","https://vincentarelbundock.github.io/Rdatasets/doc/camerondata/vietnam_hh.html","CC BY 4.0","core","economics","cross-section",5999,8,5999,5006,8,1999,8,0.40536,"1000-1999","6-10","p6-10_n1000-1999",TRUE,FALSE,"sex|age|educ|farm|hhsize|commune|lnhhexp|lnexp12m","data_clean_pool/camerondata__vietnam_hh.csv","7eabf8a132fa3553bc5ac6fe1cc300559f89a560eaf7a7a6c6a4b2ddc0666972",FALSE
"camerondata","vietnamlss","Household medical expenditure","https://vincentarelbundock.github.io/Rdatasets/csv/camerondata/vietnamlss.csv","https://vincentarelbundock.github.io/Rdatasets/doc/camerondata/vietnamlss.html","CC BY 4.0","core","economics","cross-section",5999,9,5999,5006,9,1999,9,0.896301,"1000-1999","6-10","p6-10_n1000-1999",TRUE,FALSE,"sex|age|educyr98|farm|urban98|hhsize|lhhexp1|lhhex12m|lnrlfood","data_clean_pool/camerondata__vietnamlss.csv","7ef957eb0f2e11e9c3db16cfdba42a5be45b3273cfd692d0c9595272fdf1d6bf",FALSE
"causaldata","close_college","Data from Card (1995) to estimate the effect of college education on earnings","https://vincentarelbundock.github.io/Rdatasets/csv/causaldata/close_college.csv","https://vincentarelbundock.github.io/Rdatasets/doc/causaldata/close_college.html","MIT + file LICENSE","core","social_science","cross-section",3010,8,3010,3003,8,1999,8,0.653108,"1000-1999","6-10","p6-10_n1000-1999",TRUE,FALSE,"nearc4|educ|black|smsa|south|married|exper|lwage","data_clean_pool/causaldata__close_college.csv","b60529c32433eabd704b912dc89ebd126926937a5504a63e9b911d6884aee3de",FALSE
"causaldata","close_elections_lmb","A close-elections regression discontinuity study from Lee, Moretti, and Butler (2004)","https://vincentarelbundock.github.io/Rdatasets/csv/causaldata/close_elections_lmb.csv","https://vincentarelbundock.github.io/Rdatasets/doc/causaldata/close_elections_lmb.html","MIT + file LICENSE","core","social_science","panel",13588,9,13588,13566,8,1999,8,0.837627,"1000-1999","6-10","p6-10_n1000-1999",TRUE,FALSE,"state|district|score|year|demvoteshare|democrat|lagdemocrat|lagdemvoteshare","data_clean_pool/causaldata__close_elections_lmb.csv","6b5dcb47f5f15c3ccea95df50138ee57bb4e67d9133310bdcdcfc87068f675c4",FALSE
"causaldata","cps_mixtape","Observational counterpart to nsw_mixtape data","https://vincentarelbundock.github.io/Rdatasets/csv/causaldata/cps_mixtape.csv","https://vincentarelbundock.github.io/Rdatasets/doc/causaldata/cps_mixtape.html","MIT + file LICENSE","core","social_science","cross-section",15992,11,15992,15992,9,1999,9,0.883432,"1000-1999","6-10","p6-10_n1000-1999",TRUE,FALSE,"age|educ|black|hisp|marr|nodegree|re74|re75|re78","data_clean_pool/causaldata__cps_mixtape.csv","2be15e3627721db1f36a8cb7b1ea77b38c37a17d85ef12884ac2a2c47d030b6e",FALSE
"causaldata","thornton_hiv","Data from HIV information experiment in Thornton (2008)","https://vincentarelbundock.github.io/Rdatasets/csv/causaldata/thornton_hiv.csv","https://vincentarelbundock.github.io/Rdatasets/doc/causaldata/thornton_hiv.html","MIT + file LICENSE","core","social_science","cross-section",4820,7,4820,2825,7,1999,7,0.59325,"1000-1999","6-10","p6-10_n1000-1999",TRUE,FALSE,"villnum|got|distvct|tinc|any|age|hiv2004","data_clean_pool/causaldata__thornton_hiv.csv","803e26da36f663194a3973a9b2de12bef0a1580263b5cc0ced945b02ee301099",FALSE
"collegeScorecard","school","College Scorecard: School Data","https://vincentarelbundock.github.io/Rdatasets/csv/collegeScorecard/school.csv","https://vincentarelbundock.github.io/Rdatasets/doc/collegeScorecard/school.html","CC0","core","education","cross-section",11300,23,11300,5888,12,1999,10,0.282341,"1000-1999","6-10","p6-10_n1000-1999",TRUE,FALSE,"latitude|longitude|is_hbcu|is_pbi|is_tribal|is_aanapii|is_hsi|is_nanti|is_only_men|is_only_distance","data_clean_pool/collegeScorecard__school.csv","a883b6eb892f99e3725b959ccc3cb7a9926d88d3d880cba9c3c044b4d39dde56",FALSE
"crimedatasets","FBICriminal_tbl_df","FBI Criminal Background Check System","https://vincentarelbundock.github.io/Rdatasets/csv/crimedatasets/FBICriminal_tbl_df.csv","https://vincentarelbundock.github.io/Rdatasets/doc/crimedatasets/FBICriminal_tbl_df.html","GPL-3","core","criminology","panel",11648,33,11648,8869,10,1999,10,0.964631,"1000-1999","6-10","p6-10_n1000-1999",TRUE,FALSE,"year|population|guns_per_thousand|guns_sold|permit|multiple|multiple_corrected|admin|prepawn_handgun|redemption_handgun","data_clean_pool/crimedatasets__FBICriminal_tbl_df.csv","e50032ae6805e8590ad9bbc9f76c08e239fe4b4b8d845decc8ae28d748211293",FALSE
"crimedatasets","homicides15_tbl_df","Homicides in Nine US Cities (2015)","https://vincentarelbundock.github.io/Rdatasets/csv/crimedatasets/homicides15_tbl_df.csv","https://vincentarelbundock.github.io/Rdatasets/doc/crimedatasets/homicides15_tbl_df.html","GPL-3","core","criminology","cross-section",1922,8,1922,1922,7,1922,6,0.848056,"1000-1999","6-10","p6-10_n1000-1999",FALSE,FALSE,"longitude|latitude|fips_state|fips_county|tract|block_group","data_clean_pool/crimedatasets__homicides15_tbl_df.csv","8a5d38f18352dddc41a7b585e94403754d425b4c0212bb1b164c5bc44dae7b1a",FALSE
"mediation","CEDdata","Example Data for the Crossover Encouragement Design","https://vincentarelbundock.github.io/Rdatasets/csv/mediation/CEDdata.csv","https://vincentarelbundock.github.io/Rdatasets/doc/mediation/CEDdata.html","GPL (>= 2)","core","psychology","cross-section",2000,7,2000,2000,6,1999,6,0.305654,"1000-1999","6-10","p6-10_n1000-1999",TRUE,FALSE,"T1|M1|Y1|Z|M2|Y2","data_clean_pool/mediation__CEDdata.csv","7aa8fa8fc3f1f36578d49d4d032f92e88fa993f45bec7becff5b6433c5081e29",FALSE
"mediation","boundsdata","Example Data for the Design Functions","https://vincentarelbundock.github.io/Rdatasets/csv/mediation/boundsdata.csv","https://vincentarelbundock.github.io/Rdatasets/doc/mediation/boundsdata.html","GPL (>= 2)","core","psychology","cross-section",1000,7,1000,1000,7,1000,7,0.799277,"1000-1999","6-10","p6-10_n1000-1999",FALSE,FALSE,"out|out.enc|med|med.enc|ttt|manip|enc","data_clean_pool/mediation__boundsdata.csv","cc5a65553b6cddcb6777241ee3cb0a925e8d9496e12f710c7ba4ed05b7e584d4",FALSE
"mlmRev","Exam","Exam scores from inner London","https://vincentarelbundock.github.io/Rdatasets/csv/mlmRev/Exam.csv","https://vincentarelbundock.github.io/Rdatasets/doc/mlmRev/Exam.html","GPL (>= 2)","core","education","cross-section",4059,5,4059,4059,7,1999,7,0.606944,"1000-1999","6-10","p6-10_n1000-1999",TRUE,FALSE,"school|normexam|schavg|standLRT|sex|type|student","data_clean_pool/mlmRev__Exam.csv","e8574f8ca36086edbbae771be3ac4b83dd3c809759413fd778cf7104b6edfb5b",FALSE
"mlmRev","Hsb82","High School and Beyond - 1982","https://vincentarelbundock.github.io/Rdatasets/csv/mlmRev/Hsb82.csv","https://vincentarelbundock.github.io/Rdatasets/doc/mlmRev/Hsb82.html","GPL (>= 2)","core","education","cross-section",7185,7,7185,7185,8,1999,8,0.847137,"1000-1999","6-10","p6-10_n1000-1999",TRUE,FALSE,"school|minrty|sx|ses|mAch|meanses|sector|cses","data_clean_pool/mlmRev__Hsb82.csv","a2a8a17c41004a94efee31c9c84861ed5f685918d7eabc15e617a139d18dd1b4",FALSE
"mlmRev","ScotsSec","Scottish secondary school scores","https://vincentarelbundock.github.io/Rdatasets/csv/mlmRev/ScotsSec.csv","https://vincentarelbundock.github.io/Rdatasets/doc/mlmRev/ScotsSec.html","GPL (>= 2)","core","education","cross-section",3435,4,3435,3435,6,1999,6,0.802202,"1000-1999","6-10","p6-10_n1000-1999",TRUE,FALSE,"verbal|attain|primary|sex|social|second","data_clean_pool/mlmRev__ScotsSec.csv","726f6628485ae9705127e35de8626f55bed892d2930ad7a116c71d59ca8f32ff",FALSE
"mlmRev","guImmun","Immunization in Guatemala","https://vincentarelbundock.github.io/Rdatasets/csv/mlmRev/guImmun.csv","https://vincentarelbundock.github.io/Rdatasets/doc/mlmRev/guImmun.html","GPL (>= 2)","core","education","cross-section",2159,6,2159,2159,7,1999,7,0.235835,"1000-1999","6-10","p6-10_n1000-1999",TRUE,FALSE,"kid|immun|kid2p|mom25p|momWork|rural|pcInd81","data_clean_pool/mlmRev__guImmun.csv","3e80bdb3208557db4d09b139a1078f7bdeb2ec9e735d9f5805fcda199540c885",FALSE
"mlmRev","guPrenat","Prenatal care in Guatemala","https://vincentarelbundock.github.io/Rdatasets/csv/mlmRev/guPrenat.csv","https://vincentarelbundock.github.io/Rdatasets/doc/mlmRev/guPrenat.html","GPL (>= 2)","core","education","cross-section",2449,6,2449,2449,7,1999,7,0.366773,"1000-1999","6-10","p6-10_n1000-1999",TRUE,FALSE,"kid|prenat|childAge|motherAge|toilet|pcInd81|ssDist","data_clean_pool/mlmRev__guPrenat.csv","574e21bbac3b8219e43f25786f1113dce35f0c1a394483e459b01391e11d32e3",FALSE
"mlmRev","s3bbx","Covariates in the Rodriguez and Goldman simulation","https://vincentarelbundock.github.io/Rdatasets/csv/mlmRev/s3bbx.csv","https://vincentarelbundock.github.io/Rdatasets/doc/mlmRev/s3bbx.html","GPL (>= 2)","core","education","cross-section",2449,4,2449,2449,6,1999,6,0.610513,"1000-1999","6-10","p6-10_n1000-1999",TRUE,FALSE,"child|family|community|chldcov|famcov|commcov","data_clean_pool/mlmRev__s3bbx.csv","1e728f0206f60d92536be5ab98501acd9fefad25495ac6d256a8c957a7467e73",FALSE
"mlmRev","star","Student Teacher Achievement Ratio (STAR) project data","https://vincentarelbundock.github.io/Rdatasets/csv/mlmRev/star.csv","https://vincentarelbundock.github.io/Rdatasets/doc/mlmRev/star.html","GPL (>= 2)","core","education","panel",26796,6,26796,23426,8,1999,8,0.880315,"1000-1999","6-10","p6-10_n1000-1999",TRUE,FALSE,"sch|exp|read|math|ses|sx|birthy|yrs","data_clean_pool/mlmRev__star.csv","849a233f948fd92fc8ae3c0eb3937fe1813115a1f688768f986ac747a904efad",FALSE
"plm","EmplUK","Employment and Wages in the United Kingdom","https://vincentarelbundock.github.io/Rdatasets/csv/plm/EmplUK.csv","https://vincentarelbundock.github.io/Rdatasets/doc/plm/EmplUK.html","GPL (>= 2)","core","economics","panel",1031,7,1031,1031,7,1031,7,0.824563,"1000-1999","6-10","p6-10_n1000-1999",FALSE,FALSE,"firm|year|sector|emp|wage|capital|output","data_clean_pool/plm__EmplUK.csv","10692f5c068c0839108b974ba9178f7639636a03bbad9a476b9609f5563d2362",FALSE
"plm","Parity","Purchasing Power Parity and other parity relationships","https://vincentarelbundock.github.io/Rdatasets/csv/plm/Parity.csv","https://vincentarelbundock.github.io/Rdatasets/doc/plm/Parity.html","GPL (>= 2)","core","economics","panel",1768,8,1768,1768,8,1768,8,0.88976,"1000-1999","6-10","p6-10_n1000-1999",FALSE,FALSE,"time|ls|lp|is|il|ld|uis|uil","data_clean_pool/plm__Parity.csv","dba6742e9f97f09cca56a53defe3a6e0d7c57d9c91a9cd05ad4ee9517a048b37",FALSE
"plm","Snmesp","Employment and Wages in Spain","https://vincentarelbundock.github.io/Rdatasets/csv/plm/Snmesp.csv","https://vincentarelbundock.github.io/Rdatasets/doc/plm/Snmesp.html","GPL (>= 2)","core","economics","panel",5904,8,5904,5904,7,1999,7,0.892273,"1000-1999","6-10","p6-10_n1000-1999",TRUE,FALSE,"firm|year|n|w|y|k|f","data_clean_pool/plm__Snmesp.csv","c3477471abbf86b6d0de2dd5f319b910cd7857ee8a789211f0ef0b3af343a79a",FALSE
"pscl","politicalInformation","Interviewer ratings of respondent levels of political information","https://vincentarelbundock.github.io/Rdatasets/csv/pscl/politicalInformation.csv","https://vincentarelbundock.github.io/Rdatasets/doc/pscl/politicalInformation.html","GPL-2","core","political_science","cross-section",1807,6,1807,1791,6,1791,6,0.262162,"1000-1999","6-10","p6-10_n1000-1999",FALSE,FALSE,"collegeDegree|female|age|homeOwn|govt|length","data_clean_pool/pscl__politicalInformation.csv","93fd14cf752b8d795894d501c5d6898a485db567909e38d20148a077d109ca38",FALSE
"stevedata","CFT15","Randomization Inference in the Regression Discontinuity Design: An Application to Party Advantages in the U.S. Senate","https://vincentarelbundock.github.io/Rdatasets/csv/stevedata/CFT15.csv","https://vincentarelbundock.github.io/Rdatasets/doc/stevedata/CFT15.html","GPL-2","core","political_science","panel",1390,9,1390,1108,9,1108,9,0.768857,"1000-1999","6-10","p6-10_n1000-1999",FALSE,FALSE,"state|year|vote|margin|class|termshouse|termssenate|population|treatment","data_clean_pool/stevedata__CFT15.csv","5fc4d31df83f9dd194dfb7942d1512e55e14f94a287b6e242a14165c7c5785d0",FALSE
"stevedata","Dee04","Are There Civics Returns to Education?","https://vincentarelbundock.github.io/Rdatasets/csv/stevedata/Dee04.csv","https://vincentarelbundock.github.io/Rdatasets/doc/stevedata/Dee04.html","GPL-2","core","political_science","cross-section",9227,8,9227,9227,8,1999,8,0.244999,"1000-1999","6-10","p6-10_n1000-1999",TRUE,FALSE,"schoolid|hispanic|college|black|otherrace|female|register|distance","data_clean_pool/stevedata__Dee04.csv","b10bb70e4d080d0c2fcafaac0b7250123745d2e00b31d8c71378d76948cd97e1",TRUE
"stevedata","ESSBE5","Trust in the Police in Belgium (European Social Survey, Round 5)","https://vincentarelbundock.github.io/Rdatasets/csv/stevedata/ESSBE5.csv","https://vincentarelbundock.github.io/Rdatasets/doc/stevedata/ESSBE5.html","GPL-2","core","political_science","cross-section",1704,9,1704,1648,7,1648,7,0.381772,"1000-1999","6-10","p6-10_n1000-1999",FALSE,FALSE,"idno|trstplc|agea|female|eduyrs|hincfel|plcpvcr","data_clean_pool/stevedata__ESSBE5.csv","c0100bb142afeeef83cdb7517d079ded968ac803f3e2b7f54a17e665854d774d",FALSE
"stevedata","anes_prochoice","Abortion Attitudes (ANES, 2012)","https://vincentarelbundock.github.io/Rdatasets/csv/stevedata/anes_prochoice.csv","https://vincentarelbundock.github.io/Rdatasets/doc/stevedata/anes_prochoice.html","GPL-2","core","political_science","cross-section",5914,14,5914,5276,10,1999,10,0.773601,"1000-1999","6-10","p6-10_n1000-1999",TRUE,FALSE,"health|fatal|incest|rape|bd|fin|sex|choice|knowspeaker|addchoice","data_clean_pool/stevedata__anes_prochoice.csv","3cba40dbf9cb6e3898af877cbe11c7210fd9dba9c4ab2b54e81582407b039c98",FALSE
"stevedata","anes_vote84","Simple Data for a Simple Model of Individual Voter Turnout (ANES, 1984)","https://vincentarelbundock.github.io/Rdatasets/csv/stevedata/anes_vote84.csv","https://vincentarelbundock.github.io/Rdatasets/doc/stevedata/anes_vote84.html","GPL-2","core","political_science","cross-section",2257,9,2257,1435,7,1435,7,0.376474,"1000-1999","6-10","p6-10_n1000-1999",FALSE,FALSE,"vote|age|educ|female|south|polint|govrace","data_clean_pool/stevedata__anes_vote84.csv","8ba9ba05aaa3212ba5bc5819de812e497154d8a7fa4d8b919d377238a8c4224a",TRUE
"stevedata","gss_wages","The Gender Pay Gap in the General Social Survey","https://vincentarelbundock.github.io/Rdatasets/csv/stevedata/gss_wages.csv","https://vincentarelbundock.github.io/Rdatasets/doc/stevedata/gss_wages.html","GPL-2","core","political_science","cross-section",61697,7,61697,37230,7,1999,7,0.518726,"1000-1999","6-10","p6-10_n1000-1999",TRUE,FALSE,"year|realrinc|age|occ10|prestg10|childs|gender","data_clean_pool/stevedata__gss_wages.csv","0888fb9f274775f87b1701dbb10eae15bbc5e3fb591d24adb290df50d28552b2",FALSE
"stevedata","mm_nhis","Data from the 2009 National Health Interview Survey (NHIS)","https://vincentarelbundock.github.io/Rdatasets/csv/stevedata/mm_nhis.csv","https://vincentarelbundock.github.io/Rdatasets/doc/stevedata/mm_nhis.html","GPL-2","core","political_science","cross-section",18790,10,18790,18790,10,1999,10,0.492629,"1000-1999","6-10","p6-10_n1000-1999",TRUE,FALSE,"fml|hi|hlth|nwhite|age|yedu|famsize|empl|inc|perweight","data_clean_pool/stevedata__mm_nhis.csv","3f2e90b56d84d1c65ec3c774199d5bfc16bb0f5636e09a14048f55903119e27d",FALSE
"stevedata","mmb_war","Mutual Military Build-Ups and War","https://vincentarelbundock.github.io/Rdatasets/csv/stevedata/mmb_war.csv","https://vincentarelbundock.github.io/Rdatasets/doc/stevedata/mmb_war.html","GPL-2","core","political_science","panel",2324,9,2324,2294,7,1999,7,0.643889,"1000-1999","6-10","p6-10_n1000-1999",TRUE,FALSE,"ccode1|ccode2|micnum|year|dyfatmin|sumevents|mmb","data_clean_pool/stevedata__mmb_war.csv","257535d069aebffb22484c94c4969411c84e15e0b840ad6a6ef2dc4b7a96d8fc",FALSE
"stevedata","nesarc_drinkspd","The Usual Daily Drinking Habits of Americans (NESARC, 2001-2)","https://vincentarelbundock.github.io/Rdatasets/csv/stevedata/nesarc_drinkspd.csv","https://vincentarelbundock.github.io/Rdatasets/doc/stevedata/nesarc_drinkspd.html","GPL-2","core","political_science","cross-section",43093,8,43093,26946,7,1999,7,0.324603,"1000-1999","6-10","p6-10_n1000-1999",TRUE,FALSE,"ethrace2a|region|age|sex|marital|educ|s2aq8b","data_clean_pool/stevedata__nesarc_drinkspd.csv","89386600c316b8ecc6d72cda21a790d900b20f1034f37d76ca21d7c48c5b0f2c",FALSE
"stevedata","pwt_sample","Penn World Table (10.0) Macroeconomic Data for Select Countries, 1950-2019","https://vincentarelbundock.github.io/Rdatasets/csv/stevedata/pwt_sample.csv","https://vincentarelbundock.github.io/Rdatasets/doc/stevedata/pwt_sample.html","GPL-2","core","political_science","panel",1540,10,1540,1523,6,1523,6,0.920351,"1000-1999","6-10","p6-10_n1000-1999",FALSE,FALSE,"year|pop|hc|rgdpna|labsh|avh","data_clean_pool/stevedata__pwt_sample.csv","e510eaf4ebaec94bc41184b8b67aba915a52ebba84bbfa2d5a4442f1b2afff0d",FALSE
"stevedata","voteincome","Sample Turnout and Demographic Data from the 2000 Current Population Survey","https://vincentarelbundock.github.io/Rdatasets/csv/stevedata/voteincome.csv","https://vincentarelbundock.github.io/Rdatasets/doc/stevedata/voteincome.html","GPL-2","core","political_science","cross-section",1500,7,1500,1500,6,1500,6,0.540088,"1000-1999","6-10","p6-10_n1000-1999",FALSE,FALSE,"state|vote|income|education|age|female","data_clean_pool/stevedata__voteincome.csv","8760423025c3b997e48834a93cd7ce644c6b003523d8b0a49049e2e67026dc70",FALSE
"wooldridge","airfare","airfare","https://vincentarelbundock.github.io/Rdatasets/csv/wooldridge/airfare.csv","https://vincentarelbundock.github.io/Rdatasets/doc/wooldridge/airfare.html","GPL-3","core","economics","panel",4596,14,4596,4596,10,1999,10,0.941046,"1000-1999","6-10","p6-10_n1000-1999",TRUE,FALSE,"year|dist|passen|fare|bmktshr|ldist|y98|y99|y00|lpassen","data_clean_pool/wooldridge__airfare.csv","016d3b580021fece8a5430d6750b8965753067072177fb17a5951a0fc2f3ca2c",FALSE
"wooldridge","charity","charity","https://vincentarelbundock.github.io/Rdatasets/csv/wooldridge/charity.csv","https://vincentarelbundock.github.io/Rdatasets/doc/wooldridge/charity.html","GPL-3","core","economics","cross-section",4268,8,4268,4268,7,1999,7,0.651957,"1000-1999","6-10","p6-10_n1000-1999",TRUE,FALSE,"respond|gift|resplast|weekslast|propresp|mailsyear|giftlast","data_clean_pool/wooldridge__charity.csv","e3792ff53b455256170c6e2a03719e43d165a6489636220a8ea5e5ebd51f3053",FALSE
"wooldridge","jtrain98","jtrain98","https://vincentarelbundock.github.io/Rdatasets/csv/wooldridge/jtrain98.csv","https://vincentarelbundock.github.io/Rdatasets/doc/wooldridge/jtrain98.html","GPL-3","core","economics","cross-section",1130,10,1130,1130,10,1130,10,0.740539,"1000-1999","6-10","p6-10_n1000-1999",FALSE,FALSE,"train|age|educ|black|hisp|married|earn96|unem96|earn98|unem98","data_clean_pool/wooldridge__jtrain98.csv","190611d199942177c5aa2d91bb16626ae9ae2e43ba65fd644c46b2a419b3650a",FALSE
"wooldridge","k401k","k401k","https://vincentarelbundock.github.io/Rdatasets/csv/wooldridge/k401k.csv","https://vincentarelbundock.github.io/Rdatasets/doc/wooldridge/k401k.html","GPL-3","core","economics","cross-section",1534,8,1534,1534,7,1534,7,0.811043,"1000-1999","6-10","p6-10_n1000-1999",FALSE,FALSE,"prate|mrate|totpart|age|totemp|sole|ltotemp","data_clean_pool/wooldridge__k401k.csv","3fe3223aff3675410a52c24fdcc3212d67cf90ab905c897593cc63b3ae3b2344",FALSE
"wooldridge","k401ksubs","k401ksubs","https://vincentarelbundock.github.io/Rdatasets/csv/wooldridge/k401ksubs.csv","https://vincentarelbundock.github.io/Rdatasets/doc/wooldridge/k401ksubs.html","GPL-3","core","economics","cross-section",9275,11,9275,9275,10,1999,10,0.937425,"1000-1999","6-10","p6-10_n1000-1999",TRUE,FALSE,"e401k|inc|marr|male|age|fsize|nettfa|p401k|pira|incsq","data_clean_pool/wooldridge__k401ksubs.csv","b82de492fdb54b5c89eabfa6274b8fd2e46506fa81582c793611aace4daa9c09",FALSE
"wooldridge","meap00_01","meap00_01","https://vincentarelbundock.github.io/Rdatasets/csv/wooldridge/meap00_01.csv","https://vincentarelbundock.github.io/Rdatasets/doc/wooldridge/meap00_01.html","GPL-3","core","economics","cross-section",1692,9,1692,1692,7,1692,7,0.834454,"1000-1999","6-10","p6-10_n1000-1999",FALSE,FALSE,"dcode|bcode|math4|read4|lunch|enroll|exppp","data_clean_pool/wooldridge__meap00_01.csv","a8a8aea718e8e22d11b26851f2fbd8fbc011167c3fe667d174d5ae5f28c8dfae",FALSE
"wooldridge","meap01","meap01","https://vincentarelbundock.github.io/Rdatasets/csv/wooldridge/meap01.csv","https://vincentarelbundock.github.io/Rdatasets/doc/wooldridge/meap01.html","GPL-3","core","economics","cross-section",1823,11,1823,1823,10,1823,10,0.948651,"1000-1999","6-10","p6-10_n1000-1999",FALSE,FALSE,"dcode|bcode|math4|read4|lunch|enroll|expend|exppp|lenroll|lexpend","data_clean_pool/wooldridge__meap01.csv","fb007a12436d2be8f77327e8997567e12b81b5650df099fc29020563568634fe",FALSE
"AER","MASchools","Massachusetts Test Score Data","https://vincentarelbundock.github.io/Rdatasets/csv/AER/MASchools.csv","https://vincentarelbundock.github.io/Rdatasets/doc/AER/MASchools.html","GPL-2 | GPL-3","core","economics","cross-section",220,14,220,155,14,155,14,0.857858,"30-199","11-20","p11-20_n30-199",FALSE,FALSE,"district|expreg|expspecial|expbil|expocc|scratio|special|lunch|stratio|income|score4|score8|salary|english","data_clean_pool/AER__MASchools.csv","f0b5b930a630337f9bc34a27c3188b7d46976ea58a6893209cd3c00fe293bbcf",FALSE
"AER","Mortgage","Fixed versus Adjustable Mortgages","https://vincentarelbundock.github.io/Rdatasets/csv/AER/Mortgage.csv","https://vincentarelbundock.github.io/Rdatasets/doc/AER/Mortgage.html","GPL-2 | GPL-3","core","economics","panel",78,16,78,78,16,78,15,0.629605,"30-199","11-20","p11-20_n30-199",FALSE,FALSE,"rate|age|school|networth|interest|points|maturities|years|married|first|tdiff|margin|coborrower|liability|liquid","data_clean_pool/AER__Mortgage.csv","2ddd742f8a08f3025ae5a1ed50207de99214f23d2e6dc97be142675e46c3b4e0",FALSE
"Ecdat","Bids","Bids Received By U.S. Firms","https://vincentarelbundock.github.io/Rdatasets/csv/Ecdat/Bids.csv","https://vincentarelbundock.github.io/Rdatasets/doc/Ecdat/Bids.html","GPL (>= 2)","core","economics","cross-section",126,12,126,126,11,126,11,0.375269,"30-199","11-20","p11-20_n30-199",FALSE,FALSE,"docno|weeks|numbids|bidprem|insthold|size|leglrest|rearest|finrest|regulatn|whtknght","data_clean_pool/Ecdat__Bids.csv","bd82de20b2081dc986c0d228d5bd0f5d8385cd45be309bab2cd43ee3ef92bc78",FALSE
"Ecdat","MCAS","The Massachusetts Test Score Data Set","https://vincentarelbundock.github.io/Rdatasets/csv/Ecdat/MCAS.csv","https://vincentarelbundock.github.io/Rdatasets/doc/Ecdat/MCAS.html","GPL (>= 2)","core","economics","cross-section",220,15,220,155,13,155,13,0.857858,"30-199","11-20","p11-20_n30-199",FALSE,FALSE,"regday|specneed|bilingua|occupday|spc|speced|lnchpct|tchratio|percap|totsc4|totsc8|avgsalary|pctel","data_clean_pool/Ecdat__MCAS.csv","f5a1b25ffcf139722e8444124081ba4811283c40460280ab2181a68a8e29aac1",FALSE
"Ecdat","University","Provision of University Teaching and Research","https://vincentarelbundock.github.io/Rdatasets/csv/Ecdat/University.csv","https://vincentarelbundock.github.io/Rdatasets/doc/Ecdat/University.html","GPL (>= 2)","core","economics","cross-section",62,17,62,62,14,62,14,0.93728,"30-199","11-20","p11-20_n30-199",FALSE,FALSE,"undstudents|poststudents|nassets|acnumbers|acrelnum|compop|techn|stfees|acrelpay|secrpay|admpay|furneq|landbuild|resgr","data_clean_pool/Ecdat__University.csv","0b9b387ed6e0bd1592f4205952cf00f6d4400548aac628f65b31ba79f3d2fe3e",TRUE
"causaldata","auto","Automobile data from Stata","https://vincentarelbundock.github.io/Rdatasets/csv/causaldata/auto.csv","https://vincentarelbundock.github.io/Rdatasets/doc/causaldata/auto.html","MIT + file LICENSE","core","social_science","cross-section",74,12,74,69,11,69,11,0.94783,"30-199","11-20","p11-20_n30-199",FALSE,FALSE,"price|mpg|rep78|headroom|trunk|weight|length|turn|displacement|gear_ratio|foreign","data_clean_pool/causaldata__auto.csv","ce4fadea2ed653f4688b57cd6063b508e85c6504d5edea53dba7f736e464a0cc",FALSE
"crimedatasets","UScrime_df","The Effect of Punishment Regimes on Crime Rates","https://vincentarelbundock.github.io/Rdatasets/csv/crimedatasets/UScrime_df.csv","https://vincentarelbundock.github.io/Rdatasets/doc/crimedatasets/UScrime_df.html","GPL-3","core","criminology","cross-section",47,16,47,47,15,47,15,0.883997,"30-199","11-20","p11-20_n30-199",FALSE,FALSE,"M|So|Ed|Po1|LF|M.F|Pop|NW|U1|U2|GDP|Ineq|Prob|Time|y","data_clean_pool/crimedatasets__UScrime_df.csv","03f423df6d2ba762e8c9a298d832c477592f8f505e0fba499d731d5cd1b7b61a",FALSE
"crimedatasets","hate_crimes_tbl_df","US Hate Crimes & Socioeconomic Factors","https://vincentarelbundock.github.io/Rdatasets/csv/crimedatasets/hate_crimes_tbl_df.csv","https://vincentarelbundock.github.io/Rdatasets/doc/crimedatasets/hate_crimes_tbl_df.html","GPL-3","core","criminology","cross-section",51,11,51,45,11,45,11,0.813078,"30-199","11-20","p11-20_n30-199",FALSE,FALSE,"median_house_inc|share_unemp_seas|share_pop_metro|share_pop_hs|share_non_citizen|share_white_poverty|gini_index|share_non_white|share_vote_trump|hate_crimes_per_100k_splc|avg_hatecrimes_per_100k_fbi","data_clean_pool/crimedatasets__hate_crimes_tbl_df.csv","f9e7de588e2a4af5f7832bc8e0db53f463169474769d9e0c1ab8663c443f0408",FALSE
"psych","small.msq","A small example data set taken from a larger data set","https://vincentarelbundock.github.io/Rdatasets/csv/psych/small.msq.csv","https://vincentarelbundock.github.io/Rdatasets/doc/psych/small.msq.html","GPL (>= 2)","core","psychology","cross-section",200,14,200,134,14,134,14,0.817581,"30-199","11-20","p11-20_n30-199",FALSE,FALSE,"active|alert|aroused|sleepy|tired|drowsy|anxious|jittery|nervous|calm|relaxed|at.ease|gender|drug","data_clean_pool/psych__small.msq.csv","62a0cf01ac80dc7edd1db51e00421facf83fe9b0d1685b8f36f326868cd54122",FALSE
"sem","Bollen","Bollen's Data on Industrialization and Political Democracy","https://vincentarelbundock.github.io/Rdatasets/csv/sem/Bollen.csv","https://vincentarelbundock.github.io/Rdatasets/doc/sem/Bollen.html","GPL (>= 2)","core","psychology","cross-section",75,11,75,75,11,75,11,0.894496,"30-199","11-20","p11-20_n30-199",FALSE,FALSE,"y1|y2|y3|y4|y5|y6|y7|y8|x1|x2|x3","data_clean_pool/sem__Bollen.csv","f42fd73993c2f3edff972d95953e72f1fb462bdaf939c1ba4e35c0c9aae52559",FALSE
"stevedata","DCE12","Domestic Conflict Events, 2012","https://vincentarelbundock.github.io/Rdatasets/csv/stevedata/DCE12.csv","https://vincentarelbundock.github.io/Rdatasets/doc/stevedata/DCE12.html","GPL-2","core","political_science","cross-section",198,18,198,106,15,106,15,0.868635,"30-199","11-20","p11-20_n30-199",FALSE,FALSE,"assassinations|strikes|guerwar|govtcrises|purges|riots|revolutions|agd|wci|area|adultpop|gdppc|urbanshare|polyarchy|perctser","data_clean_pool/stevedata__DCE12.csv","d6af059c835a6df22ff595d9dc78907a826ae6b3cb7b91452a97e7e86fa5d4f8",FALSE
"stevedata","EBJ","The Economic Benefits of Justice","https://vincentarelbundock.github.io/Rdatasets/csv/stevedata/EBJ.csv","https://vincentarelbundock.github.io/Rdatasets/doc/stevedata/EBJ.html","GPL-2","core","political_science","cross-section",95,12,95,95,11,95,11,0.604413,"30-199","11-20","p11-20_n30-199",FALSE,FALSE,"testnewid_lag|ccode|fdi|pcj|econ_devel|econ_size|econ_growth|kaopen|xr|lf|lifeexp","data_clean_pool/stevedata__EBJ.csv","e244e6764b1ef6bfbfd5bc4672e8c244b28d53d98ad525c6768521bc7e996550",FALSE
"stevedata","GHR04","Comparative Public Health: The Political Economy of Human Misery and Well-Being","https://vincentarelbundock.github.io/Rdatasets/csv/stevedata/GHR04.csv","https://vincentarelbundock.github.io/Rdatasets/doc/stevedata/GHR04.html","GPL-2","core","political_science","cross-section",182,15,182,179,13,179,13,0.9275,"30-199","11-20","p11-20_n30-199",FALSE,FALSE,"pubhlthexppgdp|totexphlth|hale|log_gdppc|gini|log_educ|log_vanhanen|rivalry|polity|prvhlthexpgdp|urban_growth|cwdeaths|contig_cw","data_clean_pool/stevedata__GHR04.csv","b6f57bb152a3b86f88fa2812d9c266686fdc77e99d288eaf501a17b914a1079e",TRUE
"stevedata","OODTPT","Data for ""Optimal Obfuscation: Democracy and Trade Policy Transparency""","https://vincentarelbundock.github.io/Rdatasets/csv/stevedata/OODTPT.csv","https://vincentarelbundock.github.io/Rdatasets/doc/stevedata/OODTPT.html","GPL-2","core","political_science","cross-section",75,15,75,72,13,72,13,0.821129,"30-199","11-20","p11-20_n30-199",FALSE,FALSE,"tariff|corecov|qualcov|polity|iec|lngdppc|lngdp|lnexpgdp|reer|growth|dimpgdp|lngovcons|gatt","data_clean_pool/stevedata__OODTPT.csv","50847795b63a2b65c4b7bd883fd0613507fde4dde34e4bca6752f95f28fd2ea8",FALSE
"stevedata","SCP16","South Carolina County GOP/Democratic Primary Data, 2016","https://vincentarelbundock.github.io/Rdatasets/csv/stevedata/SCP16.csv","https://vincentarelbundock.github.io/Rdatasets/doc/stevedata/SCP16.html","GPL-2","core","political_science","cross-section",46,14,46,46,11,46,11,0.916497,"30-199","11-20","p11-20_n30-199",FALSE,FALSE,"clinton|trump|cruz|rubio|percapinc|medhouseinc|illiteracy|perblack|population|perhsgrad|unemployment","data_clean_pool/stevedata__SCP16.csv","037cb24b9d8f29a1df4848938c6b28cc5c558aa60990f3d75afd8bd6d7e8a22b",TRUE
"stevedata","mm_mlda","Minimum Legal Drinking Age Fatalities Data","https://vincentarelbundock.github.io/Rdatasets/csv/stevedata/mm_mlda.csv","https://vincentarelbundock.github.io/Rdatasets/doc/stevedata/mm_mlda.html","GPL-2","core","political_science","cross-section",50,19,50,48,15,48,15,0.892988,"30-199","11-20","p11-20_n30-199",FALSE,FALSE,"agecell|all|allfitted|internal|external|externalfitted|alcohol|homicide|homicidefitted|suicide|mva|mvafitted|drugs|externalother|externalotherfitted","data_clean_pool/stevedata__mm_mlda.csv","43e8d157a2c31cfb2667ea8ab40d42dc3f971a71ab0fc8766fdccea3f534c0fc",FALSE
"wooldridge","ceosal2","ceosal2","https://vincentarelbundock.github.io/Rdatasets/csv/wooldridge/ceosal2.csv","https://vincentarelbundock.github.io/Rdatasets/doc/wooldridge/ceosal2.html","GPL-3","core","economics","cross-section",177,15,177,177,14,177,13,0.928526,"30-199","11-20","p11-20_n30-199",FALSE,FALSE,"salary|age|grad|comten|ceoten|sales|profits|mktval|lsalary|lsales|lmktval|ceotensq|profmarg","data_clean_pool/wooldridge__ceosal2.csv","1fb0fe0963b78b3fbd16f81c71027672924cf9dbc0058f2a2bc6654ca07c5d1b",FALSE
"wooldridge","ezanders","ezanders","https://vincentarelbundock.github.io/Rdatasets/csv/wooldridge/ezanders.csv","https://vincentarelbundock.github.io/Rdatasets/doc/wooldridge/ezanders.html","GPL-3","core","economics","cross-section",108,25,108,107,23,107,11,0.86605,"30-199","11-20","p11-20_n30-199",FALSE,FALSE,"uclms|ez|year|y81|y82|y83|y84|y85|y86|y87|y88","data_clean_pool/wooldridge__ezanders.csv","633bfb0d375da35d398c4acb2a725999ee2fd717795684a71fea70cb1e83f891",TRUE
"wooldridge","ezunem","ezunem","https://vincentarelbundock.github.io/Rdatasets/csv/wooldridge/ezunem.csv","https://vincentarelbundock.github.io/Rdatasets/doc/wooldridge/ezunem.html","GPL-3","core","economics","panel",198,37,198,176,37,176,15,0.859193,"30-199","11-20","p11-20_n30-199",FALSE,FALSE,"year|uclms|ez|d81|d82|d83|d84|d85|d86|d87|d88|luclms|guclms|cez|city","data_clean_pool/wooldridge__ezunem.csv","bab4082d9c9310cf9f4be167d0519f2c457b025a7284489bdc920e9888792908",TRUE
"wooldridge","intqrt","intqrt","https://vincentarelbundock.github.io/Rdatasets/csv/wooldridge/intqrt.csv","https://vincentarelbundock.github.io/Rdatasets/doc/wooldridge/intqrt.html","GPL-3","core","economics","cross-section",124,23,124,121,12,121,12,0.929257,"30-199","11-20","p11-20_n30-199",FALSE,FALSE,"r3|hy6|spr63|hy3_1|hy6_1|spr63_1|hy6hy3_1|cr3|chy6|chy6_1|chy3_1|cspr63","data_clean_pool/wooldridge__intqrt.csv","e909b9014be1bddd134649a3d603954537188329b45a9ce9231cb990f9f5de6e",FALSE
"wooldridge","lawsch85","lawsch85","https://vincentarelbundock.github.io/Rdatasets/csv/wooldridge/lawsch85.csv","https://vincentarelbundock.github.io/Rdatasets/doc/wooldridge/lawsch85.html","GPL-3","core","economics","cross-section",156,21,156,90,19,90,17,0.915678,"30-199","11-20","p11-20_n30-199",FALSE,FALSE,"rank|salary|cost|LSAT|GPA|libvol|faculty|age|clsize|north|south|east|west|studfac|r11_25|r41_60|llibvol","data_clean_pool/wooldridge__lawsch85.csv","e3e1eeb150c98e636804313f3b47b0906faf823ad130cf30f878667b3fcaf853",FALSE
"wooldridge","pension","pension","https://vincentarelbundock.github.io/Rdatasets/csv/wooldridge/pension.csv","https://vincentarelbundock.github.io/Rdatasets/doc/wooldridge/pension.html","GPL-3","core","economics","cross-section",194,19,194,191,18,191,18,0.459377,"30-199","11-20","p11-20_n30-199",FALSE,FALSE,"pyears|prftshr|choice|female|married|age|educ|finc25|finc35|finc50|finc75|finc100|finc101|wealth89|black|stckin89|irain89|pctstck","data_clean_pool/wooldridge__pension.csv","2ea974a5b9b91c602adc2e2e6f7860540bb9e9c7820622d261a4738a997f8379",FALSE
"wooldridge","rental","rental","https://vincentarelbundock.github.io/Rdatasets/csv/wooldridge/rental.csv","https://vincentarelbundock.github.io/Rdatasets/doc/wooldridge/rental.html","GPL-3","core","economics","panel",128,23,128,64,16,64,16,0.933277,"30-199","11-20","p11-20_n30-199",FALSE,FALSE,"city|pop|enroll|rent|tothsg|avginc|lenroll|lpop|ltothsg|clpop|clrent|cltothsg|clrnthsg|clavginc|pctstu|cpctstu","data_clean_pool/wooldridge__rental.csv","f63a8b70560a738ba82e98b95331d942f3514609684bab5e4b5a5795c5b21e98",FALSE
"wooldridge","return","return","https://vincentarelbundock.github.io/Rdatasets/csv/wooldridge/return.csv","https://vincentarelbundock.github.io/Rdatasets/doc/wooldridge/return.html","GPL-3","core","economics","cross-section",142,12,142,142,12,142,12,0.903435,"30-199","11-20","p11-20_n30-199",FALSE,FALSE,"roe|rok|dkr|eps|netinc|sp90|sp94|salary|return|lsalary|lsp90|lnetinc","data_clean_pool/wooldridge__return.csv","3a8b78c1a4fbb7b6c1a33fdcffd7b95101978f61e8dfcb938d490859a268ad7b",TRUE
"AER","CASchools","California Test Score Data","https://vincentarelbundock.github.io/Rdatasets/csv/AER/CASchools.csv","https://vincentarelbundock.github.io/Rdatasets/doc/AER/CASchools.html","GPL-2 | GPL-3","core","economics","cross-section",420,11,420,420,11,420,11,0.928882,"200-499","11-20","p11-20_n200-499",FALSE,FALSE,"district|grades|students|calworks|lunch|computer|expenditure|income|english|read|math","data_clean_pool/AER__CASchools.csv","f8aa70b009fb25c249b116b8eb382c88b2a68e570549ed5ad82d980a6aaba404",FALSE
"AER","TeachingRatings","Impact of Beauty on Instructor's Teaching Ratings","https://vincentarelbundock.github.io/Rdatasets/csv/AER/TeachingRatings.csv","https://vincentarelbundock.github.io/Rdatasets/doc/AER/TeachingRatings.html","GPL-2 | GPL-3","core","economics","cross-section",463,11,463,463,11,463,11,0.459876,"200-499","11-20","p11-20_n200-499",FALSE,FALSE,"minority|age|gender|credits|beauty|eval|division|native|tenure|students|prof","data_clean_pool/AER__TeachingRatings.csv","f2bcef36d594a087b8b6a1a1310233023c31856947944a6deea2617225c8b30d",FALSE
"Ecdat","Caschool","The California Test Score Data Set","https://vincentarelbundock.github.io/Rdatasets/csv/Ecdat/Caschool.csv","https://vincentarelbundock.github.io/Rdatasets/doc/Ecdat/Caschool.html","GPL (>= 2)","core","economics","cross-section",420,15,420,420,12,420,12,0.928882,"200-499","11-20","p11-20_n200-499",FALSE,FALSE,"distcod|grspan|enrltot|calwpct|mealpct|computer|testscr|compstu|expnstu|str|avginc|elpct","data_clean_pool/Ecdat__Caschool.csv","d41d467f2163a3d45da212683005d452c2f178f691e59548a4e6967fe6c8adac",FALSE
"Ecdat","Clothing","Sales Data of Men's Fashion Stores","https://vincentarelbundock.github.io/Rdatasets/csv/Ecdat/Clothing.csv","https://vincentarelbundock.github.io/Rdatasets/doc/Ecdat/Clothing.html","GPL (>= 2)","core","economics","cross-section",400,13,400,400,13,400,13,0.807764,"200-499","11-20","p11-20_n200-499",FALSE,FALSE,"tsales|sales|margin|nown|nfull|npart|naux|hoursw|hourspw|inv1|inv2|ssize|start","data_clean_pool/Ecdat__Clothing.csv","7dc84bf0353af56db0d5cd3e22a293e50056daa8d4964fef3e941f1a9daf00c7",TRUE
"Ecdat","FriendFoe","Data from the Television Game Show Friend Or Foe ?","https://vincentarelbundock.github.io/Rdatasets/csv/Ecdat/FriendFoe.csv","https://vincentarelbundock.github.io/Rdatasets/doc/Ecdat/FriendFoe.html","GPL (>= 2)","core","economics","cross-section",227,12,227,227,12,227,12,0.760452,"200-499","11-20","p11-20_n200-499",FALSE,FALSE,"sex|white|age|play|round|season|cash|sex1|age1|play1|win|win1","data_clean_pool/Ecdat__FriendFoe.csv","b0b085c34e3bbce01b495873037359bfab17ee914faab3525f76c42bf641d2c2",FALSE
"Ecdat","HC","Heating and Cooling System Choice in Newly Built Houses in California","https://vincentarelbundock.github.io/Rdatasets/csv/Ecdat/HC.csv","https://vincentarelbundock.github.io/Rdatasets/doc/Ecdat/HC.html","GPL (>= 2)","core","economics","cross-section",250,17,250,250,14,250,14,0.403085,"200-499","11-20","p11-20_n200-499",FALSE,FALSE,"ich.gcc|ich.ecc|ich.erc|ich.hpc|ich.gc|ich.ec|ich.er|icca|och.gcc|och.ecc|och.erc|och.hpc|occa|income","data_clean_pool/Ecdat__HC.csv","fc9ab274769fcd68b9e9938cfcfae3709177871390f16e1f56c1ad90b1c97c17",FALSE
"experimentr","balcells","Data from ""Do transitional justice museums persuade visitors? Evidence from a field experiment""","https://vincentarelbundock.github.io/Rdatasets/csv/experimentr/balcells.csv","https://vincentarelbundock.github.io/Rdatasets/doc/experimentr/balcells.html","MIT + file LICENSE","core","social_science","cross-section",264,14,264,245,14,245,14,0.517945,"200-499","11-20","p11-20_n200-499",FALSE,FALSE,"age|gender|pre_ideology_1|pre_economic_situation|pre_political_interest|pre_religion_importance|total_museums|pre_conf_gov|pre_inst_gov|pre_current_ineq|pre_positive|pre_negative|treatmentgroup|f3","data_clean_pool/experimentr__balcells.csv","97b46dac05d745c12237a81d84b980354ffe32b604f02e4ace418caa3886555f",FALSE
"mediation","framing","Brader, Valentino and Suhay (2008) Framing Experiment Data","https://vincentarelbundock.github.io/Rdatasets/csv/mediation/framing.csv","https://vincentarelbundock.github.io/Rdatasets/doc/mediation/framing.html","GPL (>= 2)","core","psychology","cross-section",265,15,265,265,12,265,12,0.893387,"200-499","11-20","p11-20_n200-499",FALSE,FALSE,"cond|age|gender|income|emo|p_harm|tone|eth|treat|immigr|anti_info|cong_mesg","data_clean_pool/mediation__framing.csv","be6854a7048cab3e1a546f33c850869facbd82cb681d1db0b0a6d857471c34a2",FALSE
"stevedata","states_war","State Performance in Inter-State Wars","https://vincentarelbundock.github.io/Rdatasets/csv/stevedata/states_war.csv","https://vincentarelbundock.github.io/Rdatasets/doc/stevedata/states_war.html","GPL-2","core","political_science","cross-section",284,23,284,229,18,229,18,0.947071,"200-499","11-20","p11-20_n200-499",FALSE,FALSE,"micnum|ccode|mindur|sidea|orig|hiact|fatalmin|oppfatalmin|milex|milper|cinc|tpop|v2x_polyarchy|polity2|xm_qudsest|wbgdp2011est|wbpopest|wbgdppc2011est","data_clean_pool/stevedata__states_war.csv","ae332f0bb250b5b638a90289276656c51061afbdc819313ce05ebfe1558e4d05",TRUE
"wooldridge","ceosal1","ceosal1","https://vincentarelbundock.github.io/Rdatasets/csv/wooldridge/ceosal1.csv","https://vincentarelbundock.github.io/Rdatasets/doc/wooldridge/ceosal1.html","GPL-3","core","economics","cross-section",209,12,209,209,12,209,12,0.794208,"200-499","11-20","p11-20_n200-499",FALSE,FALSE,"salary|pcsalary|sales|roe|pcroe|ros|indus|finance|consprod|utility|lsalary|lsales","data_clean_pool/wooldridge__ceosal1.csv","f82f8a61cb913a0c558b604db9dfd6bc90bf357d2daa899e5d60245faf8bffcb",FALSE
"wooldridge","engin","engin","https://vincentarelbundock.github.io/Rdatasets/csv/wooldridge/engin.csv","https://vincentarelbundock.github.io/Rdatasets/doc/wooldridge/engin.html","GPL-3","core","economics","cross-section",403,17,403,403,12,403,12,0.883653,"200-499","11-20","p11-20_n200-499",FALSE,FALSE,"male|educ|wage|swage|exper|pexper|highgrad|college|grad|polytech|highdrop|mleeduc0","data_clean_pool/wooldridge__engin.csv","f60bdec9794fa53a96eb720718e4b7a83ee110e0d12c21956e9346fb89172fa1",FALSE
"wooldridge","gpa3","gpa3","https://vincentarelbundock.github.io/Rdatasets/csv/wooldridge/gpa3.csv","https://vincentarelbundock.github.io/Rdatasets/doc/wooldridge/gpa3.html","GPL-3","core","economics","panel",732,23,732,366,19,366,19,0.910629,"200-499","11-20","p11-20_n200-499",FALSE,FALSE,"sat|tothrs|cumgpa|season|crsgpa|verbmath|trmgpa|hssize|hsrank|female|black|white|ctrmgpa|ctothrs|ccrsgpa|ccrspop|cseason|hsperc|football","data_clean_pool/wooldridge__gpa3.csv","f0a02f4042eba95b052d2d8d2d6829e205a23c9201d69ab44230454533a2d44b",FALSE
"wooldridge","hprice3","hprice3","https://vincentarelbundock.github.io/Rdatasets/csv/wooldridge/hprice3.csv","https://vincentarelbundock.github.io/Rdatasets/doc/wooldridge/hprice3.html","GPL-3","core","economics","cross-section",321,19,321,321,13,321,13,0.915937,"200-499","11-20","p11-20_n200-499",FALSE,FALSE,"year|age|agesq|nbh|cbd|linst|price|rooms|area|land|baths|ldist|lland","data_clean_pool/wooldridge__hprice3.csv","e92daadccf24accb59563c0725667ef30fb9fb959af484094432b6c9a54ba920",TRUE
"wooldridge","jtrain2","jtrain2","https://vincentarelbundock.github.io/Rdatasets/csv/wooldridge/jtrain2.csv","https://vincentarelbundock.github.io/Rdatasets/doc/wooldridge/jtrain2.html","GPL-3","core","economics","cross-section",445,19,445,445,18,445,18,0.944878,"200-499","11-20","p11-20_n200-499",FALSE,FALSE,"train|age|educ|black|hisp|married|nodegree|mosinex|re74|re75|re78|unem74|unem75|unem78|lre74|lre75|lre78|mostrn","data_clean_pool/wooldridge__jtrain2.csv","bb746828b38d650ae5f236477a95ae63bf5db8aace102db0a386c8047e46b216",TRUE
"wooldridge","kielmc","kielmc","https://vincentarelbundock.github.io/Rdatasets/csv/wooldridge/kielmc.csv","https://vincentarelbundock.github.io/Rdatasets/doc/wooldridge/kielmc.html","GPL-3","core","economics","cross-section",321,25,321,321,17,321,17,0.915937,"200-499","11-20","p11-20_n200-499",FALSE,FALSE,"year|age|agesq|nbh|cbd|lintst|price|rooms|area|land|baths|ldist|wind|lland|nearinc|y81nrinc|lrprice","data_clean_pool/wooldridge__kielmc.csv","3e8f9af27338fb5294525b24d027837f1b92a60028b34000b2f10272113e10fd",FALSE
"wooldridge","meap93","meap93","https://vincentarelbundock.github.io/Rdatasets/csv/wooldridge/meap93.csv","https://vincentarelbundock.github.io/Rdatasets/doc/wooldridge/meap93.html","GPL-3","core","economics","cross-section",408,17,408,408,12,408,12,0.858584,"200-499","11-20","p11-20_n200-499",FALSE,FALSE,"lnchprg|enroll|staff|expend|salary|benefits|droprate|gradrate|math10|sci11|lenroll|bensal","data_clean_pool/wooldridge__meap93.csv","3ed9da88f6fe2e492779204c64ab519fe0a93696b1b5d16bc7e54aa567e79ec7",FALSE
"wooldridge","meapsingle","meapsingle","https://vincentarelbundock.github.io/Rdatasets/csv/wooldridge/meapsingle.csv","https://vincentarelbundock.github.io/Rdatasets/doc/wooldridge/meapsingle.html","GPL-3","core","economics","cross-section",229,18,229,229,14,229,14,0.935386,"200-499","11-20","p11-20_n200-499",FALSE,FALSE,"dcode|bcode|math4|read4|enroll|exppp|free|reduced|medinc|totchild|married|single|pctsgle|zipcode","data_clean_pool/wooldridge__meapsingle.csv","6c0dde03c8c4d04c6027af63ac07f36e3fcb816de88bc952b875cb0cd8f3cc5d",FALSE
"wooldridge","mroz","mroz","https://vincentarelbundock.github.io/Rdatasets/csv/wooldridge/mroz.csv","https://vincentarelbundock.github.io/Rdatasets/doc/wooldridge/mroz.html","GPL-3","core","economics","cross-section",753,22,753,428,20,428,20,0.929874,"200-499","11-20","p11-20_n200-499",FALSE,FALSE,"hours|kidslt6|kidsge6|age|educ|wage|repwage|hushrs|husage|huseduc|huswage|faminc|mtr|motheduc|fatheduc|unem|city|exper|nwifeinc|lwage","data_clean_pool/wooldridge__mroz.csv","c6e48a5a0f528fbd801aec538c6436ea79af253f67fc1b8190d021c9a07526f0",FALSE
"wooldridge","nbasal","nbasal","https://vincentarelbundock.github.io/Rdatasets/csv/wooldridge/nbasal.csv","https://vincentarelbundock.github.io/Rdatasets/doc/wooldridge/nbasal.html","GPL-3","core","economics","cross-section",269,22,269,240,20,240,20,0.94617,"200-499","11-20","p11-20_n200-499",FALSE,FALSE,"marr|wage|exper|age|coll|games|minutes|guard|forward|center|points|rebounds|assists|draft|allstar|avgmin|lwage|black|children|marrblck","data_clean_pool/wooldridge__nbasal.csv","bc0e0a1067b30d69c428ac10e7164e8722402263596d2690e7d59b361fbbb700",FALSE
"wooldridge","slp75_81","slp75_81","https://vincentarelbundock.github.io/Rdatasets/csv/wooldridge/slp75_81.csv","https://vincentarelbundock.github.io/Rdatasets/doc/wooldridge/slp75_81.html","GPL-3","core","economics","cross-section",239,20,239,239,19,239,19,0.831391,"200-499","11-20","p11-20_n200-499",FALSE,FALSE,"age75|educ75|gdhlth75|gdhlth81|male|marr75|marr81|slpnap75|slpnap81|totwrk75|totwrk81|yngkid75|yngkid81|ceduc|cgdhlth|cmarr|cslpnap|ctotwrk|cyngkid","data_clean_pool/wooldridge__slp75_81.csv","50c0b051f9772ebf95e956e1e764c0286d7fbbfdfcecd78eddf10df75a464ddd",FALSE
"AER","HousePrices","House Prices in the City of Windsor, Canada","https://vincentarelbundock.github.io/Rdatasets/csv/AER/HousePrices.csv","https://vincentarelbundock.github.io/Rdatasets/doc/AER/HousePrices.html","GPL-2 | GPL-3","core","economics","cross-section",546,12,546,546,12,546,12,0.535796,"500-999","11-20","p11-20_n500-999",FALSE,FALSE,"price|lotsize|bedrooms|bathrooms|stories|driveway|recreation|fullbase|gasheat|aircon|garage|prefer","data_clean_pool/AER__HousePrices.csv","351f4caa259ce66c8b330191eaed5d0a2090421fdea8c3ffea13ea039f3c501e",FALSE
"AER","Medicaid1986","Medicaid Utilization Data","https://vincentarelbundock.github.io/Rdatasets/csv/AER/Medicaid1986.csv","https://vincentarelbundock.github.io/Rdatasets/doc/AER/Medicaid1986.html","GPL-2 | GPL-3","core","economics","cross-section",996,14,996,996,14,996,14,0.944247,"500-999","11-20","p11-20_n500-999",FALSE,FALSE,"visits|exposure|children|age|income|health1|health2|access|married|gender|ethnicity|school|enroll|program","data_clean_pool/AER__Medicaid1986.csv","7db9d5df9b2637325b146d62e276e3390d3a4fb28ae300bc94cce1df435dd900",FALSE
"AER","PSID1982","PSID Earnings Data 1982","https://vincentarelbundock.github.io/Rdatasets/csv/AER/PSID1982.csv","https://vincentarelbundock.github.io/Rdatasets/doc/AER/PSID1982.html","GPL-2 | GPL-3","core","economics","cross-section",595,12,595,595,12,595,12,0.710447,"500-999","11-20","p11-20_n500-999",FALSE,FALSE,"experience|weeks|occupation|industry|south|smsa|married|gender|union|education|ethnicity|wage","data_clean_pool/AER__PSID1982.csv","5170956fe2e7f5702a7897db689354bd60133f5cb7986b720f027ecf17638225",FALSE
"Ecdat","Griliches","Wage Data","https://vincentarelbundock.github.io/Rdatasets/csv/Ecdat/Griliches.csv","https://vincentarelbundock.github.io/Rdatasets/doc/Ecdat/Griliches.html","GPL (>= 2)","core","economics","panel",758,20,758,758,19,758,19,0.818709,"500-999","11-20","p11-20_n500-999",FALSE,FALSE,"rns|rns80|mrt|mrt80|smsa|smsa80|med|iq|kww|year|age|age80|school|expr|expr80|tenure|tenure80|lw|lw80","data_clean_pool/Ecdat__Griliches.csv","383401f802642c097fcd87f6b1debb62989188ac742a2c264866f34503f374bc",TRUE
"Ecdat","Heating","Heating System Choice in California Houses","https://vincentarelbundock.github.io/Rdatasets/csv/Ecdat/Heating.csv","https://vincentarelbundock.github.io/Rdatasets/doc/Ecdat/Heating.html","GPL (>= 2)","core","economics","cross-section",900,19,900,900,18,900,18,0.733576,"500-999","11-20","p11-20_n500-999",FALSE,FALSE,"ic.gc|ic.gr|ic.ec|ic.er|ic.hp|oc.gc|oc.gr|oc.ec|oc.er|oc.hp|income|agehed|rooms|pb.gc|pb.gr|pb.ec|pb.er|pb.hp","data_clean_pool/Ecdat__Heating.csv","b00d912d360d7acdf3857cf122e8384de06c530604ca1f787d50b538be009e68",FALSE
"Ecdat","Hedonic","Hedonic Prices of Census Tracts in Boston","https://vincentarelbundock.github.io/Rdatasets/csv/Ecdat/Hedonic.csv","https://vincentarelbundock.github.io/Rdatasets/doc/Ecdat/Hedonic.html","GPL (>= 2)","core","economics","cross-section",506,15,506,506,15,506,15,0.850533,"500-999","11-20","p11-20_n500-999",FALSE,FALSE,"mv|crim|zn|indus|chas|nox|rm|age|dis|rad|tax|ptratio|blacks|lstat|townid","data_clean_pool/Ecdat__Hedonic.csv","52ee5c8d7dcdef09750fd9ad7bd070f3e9e065f143a924b85e13e442fc1cfebd",FALSE
"Ecdat","Housing","Sales Prices of Houses in the City of Windsor","https://vincentarelbundock.github.io/Rdatasets/csv/Ecdat/Housing.csv","https://vincentarelbundock.github.io/Rdatasets/doc/Ecdat/Housing.html","GPL (>= 2)","core","economics","cross-section",546,12,546,546,12,546,12,0.535796,"500-999","11-20","p11-20_n500-999",FALSE,FALSE,"price|lotsize|bedrooms|bathrms|stories|driveway|recroom|fullbase|gashw|airco|garagepl|prefarea","data_clean_pool/Ecdat__Housing.csv","63cac77218d7f503f369b37d9f8875f976c16c19bb04863e7d436b674a28e831",FALSE
"Ecdat","Mroz","Labor Supply Data","https://vincentarelbundock.github.io/Rdatasets/csv/Ecdat/Mroz.csv","https://vincentarelbundock.github.io/Rdatasets/doc/Ecdat/Mroz.html","GPL (>= 2)","core","economics","cross-section",753,18,753,753,18,753,18,0.888138,"500-999","11-20","p11-20_n500-999",FALSE,FALSE,"work|hoursw|child6|child618|agew|educw|hearnw|wagew|hoursh|ageh|educh|wageh|income|educwm|educwf|unemprate|city|experience","data_clean_pool/Ecdat__Mroz.csv","4123f2d59b627c2618f8a439d5aba6a53b4de208c4ea0022876668942d3b0000",TRUE
"causaldata","texas","Data on prison capacity expansion in Texas","https://vincentarelbundock.github.io/Rdatasets/csv/causaldata/texas.csv","https://vincentarelbundock.github.io/Rdatasets/doc/causaldata/texas.html","MIT + file LICENSE","core","social_science","panel",816,11,816,802,11,802,11,0.792466,"500-999","11-20","p11-20_n500-999",FALSE,FALSE,"statefip|year|bmprison|wmprison|alcohol|income|ur|poverty|black|perc1519|aidscapita","data_clean_pool/causaldata__texas.csv","c96c1ef3896f88c905cd6e855afc199e8a9f8d6f7353db6d7bf35a5eb323901b",FALSE
"crimedatasets","Boston_df","Boston Housing Data","https://vincentarelbundock.github.io/Rdatasets/csv/crimedatasets/Boston_df.csv","https://vincentarelbundock.github.io/Rdatasets/doc/crimedatasets/Boston_df.html","GPL-3","core","criminology","cross-section",506,14,506,506,14,506,14,0.910228,"500-999","11-20","p11-20_n500-999",FALSE,FALSE,"crim|zn|indus|chas|nox|rm|age|dis|rad|tax|ptratio|black|lstat|medv","data_clean_pool/crimedatasets__Boston_df.csv","120db5f8f709a491d588944524e8734435be94c6e02973bdd0ea4fcbe8e51ea9",FALSE
"mediation","jobs","JOBS II data","https://vincentarelbundock.github.io/Rdatasets/csv/mediation/jobs.csv","https://vincentarelbundock.github.io/Rdatasets/doc/mediation/jobs.html","GPL (>= 2)","core","psychology","cross-section",899,17,899,899,12,899,12,0.937131,"500-999","11-20","p11-20_n500-999",FALSE,FALSE,"treat|econ_hard|depress1|sex|age|nonwhite|job_seek|depress2|work1|comply|job_dich|job_disc","data_clean_pool/mediation__jobs.csv","25894d432f53a9555f543d71f9983a5a06d1ea5e1da4fd9c0070f74d54edc4dc",FALSE
"stevedata","PPGE","Partisan Politics in the Global Economy","https://vincentarelbundock.github.io/Rdatasets/csv/stevedata/PPGE.csv","https://vincentarelbundock.github.io/Rdatasets/doc/stevedata/PPGE.html","GPL-2","core","political_science","panel",1020,12,1020,850,11,850,11,0.932619,"500-999","11-20","p11-20_n500-999",FALSE,FALSE,"year|govtspendgdp|tradegdp|kaopen|v2catrauni|v2catrauni_ord|ud|urbanperc|gdppc|tpop|depratio","data_clean_pool/stevedata__PPGE.csv","c8335986eebca39f9936fe13e3e3d2af3b40ab7ea109921b1c4db5d3be8e495f",FALSE
"wooldridge","affairs","affairs","https://vincentarelbundock.github.io/Rdatasets/csv/wooldridge/affairs.csv","https://vincentarelbundock.github.io/Rdatasets/doc/wooldridge/affairs.html","GPL-3","core","economics","cross-section",601,19,601,601,18,601,18,0.777546,"500-999","11-20","p11-20_n500-999",FALSE,FALSE,"male|age|yrsmarr|kids|relig|educ|occup|ratemarr|naffairs|affair|vryhap|hapavg|avgmarr|unhap|vryrel|smerel|slghtrel|notrel","data_clean_pool/wooldridge__affairs.csv","72698f646ce9ba43e3bdc610c22bd63d5f9315b6ea57e85516a03f06449b0fe1",FALSE
"wooldridge","apple","apple","https://vincentarelbundock.github.io/Rdatasets/csv/wooldridge/apple.csv","https://vincentarelbundock.github.io/Rdatasets/doc/wooldridge/apple.html","GPL-3","core","economics","panel",660,17,660,660,15,660,15,0.830759,"500-999","11-20","p11-20_n500-999",FALSE,FALSE,"educ|date|regprc|ecoprc|inseason|hhsize|male|faminc|age|reglbs|ecolbs|numlt5|num5_17|num18_64|numgt64","data_clean_pool/wooldridge__apple.csv","7b8ad6a9d1be1a1d7e8cd2bd0d870d648dba8842d6c215d8e3c894ea16e5f046",TRUE
"wooldridge","econmath","econmath","https://vincentarelbundock.github.io/Rdatasets/csv/wooldridge/econmath.csv","https://vincentarelbundock.github.io/Rdatasets/doc/wooldridge/econmath.html","GPL-3","core","economics","cross-section",856,17,856,814,17,814,17,0.838224,"500-999","11-20","p11-20_n500-999",FALSE,FALSE,"age|work|study|econhs|colgpa|hsgpa|acteng|actmth|act|mathscr|male|calculus|attexc|attgood|fathcoll|mothcoll|score","data_clean_pool/wooldridge__econmath.csv","721be9074e70707a3cda2915c5cbe28f84657f76783240f29c8801a7dfb202ca",FALSE
"wooldridge","pntsprd","pntsprd","https://vincentarelbundock.github.io/Rdatasets/csv/wooldridge/pntsprd.csv","https://vincentarelbundock.github.io/Rdatasets/doc/wooldridge/pntsprd.html","GPL-3","core","economics","cross-section",553,12,553,553,12,553,12,0.726848,"500-999","11-20","p11-20_n500-999",FALSE,FALSE,"favscr|undscr|spread|favhome|neutral|fav25|und25|fregion|uregion|scrdiff|sprdcvr|favwin","data_clean_pool/wooldridge__pntsprd.csv","db932cb5febf475d68f27559c366ef4c514045736a0658b0f2cad53d6d1c4923",TRUE
"wooldridge","voucher","voucher","https://vincentarelbundock.github.io/Rdatasets/csv/wooldridge/voucher.csv","https://vincentarelbundock.github.io/Rdatasets/doc/wooldridge/voucher.html","GPL-3","core","economics","cross-section",990,19,990,990,18,990,18,0.89614,"500-999","11-20","p11-20_n500-999",FALSE,FALSE,"studyid|black|hispanic|female|appyear|mnce|select|choice|selectyrs|choiceyrs|selectyrs1|selectyrs2|selectyrs3|selectyrs4|choiceyrs1|choiceyrs2|choiceyrs3|choiceyrs4","data_clean_pool/wooldridge__voucher.csv","f991ff49e36ad5274474fa25a289d079b5d00c760f94abbe8e1676fa909cae62",FALSE
"wooldridge","wage2","wage2","https://vincentarelbundock.github.io/Rdatasets/csv/wooldridge/wage2.csv","https://vincentarelbundock.github.io/Rdatasets/doc/wooldridge/wage2.html","GPL-3","core","economics","cross-section",935,17,935,663,16,663,16,0.578274,"500-999","11-20","p11-20_n500-999",FALSE,FALSE,"wage|hours|IQ|KWW|educ|exper|tenure|age|married|black|south|urban|sibs|brthord|meduc|feduc","data_clean_pool/wooldridge__wage2.csv","bf7a3d60706a187c3ac83476eb92c48fe9a067c698e60dc100686bc2706d6f58",FALSE
"AER","CollegeDistance","College Distance Data","https://vincentarelbundock.github.io/Rdatasets/csv/AER/CollegeDistance.csv","https://vincentarelbundock.github.io/Rdatasets/doc/AER/CollegeDistance.html","GPL-2 | GPL-3","core","economics","cross-section",4739,13,4739,4739,13,1999,13,0.584104,"1000-1999","11-20","p11-20_n1000-1999",TRUE,FALSE,"gender|score|fcollege|mcollege|home|urban|unemp|wage|distance|tuition|education|income|region","data_clean_pool/AER__CollegeDistance.csv","8a8749940c3a4d7786ad3b9c55d9a62ea5330420e0103151928e5a94db041a49",FALSE
"AER","CreditCard","Expenditure and Default Data","https://vincentarelbundock.github.io/Rdatasets/csv/AER/CreditCard.csv","https://vincentarelbundock.github.io/Rdatasets/doc/AER/CreditCard.html","GPL-2 | GPL-3","core","economics","cross-section",1319,12,1319,1319,12,1319,12,0.838779,"1000-1999","11-20","p11-20_n1000-1999",FALSE,FALSE,"card|reports|age|income|share|expenditure|owner|selfemp|dependents|months|majorcards|active","data_clean_pool/AER__CreditCard.csv","4a4765227ddf8e8393deabf70bdfde82c8c059eea03b59ae63c2c13a4d4f39ed",FALSE
"AER","DoctorVisits","Australian Health Service Utilization Data","https://vincentarelbundock.github.io/Rdatasets/csv/AER/DoctorVisits.csv","https://vincentarelbundock.github.io/Rdatasets/doc/AER/DoctorVisits.html","GPL-2 | GPL-3","core","economics","cross-section",5190,12,5190,5190,12,1999,12,0.621309,"1000-1999","11-20","p11-20_n1000-1999",TRUE,FALSE,"visits|gender|age|income|illness|reduced|health|private|freepoor|freerepat|nchronic|lchronic","data_clean_pool/AER__DoctorVisits.csv","745d4fd06ecde672fe4d8104170a2718adf8cd2a2d6973c762ae29c47ae92cc4",FALSE
"AER","Guns","More Guns, Less Crime?","https://vincentarelbundock.github.io/Rdatasets/csv/AER/Guns.csv","https://vincentarelbundock.github.io/Rdatasets/doc/AER/Guns.html","GPL-2 | GPL-3","core","economics","panel",1173,11,1173,1173,11,1173,11,0.907077,"1000-1999","11-20","p11-20_n1000-1999",FALSE,FALSE,"year|violent|murder|robbery|prisoners|afam|male|population|income|density|law","data_clean_pool/AER__Guns.csv","08be92cfffdf37189a3eccf8f8465c47b63bb92222c94cd75dd1ad3ee470d74d",FALSE
"AER","HMDA","Home Mortgage Disclosure Act Data","https://vincentarelbundock.github.io/Rdatasets/csv/AER/HMDA.csv","https://vincentarelbundock.github.io/Rdatasets/doc/AER/HMDA.html","GPL-2 | GPL-3","core","economics","cross-section",2380,12,2380,2380,14,1999,14,0.801295,"1000-1999","11-20","p11-20_n1000-1999",TRUE,FALSE,"deny|pirat|hirat|lvrat|chist|mhist|phist|unemp|selfemp|insurance|condomin|afam|single|hschool","data_clean_pool/AER__HMDA.csv","7bd438ace15a7e507550934d05a5b592a68feab55b371674ec200fa0d654c38d",FALSE
"AER","NMES1988","Demand for Medical Care in NMES 1988","https://vincentarelbundock.github.io/Rdatasets/csv/AER/NMES1988.csv","https://vincentarelbundock.github.io/Rdatasets/doc/AER/NMES1988.html","GPL-2 | GPL-3","core","economics","cross-section",4406,17,4406,4406,17,1999,17,0.483473,"1000-1999","11-20","p11-20_n1000-1999",TRUE,FALSE,"visits|nvisits|ovisits|novisits|emergency|hospital|chronic|adl|age|afam|gender|married|school|income|employed|insurance|medicaid","data_clean_pool/AER__NMES1988.csv","9bb26859574e6d4f6daa343119b5a8efa44e27b855d7e453a52af31448e9e650",FALSE
"AER","PSID7682","PSID Earnings Panel Data (1976-1982)","https://vincentarelbundock.github.io/Rdatasets/csv/AER/PSID7682.csv","https://vincentarelbundock.github.io/Rdatasets/doc/AER/PSID7682.html","GPL-2 | GPL-3","core","economics","panel",4165,12,4165,4165,13,1999,13,0.721669,"1000-1999","11-20","p11-20_n1000-1999",TRUE,FALSE,"experience|weeks|occupation|industry|south|smsa|married|gender|union|education|ethnicity|wage|year","data_clean_pool/AER__PSID7682.csv","152f2591b626f57c7e94954df135934313d1bcde0a47086dd5a097d8acfe3fad",FALSE
"Ecdat","Benefits","Unemployment of Blue Collar Workers","https://vincentarelbundock.github.io/Rdatasets/csv/Ecdat/Benefits.csv","https://vincentarelbundock.github.io/Rdatasets/doc/Ecdat/Benefits.html","GPL (>= 2)","core","economics","cross-section",4877,16,4877,4877,16,1999,16,0.604553,"1000-1999","11-20","p11-20_n1000-1999",TRUE,FALSE,"stateur|statemb|state|age|tenure|nwhite|school12|sex|smsa|married|dkids|dykids|yrdispl|rr|head|ui","data_clean_pool/Ecdat__Benefits.csv","fee7a2ce5d692c66467ad5e67c84f307ec2339050f033f9d7c2a2eebbb4df473",FALSE
"Ecdat","Catsup","Choice of Brand for Catsup","https://vincentarelbundock.github.io/Rdatasets/csv/Ecdat/Catsup.csv","https://vincentarelbundock.github.io/Rdatasets/doc/Ecdat/Catsup.html","GPL (>= 2)","core","economics","cross-section",2798,14,2798,2798,12,1999,12,0.263631,"1000-1999","11-20","p11-20_n1000-1999",TRUE,FALSE,"disp.heinz41|disp.heinz32|disp.heinz28|disp.hunts32|feat.heinz41|feat.heinz32|feat.heinz28|feat.hunts32|price.heinz41|price.heinz32|price.heinz28|price.hunts32","data_clean_pool/Ecdat__Catsup.csv","d77a74e3e3dee4ec51d021caa8617077298a787b73e468883d0d53f1a7e5505d",TRUE
"Ecdat","Cracker","Choice of Brand for Crackers","https://vincentarelbundock.github.io/Rdatasets/csv/Ecdat/Cracker.csv","https://vincentarelbundock.github.io/Rdatasets/doc/Ecdat/Cracker.html","GPL (>= 2)","core","economics","cross-section",3292,14,3292,3292,12,1999,12,0.462603,"1000-1999","11-20","p11-20_n1000-1999",TRUE,FALSE,"disp.sunshine|disp.kleebler|disp.nabisco|disp.private|feat.sunshine|feat.kleebler|feat.nabisco|feat.private|price.sunshine|price.kleebler|price.nabisco|price.private","data_clean_pool/Ecdat__Cracker.csv","587d3ba9f2ad6245fb63cfe89aa5ddc714d540b170846f79e74b1373f7678c2c",FALSE
"Ecdat","DoctorAUS","Doctor Visits in Australia","https://vincentarelbundock.github.io/Rdatasets/csv/Ecdat/DoctorAUS.csv","https://vincentarelbundock.github.io/Rdatasets/doc/Ecdat/DoctorAUS.html","GPL (>= 2)","core","economics","cross-section",5190,14,5190,5190,13,1999,13,0.889093,"1000-1999","11-20","p11-20_n1000-1999",TRUE,FALSE,"sex|age|income|illness|actdays|hscore|doctorco|nondocco|hospadmi|hospdays|medecine|prescrib|nonpresc","data_clean_pool/Ecdat__DoctorAUS.csv","213a59b65b400ff6ded8c0def79fba47851e47ed632edd3c59e7f7456f9a58e6",FALSE
"Ecdat","DoctorContacts","Contacts With Medical Doctor","https://vincentarelbundock.github.io/Rdatasets/csv/Ecdat/DoctorContacts.csv","https://vincentarelbundock.github.io/Rdatasets/doc/Ecdat/DoctorContacts.html","GPL (>= 2)","core","economics","cross-section",20186,15,20186,20186,14,1999,14,0.909692,"1000-1999","11-20","p11-20_n1000-1999",TRUE,FALSE,"mdu|lc|idp|lpi|fmde|physlim|ndisease|linc|lfam|educdec|age|sex|child|black","data_clean_pool/Ecdat__DoctorContacts.csv","f64ca19e50604184381fe9055131e3ed873da0da780d7dfdb9240075d6f72c82",FALSE
"Ecdat","Hdma","The Boston HMDA Data Set","https://vincentarelbundock.github.io/Rdatasets/csv/Ecdat/Hdma.csv","https://vincentarelbundock.github.io/Rdatasets/doc/Ecdat/Hdma.html","GPL (>= 2)","core","economics","cross-section",2381,13,2381,2380,13,1999,13,0.692936,"1000-1999","11-20","p11-20_n1000-1999",TRUE,FALSE,"dir|hir|lvr|ccs|mcs|pbcr|dmi|self|single|uria|comdominiom|black|deny","data_clean_pool/Ecdat__Hdma.csv","3d2e150124370827a09ac4c5d179fe0957dcf2cde9f5e6903b8681040002f5a3",FALSE
"Ecdat","Hmda","The Boston HMDA Data Set","https://vincentarelbundock.github.io/Rdatasets/csv/Ecdat/Hmda.csv","https://vincentarelbundock.github.io/Rdatasets/doc/Ecdat/Hmda.html","GPL (>= 2)","core","economics","cross-section",2381,13,2381,2380,13,1999,13,0.791319,"1000-1999","11-20","p11-20_n1000-1999",TRUE,FALSE,"dir|hir|lvr|ccs|mcs|pbcr|dmi|self|single|uria|condominium|black|deny","data_clean_pool/Ecdat__Hmda.csv","9517802a6894a507fb73bfbb41d2a23dc0855350a52efa1c30099f7d2ca8e5bf",FALSE
"Ecdat","MedExp","Structure of Demand for Medical Care","https://vincentarelbundock.github.io/Rdatasets/csv/Ecdat/MedExp.csv","https://vincentarelbundock.github.io/Rdatasets/doc/Ecdat/MedExp.html","GPL (>= 2)","core","economics","cross-section",5574,14,5574,5574,14,1999,14,0.90786,"1000-1999","11-20","p11-20_n1000-1999",TRUE,FALSE,"med|lc|idp|lpi|fmde|physlim|ndisease|linc|lfam|educdec|age|sex|child|black","data_clean_pool/Ecdat__MedExp.csv","784b6a417ccba57baf360879d0cddf1c69b9265c4d1f3f4a5dd155efc8cce75a",FALSE
"Ecdat","OFP","Visits to Physician Office","https://vincentarelbundock.github.io/Rdatasets/csv/Ecdat/OFP.csv","https://vincentarelbundock.github.io/Rdatasets/doc/Ecdat/OFP.html","GPL (>= 2)","core","economics","cross-section",4406,18,4406,4406,17,1999,17,0.565403,"1000-1999","11-20","p11-20_n1000-1999",TRUE,FALSE,"ofp|ofnp|opp|opnp|emr|hosp|numchron|adldiff|age|black|sex|maried|school|faminc|employed|privins|medicaid","data_clean_pool/Ecdat__OFP.csv","59b820a1ddd634c656496e9d9dc602d922d0cc7338be0494ff62addf625f41df",FALSE
"Ecdat","RetSchool","Return to Schooling","https://vincentarelbundock.github.io/Rdatasets/csv/Ecdat/RetSchool.csv","https://vincentarelbundock.github.io/Rdatasets/doc/Ecdat/RetSchool.html","GPL (>= 2)","core","economics","cross-section",5225,17,5225,3059,17,1999,17,0.759013,"1000-1999","11-20","p11-20_n1000-1999",TRUE,FALSE,"wage76|grade76|exp76|black|south76|smsa76|region|smsa66|momdad14|sinmom14|nodaded|nomomed|daded|momed|famed|age76|col4","data_clean_pool/Ecdat__RetSchool.csv","85ec00f8e1741ae2442ff91186cc2bae2e7ef485a52b79dfc5aed0954c0d1770",FALSE
"Ecdat","UnempDur","Unemployment Duration","https://vincentarelbundock.github.io/Rdatasets/csv/Ecdat/UnempDur.csv","https://vincentarelbundock.github.io/Rdatasets/doc/Ecdat/UnempDur.html","GPL (>= 2)","core","economics","cross-section",3343,11,3343,3343,11,1999,11,0.756373,"1000-1999","11-20","p11-20_n1000-1999",TRUE,FALSE,"spell|censor1|censor2|censor3|censor4|age|ui|reprate|disrate|logwage|tenure","data_clean_pool/Ecdat__UnempDur.csv","1f8bd34060e90048d6ad4c3ca8800aba79094a9e7d076437ac887234ce47937b",FALSE
"Ecdat","VietNamI","Medical Expenses in Vietnam (individual Level)","https://vincentarelbundock.github.io/Rdatasets/csv/Ecdat/VietNamI.csv","https://vincentarelbundock.github.io/Rdatasets/doc/Ecdat/VietNamI.html","GPL (>= 2)","core","economics","cross-section",27765,12,27765,27765,12,1999,11,0.603548,"1000-1999","11-20","p11-20_n1000-1999",TRUE,FALSE,"pharvis|lnhhexp|age|sex|married|educ|illness|injury|illdays|insurance|commune","data_clean_pool/Ecdat__VietNamI.csv","3f5baea84256ec273e633d8ce23eaa60b20c4d3d83af5e96cea72248dc685477",FALSE
"Ecdat","Wages","Panel Data of Individual Wages","https://vincentarelbundock.github.io/Rdatasets/csv/Ecdat/Wages.csv","https://vincentarelbundock.github.io/Rdatasets/doc/Ecdat/Wages.html","GPL (>= 2)","core","economics","cross-section",4165,12,4165,4165,12,1999,12,0.729181,"1000-1999","11-20","p11-20_n1000-1999",TRUE,FALSE,"exp|wks|bluecol|ind|south|smsa|married|sex|union|ed|black|lwage","data_clean_pool/Ecdat__Wages.csv","ab8c85a5a028619c2998ea94a01d5bad8c5b28230db5d211742f0ec970f0f0fa",FALSE
"Ecdat","Workinghours","Wife Working Hours","https://vincentarelbundock.github.io/Rdatasets/csv/Ecdat/Workinghours.csv","https://vincentarelbundock.github.io/Rdatasets/doc/Ecdat/Workinghours.html","GPL (>= 2)","core","economics","cross-section",3382,12,3382,3382,11,1999,11,0.715541,"1000-1999","11-20","p11-20_n1000-1999",TRUE,FALSE,"hours|income|age|education|child5|child13|child17|nonwhite|owned|mortgage|unemp","data_clean_pool/Ecdat__Workinghours.csv","3cf2208efbcfe7112358b94ba1360116622308ba341ab81e564ab609ea155ff6",FALSE
"HLMdiag","wages","Wages for male high school dropouts","https://vincentarelbundock.github.io/Rdatasets/csv/HLMdiag/wages.csv","https://vincentarelbundock.github.io/Rdatasets/doc/HLMdiag/wages.html","GPL-2","core","education","cross-section",6402,15,6402,5603,12,1999,12,0.734546,"1000-1999","11-20","p11-20_n1000-1999",TRUE,FALSE,"lnw|exper|ged|postexp|black|hispanic|hgc|uerate|ue.centert1|ue.mean|ue.person.cen|ue1","data_clean_pool/HLMdiag__wages.csv","5d92b459132ed5766323f1eaadc7c641f92f705691df4b6da53225ce10377ec5",FALSE
"camerondata","fishing","Fishing mode choice","https://vincentarelbundock.github.io/Rdatasets/csv/camerondata/fishing.csv","https://vincentarelbundock.github.io/Rdatasets/doc/camerondata/fishing.html","CC BY 4.0","core","economics","cross-section",1182,16,1182,1182,14,1182,14,0.93639,"1000-1999","11-20","p11-20_n1000-1999",FALSE,FALSE,"mode|price|crate|dbeach|dpier|dprivate|dcharter|pbeach|pprivate|qbeach|qpier|qprivate|qcharter|income","data_clean_pool/camerondata__fishing.csv","e5b799fe66d2a2a59a03ca65618be2e00632b90e55396c12115da78b120e8511",FALSE
"camerondata","nswproject","Training and earnings","https://vincentarelbundock.github.io/Rdatasets/csv/camerondata/nswproject.csv","https://vincentarelbundock.github.io/Rdatasets/doc/camerondata/nswproject.html","CC BY 4.0","core","economics","cross-section",2675,18,2675,2675,16,1999,16,0.869047,"1000-1999","11-20","p11-20_n1000-1999",TRUE,FALSE,"treat|age|educ|black|hisp|marr|re74|re75|re78|nodegree|re74sq|re75sq|u74black|u74hisp|u74|u75","data_clean_pool/camerondata__nswproject.csv","e2cb541a83f8c0f3d6a31e63d7cd8c6823462f3115c16bbae15ae25b0d2e11ff",FALSE
"causaldata","abortion","Data on abortion legalization and sexually transmitted infections","https://vincentarelbundock.github.io/Rdatasets/csv/causaldata/abortion.csv","https://vincentarelbundock.github.io/Rdatasets/doc/causaldata/abortion.html","MIT + file LICENSE","core","social_science","cross-section",19584,22,19584,17921,18,1999,18,0.806723,"1000-1999","11-20","p11-20_n1000-1999",TRUE,FALSE,"fip|age|race|year|sex|totpop|ir|crack|alcohol|income|ur|poverty|repeal|acc|lnr|younger|pi|bf15","data_clean_pool/causaldata__abortion.csv","2a8b2a88fba743730a8fef79499777e80123e680b8ce4b1fa8b2ac5f3c4bfc8e",FALSE
"causaldata","black_politicians","Data from ""Black Politicians are More Intrinsically Motivated to Advance Blacks' Interests""","https://vincentarelbundock.github.io/Rdatasets/csv/causaldata/black_politicians.csv","https://vincentarelbundock.github.io/Rdatasets/doc/causaldata/black_politicians.html","MIT + file LICENSE","core","social_science","cross-section",5593,14,5593,5593,14,1999,14,0.806166,"1000-1999","11-20","p11-20_n1000-1999",TRUE,FALSE,"leg_black|treat_out|responded|totalpop|medianhhincom|black_medianhh|white_medianhh|blackpercent|statessquireindex|nonblacknonwhite|urbanpercent|leg_senator|leg_democrat|south","data_clean_pool/causaldata__black_politicians.csv","abc80223fdeca0fd9445fd4712d73d1febe9773adf794aa3422bc8bcc6871916",FALSE
"causaldata","social_insure","Data from ""Social Networks and the Decision to Insure""","https://vincentarelbundock.github.io/Rdatasets/csv/causaldata/social_insure.csv","https://vincentarelbundock.github.io/Rdatasets/doc/causaldata/social_insure.html","MIT + file LICENSE","core","social_science","cross-section",1410,13,1410,1378,11,1378,11,0.308855,"1000-1999","11-20","p11-20_n1000-1999",FALSE,FALSE,"takeup_survey|age|agpop|ricearea_2010|disaster_prob|male|default|intensive|risk_averse|literacy|pre_takeup_rate","data_clean_pool/causaldata__social_insure.csv","047d10849ec47844518545b713ce72fa36e1c8264b4e6732d3abeacb463f38b3",FALSE
"crimedatasets","NCAdata_tbl_df","Interim Dane Data with New Criminal Activity (NCA)","https://vincentarelbundock.github.io/Rdatasets/csv/crimedatasets/NCAdata_tbl_df.csv","https://vincentarelbundock.github.io/Rdatasets/doc/crimedatasets/NCAdata_tbl_df.html","GPL-3","core","criminology","cross-section",1891,19,1891,1891,19,1891,19,0.768772,"1000-1999","11-20","p11-20_n1000-1999",FALSE,FALSE,"Sex|White|SexWhite|Age|PendingChargeAtTimeOfOffense|NCorNonViolentMisdemeanorCharge|ViolentMisdemeanorCharge|ViolentFelonyCharge|NonViolentFelonyCharge|PriorMisdemeanorConviction|PriorFelonyConviction|PriorViolentConviction|PriorSentenceToIncarceration|PriorFTAInPastTwoYears|PriorFTAOlderThanTwoYears|Staff_ReleaseRecommendation|Z|D|Y","data_clean_pool/crimedatasets__NCAdata_tbl_df.csv","9d9afe41447339c1c01c5c4e04c51e2f14d8f399598341d06d069fda2326f411",FALSE
"crimedatasets","crimOffenders_df","Criminal Offenders Screened in Florida","https://vincentarelbundock.github.io/Rdatasets/csv/crimedatasets/crimOffenders_df.csv","https://vincentarelbundock.github.io/Rdatasets/doc/crimedatasets/crimOffenders_df.html","GPL-3","core","criminology","cross-section",5855,15,5855,5855,14,1999,14,0.936967,"1000-1999","11-20","p11-20_n1000-1999",TRUE,FALSE,"age|juv_fel_count|decile_score|juv_misd_count|juv_other_count|v_decile_score|priors_count|sex|two_year_recid|c_jail_in|c_offense_date|screening_date|in_custody|out_custody","data_clean_pool/crimedatasets__crimOffenders_df.csv","15710f9abd032c2f0df9476d0a87543f611c610a0bcc7cd83f241ffc59a0785e",FALSE
"mlmRev","egsingle","US Sustaining Effects study","https://vincentarelbundock.github.io/Rdatasets/csv/mlmRev/egsingle.csv","https://vincentarelbundock.github.io/Rdatasets/doc/mlmRev/egsingle.html","GPL (>= 2)","core","education","cross-section",7230,10,7230,7230,11,1999,11,0.714473,"1000-1999","11-20","p11-20_n1000-1999",TRUE,FALSE,"schoolid|childid|year|math|retained|female|black|hispanic|size|lowinc|mobility","data_clean_pool/mlmRev__egsingle.csv","1d4289c82020d26078d89a071b57972a5ca6d40da59a2cd3e4456ae103bb11e8",TRUE
"plm","RiceFarms","Production of Rice in Indonesia","https://vincentarelbundock.github.io/Rdatasets/csv/plm/RiceFarms.csv","https://vincentarelbundock.github.io/Rdatasets/doc/plm/RiceFarms.html","GPL (>= 2)","core","economics","cross-section",1026,16,1026,1026,12,1026,12,0.895258,"1000-1999","11-20","p11-20_n1000-1999",FALSE,FALSE,"size|seed|urea|phosphate|pesticide|pseed|purea|hiredlabor|famlabor|wage|goutput|price","data_clean_pool/plm__RiceFarms.csv","dab3735c8a8492db0dec5252dd089ac299450a21a2e17fe5801d3beec2843ab6",FALSE
"stevedata","ESS10NO","Norwegian Attitudes toward European Integration (2021-2022)","https://vincentarelbundock.github.io/Rdatasets/csv/stevedata/ESS10NO.csv","https://vincentarelbundock.github.io/Rdatasets/doc/stevedata/ESS10NO.html","GPL-2","core","political_science","cross-section",1411,23,1411,1274,16,1274,16,0.722411,"1000-1999","11-20","p11-20_n1000-1999",FALSE,FALSE,"idno|dweight|pspwght|stratum|psu|brnnorge|agea|imbgeco|imueclt|imwbcnt|female|eduyrs|uempla|polint|hinctnta|lrscale","data_clean_pool/stevedata__ESS10NO.csv","8780229150aca6f9d3db5c06bee19513c1cf2ed5c526760d48e100de454fde1a",FALSE
"stevedata","ESS9GB","British Attitudes Toward Immigration","https://vincentarelbundock.github.io/Rdatasets/csv/stevedata/ESS9GB.csv","https://vincentarelbundock.github.io/Rdatasets/doc/stevedata/ESS9GB.html","GPL-2","core","political_science","cross-section",1905,15,1905,1454,11,1454,11,0.937877,"1000-1999","11-20","p11-20_n1000-1999",FALSE,FALSE,"idno|imbgeco|imueclt|imwbcnt|immigsent|agea|female|eduyrs|uempla|hinctnta|lrscale","data_clean_pool/stevedata__ESS9GB.csv","254d816b25ac107a52e5dc4fedc4a2939378b92de250da3fefd7a10d8801b1ff",FALSE
"stevedata","TV16","The Individual Correlates of the Trump Vote in 2016","https://vincentarelbundock.github.io/Rdatasets/csv/stevedata/TV16.csv","https://vincentarelbundock.github.io/Rdatasets/doc/stevedata/TV16.html","GPL-2","core","political_science","cross-section",64600,21,64600,37591,18,1999,18,0.951339,"1000-1999","11-20","p11-20_n1000-1999",TRUE,FALSE,"votetrump|age|female|collegeed|famincr|ideo|pid7na|bornagain|religimp|churchatd|prayerfreq|angryracism|whiteadv|fearraces|racerare|lrelig|lcograc|lemprac","data_clean_pool/stevedata__TV16.csv","71be3c5eddc5603974cd167c0e9f82b1e43fd456732d13a832cdd374809460c5",FALSE
"stevedata","USFAHR","U.S. Foreign Aid and Human Rights in Assorted Years","https://vincentarelbundock.github.io/Rdatasets/csv/stevedata/USFAHR.csv","https://vincentarelbundock.github.io/Rdatasets/doc/stevedata/USFAHR.html","GPL-2","core","political_science","panel",1654,16,1654,1300,16,1300,16,0.929842,"1000-1999","11-20","p11-20_n1000-1999",FALSE,FALSE,"ccode|year|nomoblig|constoblig|clphy|civlib|fpsusa|fpsrus|mindistusa|mindistrus|gdp|pop|usaimp|usaexp|milex|cinc","data_clean_pool/stevedata__USFAHR.csv","bb83132a9d10bcaa44715d05700449958f384604f1f34db3b93035f77287bb30",FALSE
"stevedata","gss_abortion","Abortion Opinions in the General Social Survey","https://vincentarelbundock.github.io/Rdatasets/csv/stevedata/gss_abortion.csv","https://vincentarelbundock.github.io/Rdatasets/doc/stevedata/gss_abortion.html","GPL-2","core","political_science","panel",64814,18,64814,32980,11,1999,11,0.824439,"1000-1999","11-20","p11-20_n1000-1999",TRUE,FALSE,"year|age|sex|educ|abany|abdefect|abnomore|abhlth|abpoor|abrape|absingle","data_clean_pool/stevedata__gss_abortion.csv","8d88914b83095be954cc8d4d1dd81da4383a5edeb19abcf77341f7ef3e8465d5",FALSE
"stevedata","rok_unga","The Correlates of Dyadic Voting Similiarities in the UN General Assembly for South Korea","https://vincentarelbundock.github.io/Rdatasets/csv/stevedata/rok_unga.csv","https://vincentarelbundock.github.io/Rdatasets/doc/stevedata/rok_unga.html","GPL-2","core","political_science","cross-section",6095,16,6095,4925,13,1999,13,0.953254,"1000-1999","11-20","p11-20_n1000-1999",TRUE,FALSE,"ccode2|year|agree|v_agree|kappa|ip1|ip2|ipd|gdppc2|v2x_polyarchy1|v2x_polyarchy2|xm_euds1|capdist","data_clean_pool/stevedata__rok_unga.csv","276bda86f6b2e3078ed729eddb084ec4299d8d700b7143c90c728d4b97b57819",FALSE
"stevedata","wvs_usa_abortion","Attitudes on the Justifiability of Abortion in the United States (World Values Survey, 1982-2011)","https://vincentarelbundock.github.io/Rdatasets/csv/stevedata/wvs_usa_abortion.csv","https://vincentarelbundock.github.io/Rdatasets/doc/stevedata/wvs_usa_abortion.html","GPL-2","core","political_science","cross-section",10387,16,10387,5469,14,1999,14,0.436454,"1000-1999","11-20","p11-20_n1000-1999",TRUE,FALSE,"wave|aj|age|collegeed|female|unemployed|ideology|satisfinancial|postma4|cai|trustmostpeople|godimportant|respectauthority|nationalpride","data_clean_pool/stevedata__wvs_usa_abortion.csv","cd0ca883819ea58780503351134fcd818a76f631fc20d99d0de4c2001a6fe927",FALSE
"wooldridge","beauty","beauty","https://vincentarelbundock.github.io/Rdatasets/csv/wooldridge/beauty.csv","https://vincentarelbundock.github.io/Rdatasets/doc/wooldridge/beauty.html","GPL-3","core","economics","cross-section",1260,17,1260,1260,16,1260,16,0.857313,"1000-1999","11-20","p11-20_n1000-1999",FALSE,FALSE,"wage|lwage|belavg|abvavg|exper|looks|union|goodhlth|black|female|married|south|bigcity|smllcity|service|educ","data_clean_pool/wooldridge__beauty.csv","47e5ab962cd37fe2fd2bbdcbcb4ce819f8ebdd18ba156a5eb17446d1d499aeee",FALSE
"wooldridge","benefits","benefits","https://vincentarelbundock.github.io/Rdatasets/csv/wooldridge/benefits.csv","https://vincentarelbundock.github.io/Rdatasets/doc/wooldridge/benefits.html","GPL-3","core","economics","cross-section",1848,18,1848,1848,16,1848,16,0.920646,"1000-1999","11-20","p11-20_n1000-1999",FALSE,FALSE,"distid|schid|lunch|enroll|staff|exppp|avgsal|avgben|math4|story4|bs|lenroll|bsbar|lunchbar|lenrollbar|lstaffbar","data_clean_pool/wooldridge__benefits.csv","2dc94f5a485ebbac9451ab81757f43c80b8276648c6d230bcf9989f25e90b81f",FALSE
"wooldridge","bwght","bwght","https://vincentarelbundock.github.io/Rdatasets/csv/wooldridge/bwght.csv","https://vincentarelbundock.github.io/Rdatasets/doc/wooldridge/bwght.html","GPL-3","core","economics","cross-section",1388,14,1388,1191,11,1191,11,0.886666,"1000-1999","11-20","p11-20_n1000-1999",FALSE,FALSE,"faminc|cigtax|cigprice|bwght|fatheduc|motheduc|parity|male|white|cigs|lfaminc","data_clean_pool/wooldridge__bwght.csv","3d30b2ee76e88946abd5e3595522994e6f8297822a1cd9401315884045e007b5",FALSE
"wooldridge","bwght2","bwght2","https://vincentarelbundock.github.io/Rdatasets/csv/wooldridge/bwght2.csv","https://vincentarelbundock.github.io/Rdatasets/doc/wooldridge/bwght2.html","GPL-3","core","economics","cross-section",1832,23,1832,1612,21,1612,20,0.934231,"1000-1999","11-20","p11-20_n1000-1999",FALSE,FALSE,"mage|meduc|monpre|npvis|fage|feduc|bwght|omaps|fmaps|cigs|drink|lbw|male|mwhte|mblck|moth|fwhte|fblck|foth|npvissq","data_clean_pool/wooldridge__bwght2.csv","c5408d777b7f4dbf070252e76cac38de6670687afad7257d26420695f708392c",FALSE
"wooldridge","catholic","catholic","https://vincentarelbundock.github.io/Rdatasets/csv/wooldridge/catholic.csv","https://vincentarelbundock.github.io/Rdatasets/doc/wooldridge/catholic.html","GPL-3","core","economics","cross-section",7430,13,7430,5970,12,1999,12,0.718642,"1000-1999","11-20","p11-20_n1000-1999",TRUE,FALSE,"read12|math12|female|asian|hispan|black|motheduc|fatheduc|lfaminc|hsgrad|cathhs|parcath","data_clean_pool/wooldridge__catholic.csv","a4b62e71ff1501f016db1aa984d22ace9053f033f5ce318d9461c966eae1a1bb",FALSE
"wooldridge","countymurders","countymurders","https://vincentarelbundock.github.io/Rdatasets/csv/wooldridge/countymurders.csv","https://vincentarelbundock.github.io/Rdatasets/doc/wooldridge/countymurders.html","GPL-3","core","economics","cross-section",37349,20,37349,36842,19,1999,19,0.799352,"1000-1999","11-20","p11-20_n1000-1999",TRUE,FALSE,"arrests|countyid|density|popul|perc1019|perc2029|percblack|percmale|rpcincmaint|rpcpersinc|rpcunemins|year|murders|murdrate|arrestrate|countyfips|execs|lpopul|execrate","data_clean_pool/wooldridge__countymurders.csv","04e11503744569e5f9c63189e48a4955275d4c1a1f04029274c9eb82d1b9df9d",TRUE
"wooldridge","cps78_85","cps78_85","https://vincentarelbundock.github.io/Rdatasets/csv/wooldridge/cps78_85.csv","https://vincentarelbundock.github.io/Rdatasets/doc/wooldridge/cps78_85.html","GPL-3","core","economics","cross-section",1084,15,1084,1084,11,1084,11,0.638986,"1000-1999","11-20","p11-20_n1000-1999",FALSE,FALSE,"educ|south|nonwhite|female|married|exper|union|lwage|year|y85fem|y85union","data_clean_pool/wooldridge__cps78_85.csv","c207f1688f7cacb9db33b12a9edf63d255e4a40480adcc1b99b70afca7bbb775",FALSE
"wooldridge","crime1","crime1","https://vincentarelbundock.github.io/Rdatasets/csv/wooldridge/crime1.csv","https://vincentarelbundock.github.io/Rdatasets/doc/wooldridge/crime1.html","GPL-3","core","economics","cross-section",2725,16,2725,2725,14,1999,14,0.921133,"1000-1999","11-20","p11-20_n1000-1999",TRUE,FALSE,"narr86|nfarr86|nparr86|pcnv|avgsen|tottime|ptime86|qemp86|inc86|durat|black|hispan|born60|inc86sq","data_clean_pool/wooldridge__crime1.csv","710c03c69899c35e2a85553ca1eaa8b4b40b70291c24f2211f5c7a4289634737",FALSE
"wooldridge","elem94_95","elem94_95","https://vincentarelbundock.github.io/Rdatasets/csv/wooldridge/elem94_95.csv","https://vincentarelbundock.github.io/Rdatasets/doc/wooldridge/elem94_95.html","GPL-3","core","economics","cross-section",1848,14,1848,1848,12,1848,12,0.919553,"1000-1999","11-20","p11-20_n1000-1999",FALSE,FALSE,"distid|schid|lunch|enrol|staff|exppp|avgsal|avgben|math4|story4|bs|lenrol","data_clean_pool/wooldridge__elem94_95.csv","11c6083d143b94635bdba0a84bd3dee476b6b9562c13455178ba4a858dfa6487",FALSE
"wooldridge","expendshares","expendshares","https://vincentarelbundock.github.io/Rdatasets/csv/wooldridge/expendshares.csv","https://vincentarelbundock.github.io/Rdatasets/doc/wooldridge/expendshares.html","GPL-3","core","economics","cross-section",1519,13,1519,1519,11,1519,11,0.909644,"1000-1999","11-20","p11-20_n1000-1999",FALSE,FALSE,"sfood|sfuel|sclothes|salcohol|stransport|sother|totexpend|income|age|kids|lincome","data_clean_pool/wooldridge__expendshares.csv","5fc7d99f88378e1c7ad578232e070c0dbc822b3c243cc999addc37600a56e0b4",FALSE
"wooldridge","fertil1","fertil1","https://vincentarelbundock.github.io/Rdatasets/csv/wooldridge/fertil1.csv","https://vincentarelbundock.github.io/Rdatasets/doc/wooldridge/fertil1.html","GPL-3","core","economics","cross-section",1129,27,1129,1129,20,1129,20,0.637961,"1000-1999","11-20","p11-20_n1000-1999",FALSE,FALSE,"year|educ|meduc|feduc|age|kids|black|east|northcen|west|farm|othrural|town|smcity|y74|y76|y78|y80|y82|y84","data_clean_pool/wooldridge__fertil1.csv","7eb3a53eade1c1f13a708e8c6656da2aa92261aeb2e97b85106ad77bbfcb9a1d",FALSE
"wooldridge","fertil2","fertil2","https://vincentarelbundock.github.io/Rdatasets/csv/wooldridge/fertil2.csv","https://vincentarelbundock.github.io/Rdatasets/doc/wooldridge/fertil2.html","GPL-3","core","economics","cross-section",4361,27,4361,3118,20,1999,20,0.848249,"1000-1999","11-20","p11-20_n1000-1999",TRUE,FALSE,"mnthborn|yearborn|electric|radio|tv|bicycle|educ|ceb|agefbrth|knowmeth|usemeth|idlnchld|urban|urb_educ|spirit|protest|catholic|frsthalf|educ0|evermarr","data_clean_pool/wooldridge__fertil2.csv","b67c2cde99aaa083d52cac48a5ca01291b4b4afbd99b9c10f7cfee1b09bcbb31",FALSE
"wooldridge","gpa2","gpa2","https://vincentarelbundock.github.io/Rdatasets/csv/wooldridge/gpa2.csv","https://vincentarelbundock.github.io/Rdatasets/doc/wooldridge/gpa2.html","GPL-3","core","economics","cross-section",4137,12,4137,4137,11,1999,11,0.872162,"1000-1999","11-20","p11-20_n1000-1999",TRUE,FALSE,"sat|tothrs|colgpa|athlete|verbmath|hsize|hsrank|hsperc|female|white|black","data_clean_pool/wooldridge__gpa2.csv","d6dd83aa90f8dcc31ace3ae63355e2683531c461b61cd71d7f52253005c73abf",TRUE
"wooldridge","jtrain3","jtrain3","https://vincentarelbundock.github.io/Rdatasets/csv/wooldridge/jtrain3.csv","https://vincentarelbundock.github.io/Rdatasets/doc/wooldridge/jtrain3.html","GPL-3","core","economics","cross-section",2675,20,2675,2675,17,1999,17,0.952005,"1000-1999","11-20","p11-20_n1000-1999",TRUE,FALSE,"train|age|educ|black|hisp|married|re74|re75|unem75|unem74|re78|trre74|trre75|trun74|trun75|travgre|unem78","data_clean_pool/wooldridge__jtrain3.csv","1d030a7ec41df558ab088cc5e8986cd7bbb3b1995604b8219cb5f054f0ab8ae9",FALSE
"wooldridge","labsup","labsup","https://vincentarelbundock.github.io/Rdatasets/csv/wooldridge/labsup.csv","https://vincentarelbundock.github.io/Rdatasets/doc/wooldridge/labsup.html","GPL-3","core","economics","cross-section",31857,20,31857,31857,18,1999,18,0.91307,"1000-1999","11-20","p11-20_n1000-1999",TRUE,FALSE,"kids|morekids|boys2|girls2|boy1st|boy2nd|samesex|multi2nd|age|agefstm|black|worked|weeks|hours|labinc|faminc|nonmomi|educ","data_clean_pool/wooldridge__labsup.csv","5d723e4b248ec8c68d000dfb871b7d6926e0ee5d5da7c8ec916e6456a6e5ef77",FALSE
"wooldridge","recid","recid","https://vincentarelbundock.github.io/Rdatasets/csv/wooldridge/recid.csv","https://vincentarelbundock.github.io/Rdatasets/doc/wooldridge/recid.html","GPL-3","core","economics","cross-section",1445,18,1445,1445,18,1445,18,0.940248,"1000-1999","11-20","p11-20_n1000-1999",FALSE,FALSE,"black|alcohol|drugs|super|married|felon|workprg|property|person|priors|educ|rules|age|tserved|follow|durat|cens|ldurat","data_clean_pool/wooldridge__recid.csv","e0fa1bb4b190acc6101c7abb38902b3a5ab826a218ae50e260cffc8cf7cd5628",FALSE
"wooldridge","school93_98","school93_98","https://vincentarelbundock.github.io/Rdatasets/csv/wooldridge/school93_98.csv","https://vincentarelbundock.github.io/Rdatasets/doc/wooldridge/school93_98.html","GPL-3","core","economics","cross-section",10668,18,10668,6259,14,1999,14,0.934906,"1000-1999","11-20","p11-20_n1000-1999",TRUE,FALSE,"distid|schid|lunch|enrol|exppp|math4|year|y95|y96|y97|y98|found|lenrol|lavgrexpp","data_clean_pool/wooldridge__school93_98.csv","f34fa74eba3995db72255d901617c7a287957049e47be272b7a7ef0a3b3e46c3",FALSE
"crimedatasets","Ndrangheta_list","Ndrangheta Mafia Covert Network Dataset","https://vincentarelbundock.github.io/Rdatasets/csv/crimedatasets/Ndrangheta_list.csv","https://vincentarelbundock.github.io/Rdatasets/doc/crimedatasets/Ndrangheta_list.html","GPL-3","core","criminology","cross-section",146,149,146,146,143,146,30,0.929808,"30-199","21-30","p21-30_n30-199",FALSE,TRUE,"X.3|X.6|X.7|X.29|X.31|X.34|X.41|X.53|X.54|X.55|X.58|X.69|X.71|X.78|X.79|X.82|X.88|X.105|X.108|X.115|X.119|X.127|X.129|X.130|X.133|X.142|X.143|X.144|X.145|X.146","data_clean_pool/crimedatasets__Ndrangheta_list.csv","acea413f473a2dfa2ff3b233cc4ce19b0f6c965acfdb1cd6adb5a0a9320fbbf3",TRUE
"wooldridge","crime2","crime2","https://vincentarelbundock.github.io/Rdatasets/csv/wooldridge/crime2.csv","https://vincentarelbundock.github.io/Rdatasets/doc/wooldridge/crime2.html","GPL-3","core","economics","cross-section",92,34,92,46,26,46,25,0.93658,"30-199","21-30","p21-30_n30-199",FALSE,FALSE,"pop|crimes|unem|officers|pcinc|west|south|area|popden|crmrte|offarea|lawexpc|polpc|lpop|loffic|lpopden|lcrimes|larea|clcrimes|clpop|clcrmrte|clpolpc|cllawexp|cunem|lcrmrt_1","data_clean_pool/wooldridge__crime2.csv","5ba0dda68892aae9f51c92909464f03c8c484e670a79b30dae676a693f833b01",TRUE
"wooldridge","gpa1","gpa1","https://vincentarelbundock.github.io/Rdatasets/csv/wooldridge/gpa1.csv","https://vincentarelbundock.github.io/Rdatasets/doc/wooldridge/gpa1.html","GPL-3","core","economics","cross-section",141,29,141,141,29,141,26,0.793446,"30-199","21-30","p21-30_n30-199",FALSE,FALSE,"age|junior|senior|senior5|male|campus|business|colGPA|hsGPA|ACT|job19|job20|drive|bike|walk|voluntr|PC|greek|car|bgfriend|clubs|skipped|alcohol|gradMI|fathcoll|mothcoll","data_clean_pool/wooldridge__gpa1.csv","6e0f4e0de626563d2a83b9ded87ce7b1963f7636ac8ac41b1e896cf96a85f9dd",FALSE
"wooldridge","lowbrth","lowbrth","https://vincentarelbundock.github.io/Rdatasets/csv/wooldridge/lowbrth.csv","https://vincentarelbundock.github.io/Rdatasets/doc/wooldridge/lowbrth.html","GPL-3","core","economics","panel",100,36,100,50,24,50,24,0.941674,"30-199","21-30","p21-30_n30-199",FALSE,FALSE,"lowbrth|infmort|afdcprt|pcinc|physic|afdcprc|cafdcprc|clpcinc|clphysic|clowbrth|cinfmort|afdcpay|afdcinc|clafdcpy|cafdcinc|beds|bedspc|clbedspc|povrate|cpovrate|cafdcpsq|physicpc|lphypc|clphypc","data_clean_pool/wooldridge__lowbrth.csv","b9bf28a2c437829dc7e731ba3e676ed86e15232ed7709d9128a80c0b399beb41",FALSE
"wooldridge","vote2","vote2","https://vincentarelbundock.github.io/Rdatasets/csv/wooldridge/vote2.csv","https://vincentarelbundock.github.io/Rdatasets/doc/wooldridge/vote2.html","GPL-3","core","economics","cross-section",186,26,186,148,23,148,22,0.875927,"30-199","21-30","p21-30_n30-199",FALSE,FALSE,"district|democ|vote90|vote88|inexp90|chexp90|inexp88|chexp88|prtystr|rptchall|tenure|lawyer|linexp90|lchexp90|linexp88|lchexp88|incshr90|incshr88|cvote|clinexp|clchexp|cincshr","data_clean_pool/wooldridge__vote2.csv","52d88f25c321dea6c02d97262fbe817aecb66b3cde36aea09905eab91baa951d",FALSE
"AER","Fatalities","US Traffic Fatalities","https://vincentarelbundock.github.io/Rdatasets/csv/AER/Fatalities.csv","https://vincentarelbundock.github.io/Rdatasets/doc/AER/Fatalities.html","GPL-2 | GPL-3","core","economics","panel",336,32,336,335,21,335,21,0.945098,"200-499","21-30","p21-30_n200-499",FALSE,FALSE,"year|spirits|unemp|income|emppop|beertax|baptist|mormon|drinkage|dry|youngdrivers|miles|breath|jail|service|fatal|nfatal1517|nfatal1820|afatal|pop|gsp","data_clean_pool/AER__Fatalities.csv","edabd0c3f6e1558609edb07007b7d3da8dc3a5a4970ffe70e3e847c26bb5e9df",TRUE
"Ecdat","nkill.byCountryYr","Global Terrorism Database yearly summaries","https://vincentarelbundock.github.io/Rdatasets/csv/Ecdat/nkill.byCountryYr.csv","https://vincentarelbundock.github.io/Rdatasets/doc/Ecdat/nkill.byCountryYr.html","GPL (>= 2)","core","economics","cross-section",204,50,204,204,38,204,30,0.946332,"200-499","21-30","p21-30_n200-499",FALSE,TRUE,"1971|1973|1974|1976|1978|1979|1980|1981|1983|1986|1988|1989|1991|1992|1994|1995|1996|1997|1998|1999|2000|2001|2002|2003|2004|2008|2010|2013|2014|2018","data_clean_pool/Ecdat__nkill.byCountryYr.csv","c65f69956fee475131333cbddb3e6bcc34587211c107d79080ab704334fb512f",FALSE
"sem","HS.data","Holizinger and Swineford's Data","https://vincentarelbundock.github.io/Rdatasets/csv/sem/HS.data.csv","https://vincentarelbundock.github.io/Rdatasets/doc/sem/HS.data.html","GPL (>= 2)","core","psychology","cross-section",301,32,301,301,28,301,28,0.744792,"200-499","21-30","p21-30_n200-499",FALSE,FALSE,"Gender|grade|agey|agem|school|visual|cubes|paper|flags|general|paragrap|sentence|wordc|wordm|addition|counting|straight|wordr|numberr|figurer|object|numberf|figurew|deduct|numeric|problemr|series|arithmet","data_clean_pool/sem__HS.data.csv","1037de27c3a23d9729fc1a7b4e36b50366ebed12a4e4cada51f281a310dfd710",TRUE
"wooldridge","cement","cement","https://vincentarelbundock.github.io/Rdatasets/csv/wooldridge/cement.csv","https://vincentarelbundock.github.io/Rdatasets/doc/wooldridge/cement.html","GPL-3","core","economics","cross-section",312,30,312,295,28,295,28,0.751724,"200-499","21-30","p21-30_n200-499",FALSE,FALSE,"year|month|ipcem|prcpet|rresc|rnonc|rdefs|milemp|gprc|gcem|gprcpet|gres|gnon|gip|gdefs|gmilemp|jan|feb|mar|apr|may|jun|jul|aug|sep|oct|nov|dec","data_clean_pool/wooldridge__cement.csv","5a37ff20b29a7acb069d966da5876d256ae11f91be1a16b0fc236bd3456d0eef",TRUE
"wooldridge","discrim","discrim","https://vincentarelbundock.github.io/Rdatasets/csv/wooldridge/discrim.csv","https://vincentarelbundock.github.io/Rdatasets/doc/wooldridge/discrim.html","GPL-3","core","economics","cross-section",410,37,410,310,30,310,30,0.939689,"200-499","21-30","p21-30_n200-499",FALSE,FALSE,"psoda|pfries|pentree|wagest|nmgrs|nregs|hrsopen|emp|psoda2|pfries2|pentree2|wagest2|nmgrs2|emp2|compown|chain|density|crmrte|state|prpblck|prppov|prpncar|hseval|nstores|income|county|ldensity|BK|KFC|RR","data_clean_pool/wooldridge__discrim.csv","e284d81b5317639c9aa0715ed4f44adfc4563f3240c507dc54c0c8f5198c5474",FALSE
"wooldridge","mlb1","mlb1","https://vincentarelbundock.github.io/Rdatasets/csv/wooldridge/mlb1.csv","https://vincentarelbundock.github.io/Rdatasets/doc/wooldridge/mlb1.html","GPL-3","core","economics","cross-section",353,47,353,330,44,330,30,0.937554,"200-499","21-30","p21-30_n200-499",FALSE,TRUE,"salary|teamsal|nl|games|runs|doubles|hruns|rbis|bavg|so|fldperc|frstbase|scndbase|shrtstop|thrdbase|outfield|black|whitepop|blackpop|pcinc|gamesyr|rbisyr|runsyr|percwhte|percblck|perchisp|hispph|whtepw|blckph|hisppb","data_clean_pool/wooldridge__mlb1.csv","0825ccd4ab5d9f882218374e41d1be620b076689a99c633ec808119386913119",TRUE
"AER","PSID1976","Labor Force Participation Data","https://vincentarelbundock.github.io/Rdatasets/csv/AER/PSID1976.csv","https://vincentarelbundock.github.io/Rdatasets/doc/AER/PSID1976.html","GPL-2 | GPL-3","core","economics","cross-section",753,21,753,753,21,753,21,0.888138,"500-999","21-30","p21-30_n500-999",FALSE,FALSE,"participation|hours|youngkids|oldkids|age|education|wage|repwage|hhours|hage|heducation|hwage|fincome|tax|meducation|feducation|unemp|city|experience|college|hcollege","data_clean_pool/AER__PSID1976.csv","70bd16d79e9d726c1aa206903439fb0d0fd5e4cfd62ba89f7c22f45cff40977f",TRUE
"Ecdat","Crime","Crime in North Carolina","https://vincentarelbundock.github.io/Rdatasets/csv/Ecdat/Crime.csv","https://vincentarelbundock.github.io/Rdatasets/doc/Ecdat/Crime.html","GPL (>= 2)","core","economics","panel",630,23,630,630,23,630,23,0.817301,"500-999","21-30","p21-30_n500-999",FALSE,FALSE,"county|year|crmrte|prbarr|prbconv|prbpris|avgsen|polpc|density|taxpc|smsa|pctmin|wcon|wtuc|wtrd|wfir|wser|wmfg|wfed|wsta|wloc|mix|pctymle","data_clean_pool/Ecdat__Crime.csv","243a66eba36d1f73f450dbc39e136e02e6f56fbf1033b77ce0e82fcb9d9def02",TRUE
"causaldata","castle","Data on castle-doctrine statutes and violent crime","https://vincentarelbundock.github.io/Rdatasets/csv/causaldata/castle.csv","https://vincentarelbundock.github.io/Rdatasets/doc/causaldata/castle.html","MIT + file LICENSE","core","social_science","cross-section",550,139,550,544,132,544,30,0.493715,"500-999","21-30","p21-30_n500-999",FALSE,TRUE,"motor|unemployrt|blackm_15_24|r20002|r20003|r20012|r20022|r20024|r20042|r20054|r20064|r20072|r20074|r20082|r20083|r20092|trend_2|trend_5|trend_10|trend_22|trend_33|trend_39|trend_43|trend_46|trend_47|trend_48|trend_51|l_exp_pubwelfare|lead2|lead4","data_clean_pool/causaldata__castle.csv","a8300d24c3dc3dc80562ff199e2350fa41f1a20f2a0e11864c732a5a5de95fa2",FALSE
"wooldridge","big9salary","big9salary","https://vincentarelbundock.github.io/Rdatasets/csv/wooldridge/big9salary.csv","https://vincentarelbundock.github.io/Rdatasets/doc/wooldridge/big9salary.html","GPL-3","core","economics","panel",786,30,786,518,26,518,26,0.928766,"500-999","21-30","p21-30_n500-999",FALSE,FALSE,"year|salary|pubindx|totpge|assist|assoc|prof|chair|top20phd|yearphd|female|osu|iowa|indiana|purdue|msu|minn|mich|wisc|illinois|y92|y95|y99|expersq|pubindxsq|lpubindx","data_clean_pool/wooldridge__big9salary.csv","4c2884fec36d12c31d4ba61108af3e36bc7c9d4a19d45ccf86ed52d0fd1549b8",FALSE
"wooldridge","crime4","crime4","https://vincentarelbundock.github.io/Rdatasets/csv/wooldridge/crime4.csv","https://vincentarelbundock.github.io/Rdatasets/doc/wooldridge/crime4.html","GPL-3","core","economics","panel",630,59,630,540,51,540,30,0.89141,"500-999","21-30","p21-30_n500-999",FALSE,TRUE,"year|crmrte|prbarr|prbconv|prbpris|avgsen|density|west|central|pctmin80|wcon|wtuc|wtrd|wfir|wmfg|wsta|wloc|mix|d82|d84|d86|lprbarr|lprbconv|lpolpc|ldensity|lwcon|lwtuc|lwfir|clprbcon|clprbpri","data_clean_pool/wooldridge__crime4.csv","853fc1e80a9841fa9c31159e6c2b795d83e60b2bedf490adf49dd3aba2e25907",TRUE
"wooldridge","fringe","fringe","https://vincentarelbundock.github.io/Rdatasets/csv/wooldridge/fringe.csv","https://vincentarelbundock.github.io/Rdatasets/doc/wooldridge/fringe.html","GPL-3","core","economics","cross-section",616,39,616,616,34,616,30,0.942237,"500-999","21-30","p21-30_n500-999",FALSE,TRUE,"annearn|hrearn|exper|age|depends|married|tenure|educ|nrtheast|nrthcen|south|male|white|union|office|annhrs|ind2|ind5|ind6|ind7|ind8|ind9|vacdays|sicklve|insur|pension|annbens|beratio|lannearn|vserat","data_clean_pool/wooldridge__fringe.csv","db90fb58be0029800df51da409c49790a24ca9a6a28b1009730aadc01fa9a525",FALSE
"wooldridge","prison","prison","https://vincentarelbundock.github.io/Rdatasets/csv/wooldridge/prison.csv","https://vincentarelbundock.github.io/Rdatasets/doc/wooldridge/prison.html","GPL-3","core","economics","panel",714,45,714,714,44,714,30,0.883898,"500-999","21-30","p21-30_n500-999",FALSE,TRUE,"state|govelec|black|unem|criv|crip|lcriv|y82|y83|y84|y85|y88|y89|y90|y92|y93|ag15_17|ag18_24|incpc|gincpc|gpolpc|cag0_14|cag15_17|cag18_24|cag25_34|cblack|cmetro|pris|lpris|gpris","data_clean_pool/wooldridge__prison.csv","dc14829879463f023b21e78b71eb33c855552f0dfb6081b7fe3c98f5a5c7481c",FALSE
"wooldridge","sleep75","sleep75","https://vincentarelbundock.github.io/Rdatasets/csv/wooldridge/sleep75.csv","https://vincentarelbundock.github.io/Rdatasets/doc/wooldridge/sleep75.html","GPL-3","core","economics","cross-section",706,34,706,532,26,532,26,0.889515,"500-999","21-30","p21-30_n500-999",FALSE,FALSE,"age|black|clerical|construc|educ|earns74|gdhlth|leis1|smsa|lhrwage|lothinc|male|marr|prot|rlxall|selfe|sleep|south|spsepay|spwrk75|totwrk|union|workscnd|yngkid|yrsmarr|hrwage","data_clean_pool/wooldridge__sleep75.csv","54ff0766d9c2c215780f75db864d1b2b0a0787df95939300540b51966dd498ec",TRUE
"wooldridge","wage1","wage1","https://vincentarelbundock.github.io/Rdatasets/csv/wooldridge/wage1.csv","https://vincentarelbundock.github.io/Rdatasets/doc/wooldridge/wage1.html","GPL-3","core","economics","cross-section",526,24,526,526,23,526,23,0.937062,"500-999","21-30","p21-30_n500-999",FALSE,FALSE,"wage|educ|exper|tenure|nonwhite|female|married|numdep|smsa|northcen|south|west|construc|ndurman|trcommpu|trade|services|profserv|profocc|clerocc|servocc|lwage|tenursq","data_clean_pool/wooldridge__wage1.csv","116eec2a830fe8bf470db662bb51975002b21c4b89de6fff2a2f5c5fd2d3d977",FALSE
"AER","ResumeNames","Are Emily and Greg More Employable Than Lakisha and Jamal?","https://vincentarelbundock.github.io/Rdatasets/csv/AER/ResumeNames.csv","https://vincentarelbundock.github.io/Rdatasets/doc/AER/ResumeNames.html","GPL-2 | GPL-3","core","economics","cross-section",4870,23,4870,4870,23,1999,23,0.89213,"1000-1999","21-30","p21-30_n1000-1999",TRUE,FALSE,"gender|ethnicity|quality|call|city|jobs|experience|honors|volunteer|military|holes|school|email|computer|special|college|equal|requirements|reqexp|reqcomm|reqeduc|reqcomp|reqorg","data_clean_pool/AER__ResumeNames.csv","2b40add2b7715cd9898c6a50468905380c42ee0ab744daf43370414ddd8610e5",TRUE
"Ecdat","Car","Stated Preferences for Car Choice","https://vincentarelbundock.github.io/Rdatasets/csv/Ecdat/Car.csv","https://vincentarelbundock.github.io/Rdatasets/doc/Ecdat/Car.html","GPL (>= 2)","core","economics","cross-section",4654,70,4654,4654,32,1999,30,0.929298,"1000-1999","21-30","p21-30_n1000-1999",TRUE,TRUE,"college|hsg2|coml5|fuel1|fuel3|fuel5|price3|price5|range1|range3|range5|acc1|acc3|acc5|speed1|speed3|speed5|pollution1|pollution3|pollution5|size1|size3|size5|space3|cost1|cost3|cost5|station1|station3|station5","data_clean_pool/Ecdat__Car.csv","70b1ab2a1c07c688a073c4872adecd6da25549e4a8091f3173403c3b734f75d9",FALSE
"Ecdat","Kakadu","Willingness to Pay for the Preservation of the Kakadu National Park","https://vincentarelbundock.github.io/Rdatasets/csv/Ecdat/Kakadu.csv","https://vincentarelbundock.github.io/Rdatasets/doc/Ecdat/Kakadu.html","GPL (>= 2)","core","economics","cross-section",1827,21,1827,1827,21,1827,21,0.548506,"1000-1999","21-30","p21-30_n1000-1999",FALSE,FALSE,"lower|upper|recparks|jobs|lowrisk|wildlife|future|aboriginal|finben|mineparks|moreparks|gov|envcon|vparks|tvenv|conservation|sex|age|schooling|income|major","data_clean_pool/Ecdat__Kakadu.csv","1fcf1c2d77dffbbeac5e2c7fb9ce0b412120db1ce58b5a03f2c79336a9fbf904",TRUE
"Ecdat","Schooling","Wages and Schooling","https://vincentarelbundock.github.io/Rdatasets/csv/Ecdat/Schooling.csv","https://vincentarelbundock.github.io/Rdatasets/doc/Ecdat/Schooling.html","GPL (>= 2)","core","economics","cross-section",3010,27,3010,2034,26,1999,26,0.947936,"1000-1999","21-30","p21-30_n1000-1999",TRUE,FALSE,"smsa66|smsa76|nearc2|nearc4|nearc4a|nearc4b|ed76|ed66|age76|daded|nodaded|momed|momdad14|sinmom14|step14|south66|south76|lwage76|famed|black|wage76|enroll76|kww|iqscore|libcrd14|exp76","data_clean_pool/Ecdat__Schooling.csv","bd0fd3a1bf3c12737dff1ceab83f8e3bf56f6677ea8947a42e438923dca83892",TRUE
"camerondata","randhealth","Health expenditures and insurance plans","https://vincentarelbundock.github.io/Rdatasets/csv/camerondata/randhealth.csv","https://vincentarelbundock.github.io/Rdatasets/doc/camerondata/randhealth.html","CC BY 4.0","core","economics","panel",20190,45,20190,11499,40,1999,28,0.950809,"1000-1999","21-30","p21-30_n1000-1999",TRUE,TRUE,"plan|year|black|xage|female|educdec|suppdol|mentdol|inpdol|totadm|mentvis|mdvis|notmdvis|num|disea|physlm|ghindx|mdeoff|child|lfam|lpi|idp|logc|fmde|hlthg|hlthf|linc|lnmeddol","data_clean_pool/camerondata__randhealth.csv","8a17f93b69f1778b1728914d2bf135b1ba1e553937920c39ac897648601ddd8d",FALSE
"causaldata","adult_services","Data from a survey of internet-mediated sex workers","https://vincentarelbundock.github.io/Rdatasets/csv/causaldata/adult_services.csv","https://vincentarelbundock.github.io/Rdatasets/doc/causaldata/adult_services.html","MIT + file LICENSE","core","social_science","cross-section",1787,31,1787,1499,28,1499,28,0.651237,"1000-1999","21-30","p21-30_n1000-1999",FALSE,FALSE,"session|age|age_cl|appearance_cl|bmi|schooling|provider_second|asian_cl|black_cl|hispanic_cl|othrace_cl|reg|hot|massage_cl|lnw|llength|unsafe|asian|black|hispanic|other|white|cohab|married|divorced|separated|nevermarried|widowed","data_clean_pool/causaldata__adult_services.csv","b6301de37af4b5fd91930666b1c1cdd65fb41885cf88021f4b19d895bb3ce286",FALSE
"causaldata","ccdrug","Data on Drug Arrests from the Crown Court Sentencing Survey","https://vincentarelbundock.github.io/Rdatasets/csv/causaldata/ccdrug.csv","https://vincentarelbundock.github.io/Rdatasets/doc/causaldata/ccdrug.html","MIT + file LICENSE","core","social_science","cross-section",16973,45,16973,16973,40,1999,27,0.377529,"1000-1999","21-30","p21-30_n1000-1999",TRUE,TRUE,"custody|male|first_offense|drg_increasing_ser_stat_3|drg_increasing_ser_other_3|drg_increasing_ser_other_4|drg_increasing_ser_other_5|drg_increasing_ser_other_6|drg_increasing_ser_other_10|drg_increasing_ser_other_11|drg_increasing_ser_other_12|drg_increasing_ser_other_13|drg_increasing_ser_other_15|drg_increasing_ser_other_19|drg_increasing_ser_other_21|drg_reducing_ser_1|drg_reducing_ser_2|drg_reducing_ser_3|drg_reducing_ser_4|drg_reducing_ser_5|drg_reducing_ser_6|drg_reducing_ser_7|drg_reducing_ser_9|drg_reducing_ser_12|drg_reducing_ser_14|drg_reducing_ser_15|drg_reducing_ser_16","data_clean_pool/causaldata__ccdrug.csv","aa97e37022e8afa486df21e4691c58fb88b3330e10b828ad57991bf43a2c6052",FALSE
"causaldata","nhefs","National Health and Nutrition Examination Survey Data I Epidemiologic Follow-up Study","https://vincentarelbundock.github.io/Rdatasets/csv/causaldata/nhefs.csv","https://vincentarelbundock.github.io/Rdatasets/doc/causaldata/nhefs.html","MIT + file LICENSE","core","social_science","cross-section",1629,67,1629,1024,56,1024,30,0.94619,"1000-1999","21-30","p21-30_n1000-1999",FALSE,TRUE,"seqn|sbp|dbp|age|race|income|school|education|wt71|birthplace|smkintensity82_71|smokeyrs|chroniccough|hayfever|polio|nervousbreak|headache|otherpain|weakheart|nerves|lackpep|boweltrouble|wtloss|infection|active|cholesterol|hightax82|tax71|tax82|price71_82","data_clean_pool/causaldata__nhefs.csv","61b5ab7a3ec3c6c6a37c7d78e4a7dddbe78398216f81aa59e2553bb3f61fa328",FALSE
"mlmRev","bdf","Language Scores of 8-Graders in The Netherlands","https://vincentarelbundock.github.io/Rdatasets/csv/mlmRev/bdf.csv","https://vincentarelbundock.github.io/Rdatasets/doc/mlmRev/bdf.html","GPL (>= 2)","core","education","cross-section",2287,24,2287,2287,24,1999,24,0.922742,"1000-1999","21-30","p21-30_n1000-1999",TRUE,FALSE,"schoolNR|IQ.verb|IQ.perf|sex|Minority|repeatgr|aritPRET|aritPOST|langPRET|langPOST|ses|denomina|schoolSES|satiprin|natitest|meetings|currmeet|mixedgra|percmino|aritdiff|homework|classsiz|groupsiz|avg.IQ.ver.cen","data_clean_pool/mlmRev__bdf.csv","71b2f034aa620ccc1b04c777ffb383531c2da9873be7b4b7b5ce5cd9e7c649ab",FALSE
"psych","bfi","25 Personality items representing 5 factors","https://vincentarelbundock.github.io/Rdatasets/csv/psych/bfi.csv","https://vincentarelbundock.github.io/Rdatasets/doc/psych/bfi.html","GPL (>= 2)","core","psychology","cross-section",2800,28,2800,2236,28,1999,28,0.71104,"1000-1999","21-30","p21-30_n1000-1999",TRUE,FALSE,"A1|A2|A3|A4|A5|C1|C2|C3|C4|C5|E1|E2|E3|E4|E5|N1|N2|N3|N4|N5|O1|O2|O3|O4|O5|gender|education|age","data_clean_pool/psych__bfi.csv","a69a282fb24d65d8ac6163716dcbad388eb6b5f68dad94cb7a5ba1915835fd38",FALSE
"wooldridge","alcohol","alcohol","https://vincentarelbundock.github.io/Rdatasets/csv/wooldridge/alcohol.csv","https://vincentarelbundock.github.io/Rdatasets/doc/wooldridge/alcohol.html","GPL-3","core","economics","cross-section",9822,33,9822,9822,28,1999,28,0.942681,"1000-1999","21-30","p21-30_n1000-1999",TRUE,FALSE,"abuse|status|unemrate|age|educ|married|famsize|white|exhealth|vghealth|goodhealth|fairhealth|northeast|midwest|south|centcity|outercity|qrt1|qrt2|qrt3|beertax|cigtax|ethanol|mothalc|fathalc|livealc|inwf|beertaxsq","data_clean_pool/wooldridge__alcohol.csv","cec765bff37eacc22e94b6ccc0430f23fd2dbc02df79c99dc51507a5618897e7",FALSE
"wooldridge","card","card","https://vincentarelbundock.github.io/Rdatasets/csv/wooldridge/card.csv","https://vincentarelbundock.github.io/Rdatasets/doc/wooldridge/card.html","GPL-3","core","economics","cross-section",3010,34,3010,1600,32,1600,30,0.94707,"1000-1999","21-30","p21-30_n1000-1999",FALSE,TRUE,"nearc2|nearc4|educ|age|fatheduc|motheduc|weight|momdad14|step14|reg661|reg662|reg664|reg665|reg666|reg667|reg668|reg669|south66|black|smsa|south|smsa66|wage|enroll|KWW|IQ|married|libcrd14|exper|lwage","data_clean_pool/wooldridge__card.csv","9dc12b3f6433a890b9dba4f59e0ce15949498bad941d129e4690705cc71cac1a",FALSE
"wooldridge","driving","driving","https://vincentarelbundock.github.io/Rdatasets/csv/wooldridge/driving.csv","https://vincentarelbundock.github.io/Rdatasets/doc/wooldridge/driving.html","GPL-3","core","economics","panel",1200,56,1200,1200,51,1200,30,0.789208,"1000-1999","21-30","p21-30_n1000-1999",FALSE,TRUE,"year|state|sl55|sl70|slnone|seatbelt|minage|zerotol|gdl|wkndfatpvm|statepop|totfatrte|sl70plus|sbprim|d82|d83|d84|d85|d89|d90|d91|d92|d96|d98|d99|d01|d02|d03|d04|vehicmilespc","data_clean_pool/wooldridge__driving.csv","ba66d8582e42638d12211bc14c52d8728fe2e1c39edc0b02f3e2f6ab47cece62",FALSE
"wooldridge","htv","htv","https://vincentarelbundock.github.io/Rdatasets/csv/wooldridge/htv.csv","https://vincentarelbundock.github.io/Rdatasets/doc/wooldridge/htv.html","GPL-3","core","economics","cross-section",1230,23,1230,1230,21,1230,21,0.880835,"1000-1999","21-30","p21-30_n1000-1999",FALSE,FALSE,"wage|abil|educ|ne|nc|west|south|exper|motheduc|fatheduc|brkhme14|sibs|urban|ne18|nc18|south18|west18|urban18|tuit17|lwage|ctuit","data_clean_pool/wooldridge__htv.csv","1872d2931d80c5f537b91c747a347cc4b70c5f4c4fb31b71b4959b5c8bca5d5b",FALSE
"wooldridge","injury","injury","https://vincentarelbundock.github.io/Rdatasets/csv/wooldridge/injury.csv","https://vincentarelbundock.github.io/Rdatasets/doc/wooldridge/injury.html","GPL-3","core","economics","cross-section",7150,30,7150,6822,26,1999,26,0.925004,"1000-1999","21-30","p21-30_n1000-1999",TRUE,FALSE,"durat|afchnge|highearn|male|married|hosp|indust|injtype|age|prewage|totmed|injdes|benefit|ky|ldurat|afhigh|ltotmed|head|neck|upextr|trunk|lowback|lowextr|occdis|manuf|construc","data_clean_pool/wooldridge__injury.csv","23c97a4bcc1cf637cb3dfc64ff35c5c7251c78bcf8ff15b09e3b398ebf86ec70",FALSE
"wooldridge","loanapp","loanapp","https://vincentarelbundock.github.io/Rdatasets/csv/wooldridge/loanapp.csv","https://vincentarelbundock.github.io/Rdatasets/doc/wooldridge/loanapp.html","GPL-3","core","economics","cross-section",1989,59,1989,1778,56,1778,30,0.757539,"1000-1999","21-30","p21-30_n1000-1999",FALSE,TRUE,"loanamt|action|suffolk|typur|unit|married|yjob|self|other|rep|cons|pubrec|hrat|obrat|fixadj|prop|inss|inson|cosign|unver|netw|bd|mi|black|male|mortno|mortlat1|mortlat2|loanprc|thick","data_clean_pool/wooldridge__loanapp.csv","deae6f17ccc7920bd3b109589dea10f3fccf8a6169f9f148cda5b16badf412da",FALSE
"wooldridge","mathpnl","mathpnl","https://vincentarelbundock.github.io/Rdatasets/csv/wooldridge/mathpnl.csv","https://vincentarelbundock.github.io/Rdatasets/doc/wooldridge/mathpnl.html","GPL-3","core","economics","cross-section",3850,52,3850,2077,30,1999,30,0.947737,"1000-1999","21-30","p21-30_n1000-1999",TRUE,FALSE,"distid|intid|lunch|enrol|ptr|found|expp|revpp|avgsal|drop|grad|math4|math7|year|y95|y96|y97|y98|lexpp_1|lenrol|lunchsq|math4_1|cmath4|gexpp|gexpp_1|clunch|clnchsq|genrol|expp92|math4_92","data_clean_pool/wooldridge__mathpnl.csv","eefcefdd0047786b4abd6307e1f2c5b2a13ec9024dd32b3c0833c32d0dcb7071",TRUE
"wooldridge","twoyear","twoyear","https://vincentarelbundock.github.io/Rdatasets/csv/wooldridge/twoyear.csv","https://vincentarelbundock.github.io/Rdatasets/doc/wooldridge/twoyear.html","GPL-3","core","economics","cross-section",6763,23,6763,6763,22,1999,22,0.945142,"1000-1999","21-30","p21-30_n1000-1999",TRUE,FALSE,"female|phsrank|BA|AA|black|hispanic|exper|jc|univ|lwage|stotal|smcity|medcity|submed|lgcity|sublg|vlgcity|subvlg|ne|nc|south|totcoll","data_clean_pool/wooldridge__twoyear.csv","e89418488885850f743c6be5f39b94562b47f05fea9b3c92c6ef1b81b5801e6c",FALSE
"wooldridge","wagepan","wagepan","https://vincentarelbundock.github.io/Rdatasets/csv/wooldridge/wagepan.csv","https://vincentarelbundock.github.io/Rdatasets/doc/wooldridge/wagepan.html","GPL-3","core","economics","cross-section",4360,44,4360,4360,42,1999,30,0.706408,"1000-1999","21-30","p21-30_n1000-1999",TRUE,TRUE,"agric|black|bus|construc|exper|fin|poorhlth|hours|min|nrthcen|nrtheast|occ2|occ3|occ4|occ6|occ8|occ9|per|pro|pub|rur|educ|tra|trad|lwage|d82|d83|d85|d86|d87","data_clean_pool/wooldridge__wagepan.csv","e83ca2c31aa115fa7b1a872d269ff6f50199206589f6465bf4b65fb29c0891cc",FALSE
