"package","item","stage","reason","detail","duplicate_of"
"AER","ArgentinaCPI","frame","object_class","class=ts (ts)",""
"AER","BenderlyZwick","frame","object_class","class=mts (mts/ts)",""
"AER","BondYield","frame","object_class","class=ts (ts)",""
"AER","CPSSW3","frame","index_p_model_lt_min","p_model=2",""
"AER","ChinaIncome","frame","object_class","class=mts (mts/ts)",""
"AER","ConsumerGood","frame","object_class","class=mts (mts/ts)",""
"AER","DJFranses","frame","object_class","class=ts (ts)",""
"AER","DJIA8012","frame","object_class","class=zoo (zoo)",""
"AER","DutchAdvert","frame","object_class","class=mts (mts/ts)",""
"AER","DutchSales","frame","object_class","class=ts (ts)",""
"AER","Equipment","frame","index_rows_lt_min","Rows=25",""
"AER","EuroEnergy","frame","index_rows_lt_min","Rows=20",""
"AER","FrozenJuice","frame","object_class","class=mts (mts/ts)",""
"AER","GermanUnemployment","frame","object_class","class=mts (mts/ts)",""
"AER","GoldSilver","frame","object_class","class=zoo (zoo)",""
"AER","KleinI","frame","object_class","class=mts (mts/ts)",""
"AER","Longley","frame","object_class","class=mts (mts/ts)",""
"AER","MSCISwitzerland","frame","object_class","class=zoo (zoo)",""
"AER","ManufactCosts","frame","object_class","class=mts (mts/ts)",""
"AER","MarkDollar","frame","object_class","class=ts (ts)",""
"AER","MarkPound","frame","object_class","class=ts (ts)",""
"AER","MotorCycles","frame","object_class","class=ts (ts)",""
"AER","MotorCycles2","frame","object_class","class=ts (ts)",""
"AER","NYSESW","frame","object_class","class=zoo (zoo)",""
"AER","OECDGrowth","frame","index_rows_lt_min","Rows=22",""
"AER","OlympicTV","frame","index_rows_lt_min","Rows=10",""
"AER","OrangeCounty","frame","object_class","class=mts (mts/ts)",""
"AER","PepperPrice","frame","object_class","class=mts (mts/ts)",""
"AER","SIC33","frame","index_rows_lt_min","Rows=27",""
"AER","StrikeDuration","frame","index_p_model_lt_min","p_model=2",""
"AER","TechChange","frame","object_class","class=mts (mts/ts)",""
"AER","TradeCredit","frame","object_class","class=mts (mts/ts)",""
"AER","UKInflation","frame","object_class","class=mts (mts/ts)",""
"AER","UKNonDurables","frame","object_class","class=ts (ts)",""
"AER","USConsump1950","frame","object_class","class=mts (mts/ts)",""
"AER","USConsump1979","frame","object_class","class=mts (mts/ts)",""
"AER","USConsump1993","frame","object_class","class=mts (mts/ts)",""
"AER","USGasB","frame","object_class","class=mts (mts/ts)",""
"AER","USGasG","frame","object_class","class=mts (mts/ts)",""
"AER","USInvest","frame","object_class","class=mts (mts/ts)",""
"AER","USMacroB","frame","object_class","class=mts (mts/ts)",""
"AER","USMacroG","frame","object_class","class=mts (mts/ts)",""
"AER","USMacroSW","frame","object_class","class=mts (mts/ts)",""
"AER","USMacroSWM","frame","object_class","class=mts (mts/ts)",""
"AER","USMacroSWQ","frame","object_class","class=mts (mts/ts)",""
"AER","USMoney","frame","object_class","class=mts (mts/ts)",""
"AER","USProdIndex","frame","object_class","class=mts (mts/ts)",""
"AER","USStocksSW","frame","object_class","class=mts (mts/ts)",""
"AER","WeakInstrument","frame","description_keyword","word=artificial; Artificial Weak Instrument Data",""
"COUNT","affairs","frame","package_excluded","tier=mixed",""
"COUNT","azcabgptca","frame","package_excluded","tier=mixed",""
"COUNT","azdrg112","frame","package_excluded","tier=mixed",""
"COUNT","azpro","frame","package_excluded","tier=mixed",""
"COUNT","azprocedure","frame","package_excluded","tier=mixed",""
"COUNT","badhealth","frame","package_excluded","tier=mixed",""
"COUNT","fasttrakg","frame","package_excluded","tier=mixed",""
"COUNT","fishing","frame","package_excluded","tier=mixed",""
"COUNT","lbw","frame","package_excluded","tier=mixed",""
"COUNT","lbwgrp","frame","package_excluded","tier=mixed",""
"COUNT","loomis","frame","package_excluded","tier=mixed",""
"COUNT","mdvis","frame","package_excluded","tier=mixed",""
"COUNT","medpar","frame","package_excluded","tier=mixed",""
"COUNT","nuts","frame","package_excluded","tier=mixed",""
"COUNT","rwm","frame","package_excluded","tier=mixed",""
"COUNT","rwm1984","frame","package_excluded","tier=mixed",""
"COUNT","rwm5yr","frame","package_excluded","tier=mixed",""
"COUNT","ships","frame","package_excluded","tier=mixed",""
"COUNT","smoking","frame","package_excluded","tier=mixed",""
"COUNT","titanic","frame","package_excluded","tier=mixed",""
"COUNT","titanicgrp","frame","package_excluded","tier=mixed",""
"CardioDataSets","acs_patients_df","frame","package_excluded","tier=exclude",""
"CardioDataSets","age_heartrate_df","frame","package_excluded","tier=exclude",""
"CardioDataSets","ami_occurrences_tbl_df","frame","package_excluded","tier=exclude",""
"CardioDataSets","aortaDiss_tbl_df","frame","package_excluded","tier=exclude",""
"CardioDataSets","betablockers_matrix","frame","package_excluded","tier=exclude",""
"CardioDataSets","cad_anticoagulants_df","frame","package_excluded","tier=exclude",""
"CardioDataSets","cardiac_failure_df","frame","package_excluded","tier=exclude",""
"CardioDataSets","cardiac_gwas_df","frame","package_excluded","tier=exclude",""
"CardioDataSets","cardioRiskFactors_df","frame","package_excluded","tier=exclude",""
"CardioDataSets","cardio_diabetes_tbl_df","frame","package_excluded","tier=exclude",""
"CardioDataSets","cardiovascular_list","frame","package_excluded","tier=exclude",""
"CardioDataSets","coronary_death_df","frame","package_excluded","tier=exclude",""
"CardioDataSets","cpr_survival_tbl_df","frame","package_excluded","tier=exclude",""
"CardioDataSets","cv_mortality_ts","frame","package_excluded","tier=exclude",""
"CardioDataSets","emotion_heartrate_df","frame","package_excluded","tier=exclude",""
"CardioDataSets","heartTransplantTime_tbl_df","frame","package_excluded","tier=exclude",""
"CardioDataSets","heart_transplant_df","frame","package_excluded","tier=exclude",""
"CardioDataSets","heartdisease_tbl_df","frame","package_excluded","tier=exclude",""
"CardioDataSets","heartdiseaserisk_tbl_df","frame","package_excluded","tier=exclude",""
"CardioDataSets","heartfailure_df","frame","package_excluded","tier=exclude",""
"CardioDataSets","mriCardioVars_tbl_df","frame","package_excluded","tier=exclude",""
"CardioDataSets","muscatine_coronary_risk_df","frame","package_excluded","tier=exclude",""
"CardioDataSets","myocardialinfarction_df","frame","package_excluded","tier=exclude",""
"CardioDataSets","patient_CAV_df","frame","package_excluded","tier=exclude",""
"CardioDataSets","radial_ivus_df","frame","package_excluded","tier=exclude",""
"CardioDataSets","scottish_CVD_df","frame","package_excluded","tier=exclude",""
"CardioDataSets","statinMIrisk_df","frame","package_excluded","tier=exclude",""
"CardioDataSets","sulphinpyrazone_tbl_df","frame","package_excluded","tier=exclude",""
"CardioDataSets","usMortality_df","frame","package_excluded","tier=exclude",""
"DAAG","ACF1","frame","package_excluded","tier=mixed",""
"DAAG","Cars93.summary","frame","package_excluded","tier=mixed",""
"DAAG","Lottario","frame","package_excluded","tier=mixed",""
"DAAG","Manitoba.lakes","frame","package_excluded","tier=mixed",""
"DAAG","SP500W90","frame","package_excluded","tier=mixed",""
"DAAG","SP500close","frame","package_excluded","tier=mixed",""
"DAAG","ais","frame","package_excluded","tier=mixed",""
"DAAG","alc2018","frame","package_excluded","tier=mixed",""
"DAAG","allbacks","frame","package_excluded","tier=mixed",""
"DAAG","anesthetic","frame","package_excluded","tier=mixed",""
"DAAG","ant111b","frame","package_excluded","tier=mixed",""
"DAAG","antigua","frame","package_excluded","tier=mixed",""
"DAAG","appletaste","frame","package_excluded","tier=mixed",""
"DAAG","audists","frame","package_excluded","tier=mixed",""
"DAAG","aulatlong","frame","package_excluded","tier=mixed",""
"DAAG","austpop","frame","package_excluded","tier=mixed",""
"DAAG","biomass","frame","package_excluded","tier=mixed",""
"DAAG","bomregions","frame","package_excluded","tier=mixed",""
"DAAG","bomregions2018","frame","package_excluded","tier=mixed",""
"DAAG","bomregions2021","frame","package_excluded","tier=mixed",""
"DAAG","bomsoi","frame","package_excluded","tier=mixed",""
"DAAG","bostonc","frame","package_excluded","tier=mixed",""
"DAAG","carprice","frame","package_excluded","tier=mixed",""
"DAAG","cerealsugar","frame","package_excluded","tier=mixed",""
"DAAG","cfseal","frame","package_excluded","tier=mixed",""
"DAAG","cities","frame","package_excluded","tier=mixed",""
"DAAG","codling","frame","package_excluded","tier=mixed",""
"DAAG","coralPval","frame","package_excluded","tier=mixed",""
"DAAG","cottonworkers","frame","package_excluded","tier=mixed",""
"DAAG","cps1","frame","package_excluded","tier=mixed",""
"DAAG","cps2","frame","package_excluded","tier=mixed",""
"DAAG","cps3","frame","package_excluded","tier=mixed",""
"DAAG","cricketer","frame","package_excluded","tier=mixed",""
"DAAG","cuckoohosts","frame","package_excluded","tier=mixed",""
"DAAG","cuckoos","frame","package_excluded","tier=mixed",""
"DAAG","dengue","frame","package_excluded","tier=mixed",""
"DAAG","dewpoint","frame","package_excluded","tier=mixed",""
"DAAG","droughts","frame","package_excluded","tier=mixed",""
"DAAG","edcCO2","frame","package_excluded","tier=mixed",""
"DAAG","edcT","frame","package_excluded","tier=mixed",""
"DAAG","elastic1","frame","package_excluded","tier=mixed",""
"DAAG","elastic2","frame","package_excluded","tier=mixed",""
"DAAG","elasticband","frame","package_excluded","tier=mixed",""
"DAAG","fossilfuel","frame","package_excluded","tier=mixed",""
"DAAG","fossum","frame","package_excluded","tier=mixed",""
"DAAG","frogs","frame","package_excluded","tier=mixed",""
"DAAG","frostedflakes","frame","package_excluded","tier=mixed",""
"DAAG","fruitohms","frame","package_excluded","tier=mixed",""
"DAAG","gaba","frame","package_excluded","tier=mixed",""
"DAAG","geophones","frame","package_excluded","tier=mixed",""
"DAAG","greatLakes","frame","package_excluded","tier=mixed",""
"DAAG","grog","frame","package_excluded","tier=mixed",""
"DAAG","headInjury","frame","package_excluded","tier=mixed",""
"DAAG","hills","frame","package_excluded","tier=mixed",""
"DAAG","hills2000","frame","package_excluded","tier=mixed",""
"DAAG","hotspots","frame","package_excluded","tier=mixed",""
"DAAG","hotspots2006","frame","package_excluded","tier=mixed",""
"DAAG","houseprices","frame","package_excluded","tier=mixed",""
"DAAG","humanpower1","frame","package_excluded","tier=mixed",""
"DAAG","humanpower2","frame","package_excluded","tier=mixed",""
"DAAG","hurricNamed","frame","package_excluded","tier=mixed",""
"DAAG","intersalt","frame","package_excluded","tier=mixed",""
"DAAG","ironslag","frame","package_excluded","tier=mixed",""
"DAAG","jobs","frame","package_excluded","tier=mixed",""
"DAAG","kiwishade","frame","package_excluded","tier=mixed",""
"DAAG","leafshape","frame","package_excluded","tier=mixed",""
"DAAG","leafshape17","frame","package_excluded","tier=mixed",""
"DAAG","leaftemp","frame","package_excluded","tier=mixed",""
"DAAG","leaftemp.all","frame","package_excluded","tier=mixed",""
"DAAG","litters","frame","package_excluded","tier=mixed",""
"DAAG","lognihills","frame","package_excluded","tier=mixed",""
"DAAG","lung","frame","package_excluded","tier=mixed",""
"DAAG","mdbAVtJtoD","frame","package_excluded","tier=mixed",""
"DAAG","measles","frame","package_excluded","tier=mixed",""
"DAAG","medExpenses","frame","package_excluded","tier=mixed",""
"DAAG","mifem","frame","package_excluded","tier=mixed",""
"DAAG","mignonette","frame","package_excluded","tier=mixed",""
"DAAG","milk","frame","package_excluded","tier=mixed",""
"DAAG","modelcars","frame","package_excluded","tier=mixed",""
"DAAG","monica","frame","package_excluded","tier=mixed",""
"DAAG","moths","frame","package_excluded","tier=mixed",""
"DAAG","nassCDS","frame","package_excluded","tier=mixed",""
"DAAG","nasshead","frame","package_excluded","tier=mixed",""
"DAAG","nihills","frame","package_excluded","tier=mixed",""
"DAAG","nsw74demo","frame","package_excluded","tier=mixed",""
"DAAG","nsw74psid1","frame","package_excluded","tier=mixed",""
"DAAG","nsw74psid3","frame","package_excluded","tier=mixed",""
"DAAG","nsw74psidA","frame","package_excluded","tier=mixed",""
"DAAG","nswdemo","frame","package_excluded","tier=mixed",""
"DAAG","nswpsid1","frame","package_excluded","tier=mixed",""
"DAAG","oddbooks","frame","package_excluded","tier=mixed",""
"DAAG","orings","frame","package_excluded","tier=mixed",""
"DAAG","ozone","frame","package_excluded","tier=mixed",""
"DAAG","pair65","frame","package_excluded","tier=mixed",""
"DAAG","possum","frame","package_excluded","tier=mixed",""
"DAAG","possumsites","frame","package_excluded","tier=mixed",""
"DAAG","poxetc","frame","package_excluded","tier=mixed",""
"DAAG","primates","frame","package_excluded","tier=mixed",""
"DAAG","progression","frame","package_excluded","tier=mixed",""
"DAAG","psid1","frame","package_excluded","tier=mixed",""
"DAAG","psid2","frame","package_excluded","tier=mixed",""
"DAAG","psid3","frame","package_excluded","tier=mixed",""
"DAAG","races2000","frame","package_excluded","tier=mixed",""
"DAAG","rainforest","frame","package_excluded","tier=mixed",""
"DAAG","rareplants","frame","package_excluded","tier=mixed",""
"DAAG","repPsych","frame","package_excluded","tier=mixed",""
"DAAG","rice","frame","package_excluded","tier=mixed",""
"DAAG","rockArt","frame","package_excluded","tier=mixed",""
"DAAG","roller","frame","package_excluded","tier=mixed",""
"DAAG","science","frame","package_excluded","tier=mixed",""
"DAAG","seedrates","frame","package_excluded","tier=mixed",""
"DAAG","socsupport","frame","package_excluded","tier=mixed",""
"DAAG","softbacks","frame","package_excluded","tier=mixed",""
"DAAG","sorption","frame","package_excluded","tier=mixed",""
"DAAG","spam7","frame","package_excluded","tier=mixed",""
"DAAG","stVincent","frame","package_excluded","tier=mixed",""
"DAAG","sugar","frame","package_excluded","tier=mixed",""
"DAAG","tinting","frame","package_excluded","tier=mixed",""
"DAAG","tomato","frame","package_excluded","tier=mixed",""
"DAAG","toycars","frame","package_excluded","tier=mixed",""
"DAAG","vince111b","frame","package_excluded","tier=mixed",""
"DAAG","vlt","frame","package_excluded","tier=mixed",""
"DAAG","wages1833","frame","package_excluded","tier=mixed",""
"DAAG","whoops","frame","package_excluded","tier=mixed",""
"DAAG","worldRecords","frame","package_excluded","tier=mixed",""
"Ecdat","AccountantsAuditorsPct","frame","index_p_model_lt_min","p_model=1",""
"Ecdat","CRANpackages","frame","index_rows_lt_min","Rows=29",""
"Ecdat","CRSPday","frame","object_class","class=mts (mts/ts)",""
"Ecdat","CRSPmon","frame","object_class","class=mts (mts/ts)",""
"Ecdat","Consumption","frame","object_class","class=mts (mts/ts)",""
"Ecdat","Diamond","frame","index_p_model_lt_min","p_model=2",""
"Ecdat","Earnings","frame","index_p_model_lt_min","p_model=1",""
"Ecdat","Hstarts","frame","object_class","class=mts (mts/ts)",""
"Ecdat","IncomeUK","frame","object_class","class=mts (mts/ts)",""
"Ecdat","Irates","frame","object_class","class=mts (mts/ts)",""
"Ecdat","Klein","frame","object_class","class=mts (mts/ts)",""
"Ecdat","LT","frame","object_class","class=mts (mts/ts)",""
"Ecdat","Longley","frame","object_class","class=mts (mts/ts)",""
"Ecdat","MW","frame","object_class","class=mts (mts/ts)",""
"Ecdat","Macrodat","frame","object_class","class=mts (mts/ts)",""
"Ecdat","ManufCost","frame","object_class","class=mts (mts/ts)",""
"Ecdat","Metal","frame","index_rows_lt_min","Rows=27",""
"Ecdat","Mishkin","frame","object_class","class=mts (mts/ts)",""
"Ecdat","Money","frame","object_class","class=mts (mts/ts)",""
"Ecdat","MoneyUS","frame","object_class","class=mts (mts/ts)",""
"Ecdat","Mpyr","frame","object_class","class=mts (mts/ts)",""
"Ecdat","Orange","frame","object_class","class=mts (mts/ts)",""
"Ecdat","PE","frame","object_class","class=mts (mts/ts)",""
"Ecdat","PPP","frame","object_class","class=mts (mts/ts)",""
"Ecdat","Pricing","frame","object_class","class=mts (mts/ts)",""
"Ecdat","SP500","frame","index_p_model_lt_min","p_model=1",""
"Ecdat","Solow","frame","object_class","class=mts (mts/ts)",""
"Ecdat","Strike","frame","index_p_model_lt_min","p_model=2",""
"Ecdat","StrikeDur","frame","index_p_model_lt_min","p_model=2",""
"Ecdat","Tbrate","frame","object_class","class=mts (mts/ts)",""
"Ecdat","TranspEq","frame","index_rows_lt_min","Rows=25",""
"Ecdat","USclassifiedDocuments","frame","index_rows_lt_min","Rows=29",""
"Ecdat","USstateAbbreviations","frame","index_p_model_lt_min","p_model=0",""
"Ecdat","UStaxWords","frame","index_rows_lt_min","Rows=7",""
"Ecdat","coolingFromNuclearWar","frame","index_rows_lt_min","Rows=4",""
"Ecdat","incidents.byCountryYr","frame","object_class","class=table (table)",""
"Ecdat","nonEnglishNames","frame","index_rows_lt_min","Rows=11",""
"Ecdat","nuclearWeaponStates","frame","index_rows_lt_min","Rows=9",""
"Ecdat","politicalKnowledge","frame","index_rows_lt_min","Rows=4",""
"HSAUR","BCG","frame","package_excluded","tier=mixed",""
"HSAUR","BtheB","frame","package_excluded","tier=mixed",""
"HSAUR","CYGOB1","frame","package_excluded","tier=mixed",""
"HSAUR","Forbes2000","frame","package_excluded","tier=mixed",""
"HSAUR","GHQ","frame","package_excluded","tier=mixed",""
"HSAUR","Lanza","frame","package_excluded","tier=mixed",""
"HSAUR","agefat","frame","package_excluded","tier=mixed",""
"HSAUR","aspirin","frame","package_excluded","tier=mixed",""
"HSAUR","birthdeathrates","frame","package_excluded","tier=mixed",""
"HSAUR","bladdercancer","frame","package_excluded","tier=mixed",""
"HSAUR","clouds","frame","package_excluded","tier=mixed",""
"HSAUR","epilepsy","frame","package_excluded","tier=mixed",""
"HSAUR","foster","frame","package_excluded","tier=mixed",""
"HSAUR","gardenflowers","frame","package_excluded","tier=mixed",""
"HSAUR","heptathlon","frame","package_excluded","tier=mixed",""
"HSAUR","mastectomy","frame","package_excluded","tier=mixed",""
"HSAUR","meteo","frame","package_excluded","tier=mixed",""
"HSAUR","orallesions","frame","package_excluded","tier=mixed",""
"HSAUR","phosphate","frame","package_excluded","tier=mixed",""
"HSAUR","pistonrings","frame","package_excluded","tier=mixed",""
"HSAUR","planets","frame","package_excluded","tier=mixed",""
"HSAUR","plasma","frame","package_excluded","tier=mixed",""
"HSAUR","polyps","frame","package_excluded","tier=mixed",""
"HSAUR","polyps3","frame","package_excluded","tier=mixed",""
"HSAUR","pottery","frame","package_excluded","tier=mixed",""
"HSAUR","rearrests","frame","package_excluded","tier=mixed",""
"HSAUR","respiratory","frame","package_excluded","tier=mixed",""
"HSAUR","roomwidth","frame","package_excluded","tier=mixed",""
"HSAUR","schizophrenia","frame","package_excluded","tier=mixed",""
"HSAUR","schizophrenia2","frame","package_excluded","tier=mixed",""
"HSAUR","schooldays","frame","package_excluded","tier=mixed",""
"HSAUR","skulls","frame","package_excluded","tier=mixed",""
"HSAUR","smoking","frame","package_excluded","tier=mixed",""
"HSAUR","students","frame","package_excluded","tier=mixed",""
"HSAUR","suicides","frame","package_excluded","tier=mixed",""
"HSAUR","toothpaste","frame","package_excluded","tier=mixed",""
"HSAUR","voting","frame","package_excluded","tier=mixed",""
"HSAUR","water","frame","package_excluded","tier=mixed",""
"HSAUR","watervoles","frame","package_excluded","tier=mixed",""
"HSAUR","waves","frame","package_excluded","tier=mixed",""
"HSAUR","weightgain","frame","package_excluded","tier=mixed",""
"HSAUR","womensrole","frame","package_excluded","tier=mixed",""
"HistData","Arbuthnot","frame","package_excluded","tier=mixed",""
"HistData","Armada","frame","package_excluded","tier=mixed",""
"HistData","Bowley","frame","package_excluded","tier=mixed",""
"HistData","Breslau","frame","package_excluded","tier=mixed",""
"HistData","Cavendish","frame","package_excluded","tier=mixed",""
"HistData","ChestSizes","frame","package_excluded","tier=mixed",""
"HistData","ChestStigler","frame","package_excluded","tier=mixed",""
"HistData","Cholera","frame","package_excluded","tier=mixed",""
"HistData","CholeraDeaths1849","frame","package_excluded","tier=mixed",""
"HistData","CushnyPeebles","frame","package_excluded","tier=mixed",""
"HistData","CushnyPeeblesN","frame","package_excluded","tier=mixed",""
"HistData","Dactyl","frame","package_excluded","tier=mixed",""
"HistData","DrinksWages","frame","package_excluded","tier=mixed",""
"HistData","EdgeworthDeaths","frame","package_excluded","tier=mixed",""
"HistData","Fingerprints","frame","package_excluded","tier=mixed",""
"HistData","Galton","frame","package_excluded","tier=mixed",""
"HistData","GaltonFamilies","frame","package_excluded","tier=mixed",""
"HistData","Guerry","frame","package_excluded","tier=mixed",""
"HistData","HalleyLifeTable","frame","package_excluded","tier=mixed",""
"HistData","Jevons","frame","package_excluded","tier=mixed",""
"HistData","Langren.all","frame","package_excluded","tier=mixed",""
"HistData","Langren1644","frame","package_excluded","tier=mixed",""
"HistData","Macdonell","frame","package_excluded","tier=mixed",""
"HistData","MacdonellDF","frame","package_excluded","tier=mixed",""
"HistData","Mayer","frame","package_excluded","tier=mixed",""
"HistData","Michelson","frame","package_excluded","tier=mixed",""
"HistData","MichelsonSets","frame","package_excluded","tier=mixed",""
"HistData","Minard.cities","frame","package_excluded","tier=mixed",""
"HistData","Minard.temp","frame","package_excluded","tier=mixed",""
"HistData","Minard.troops","frame","package_excluded","tier=mixed",""
"HistData","Nightingale","frame","package_excluded","tier=mixed",""
"HistData","OldMaps","frame","package_excluded","tier=mixed",""
"HistData","PearsonLee","frame","package_excluded","tier=mixed",""
"HistData","Playfair1824","frame","package_excluded","tier=mixed",""
"HistData","PolioTrials","frame","package_excluded","tier=mixed",""
"HistData","Pollen","frame","package_excluded","tier=mixed",""
"HistData","Prostitutes","frame","package_excluded","tier=mixed",""
"HistData","Pyx","frame","package_excluded","tier=mixed",""
"HistData","Quarrels","frame","package_excluded","tier=mixed",""
"HistData","Saturn","frame","package_excluded","tier=mixed",""
"HistData","Snow.dates","frame","package_excluded","tier=mixed",""
"HistData","Snow.deaths","frame","package_excluded","tier=mixed",""
"HistData","Snow.deaths2","frame","package_excluded","tier=mixed",""
"HistData","Snow.pumps","frame","package_excluded","tier=mixed",""
"HistData","Snow.streets","frame","package_excluded","tier=mixed",""
"HistData","Virginis","frame","package_excluded","tier=mixed",""
"HistData","Virginis.interp","frame","package_excluded","tier=mixed",""
"HistData","Wheat","frame","package_excluded","tier=mixed",""
"HistData","Wheat.monarchs","frame","package_excluded","tier=mixed",""
"HistData","Yeast","frame","package_excluded","tier=mixed",""
"HistData","YeastD.mat","frame","package_excluded","tier=mixed",""
"HistData","ZeaMays","frame","package_excluded","tier=mixed",""
"ISLR","Auto","frame","package_excluded","tier=mixed",""
"ISLR","Caravan","frame","package_excluded","tier=mixed",""
"ISLR","Carseats","frame","package_excluded","tier=mixed",""
"ISLR","College","frame","package_excluded","tier=mixed",""
"ISLR","Credit","frame","package_excluded","tier=mixed",""
"ISLR","Default","frame","package_excluded","tier=mixed",""
"ISLR","Hitters","frame","package_excluded","tier=mixed",""
"ISLR","NCI60","frame","package_excluded","tier=mixed",""
"ISLR","OJ","frame","package_excluded","tier=mixed",""
"ISLR","Portfolio","frame","package_excluded","tier=mixed",""
"ISLR","Smarket","frame","package_excluded","tier=mixed",""
"ISLR","Wage","frame","package_excluded","tier=mixed",""
"ISLR","Weekly","frame","package_excluded","tier=mixed",""
"KMsurv","aids","frame","package_excluded","tier=exclude",""
"KMsurv","alloauto","frame","package_excluded","tier=exclude",""
"KMsurv","allograft","frame","package_excluded","tier=exclude",""
"KMsurv","azt","frame","package_excluded","tier=exclude",""
"KMsurv","baboon","frame","package_excluded","tier=exclude",""
"KMsurv","bcdeter","frame","package_excluded","tier=exclude",""
"KMsurv","bfeed","frame","package_excluded","tier=exclude",""
"KMsurv","bmt","frame","package_excluded","tier=exclude",""
"KMsurv","bnct","frame","package_excluded","tier=exclude",""
"KMsurv","btrial","frame","package_excluded","tier=exclude",""
"KMsurv","burn","frame","package_excluded","tier=exclude",""
"KMsurv","channing","frame","package_excluded","tier=exclude",""
"KMsurv","drug6mp","frame","package_excluded","tier=exclude",""
"KMsurv","drughiv","frame","package_excluded","tier=exclude",""
"KMsurv","hodg","frame","package_excluded","tier=exclude",""
"KMsurv","kidney","frame","package_excluded","tier=exclude",""
"KMsurv","kidrecurr","frame","package_excluded","tier=exclude",""
"KMsurv","kidtran","frame","package_excluded","tier=exclude",""
"KMsurv","larynx","frame","package_excluded","tier=exclude",""
"KMsurv","lung","frame","package_excluded","tier=exclude",""
"KMsurv","pneumon","frame","package_excluded","tier=exclude",""
"KMsurv","psych","frame","package_excluded","tier=exclude",""
"KMsurv","rats","frame","package_excluded","tier=exclude",""
"KMsurv","std","frame","package_excluded","tier=exclude",""
"KMsurv","stddiag","frame","package_excluded","tier=exclude",""
"KMsurv","tongue","frame","package_excluded","tier=exclude",""
"KMsurv","twins","frame","package_excluded","tier=exclude",""
"Lahman","AllstarFull","frame","package_excluded","tier=exclude",""
"Lahman","Appearances","frame","package_excluded","tier=exclude",""
"Lahman","AwardsManagers","frame","package_excluded","tier=exclude",""
"Lahman","AwardsPlayers","frame","package_excluded","tier=exclude",""
"Lahman","AwardsShareManagers","frame","package_excluded","tier=exclude",""
"Lahman","AwardsSharePlayers","frame","package_excluded","tier=exclude",""
"Lahman","Batting","frame","package_excluded","tier=exclude",""
"Lahman","BattingPost","frame","package_excluded","tier=exclude",""
"Lahman","CollegePlaying","frame","package_excluded","tier=exclude",""
"Lahman","Fielding","frame","package_excluded","tier=exclude",""
"Lahman","FieldingOF","frame","package_excluded","tier=exclude",""
"Lahman","FieldingOFsplit","frame","package_excluded","tier=exclude",""
"Lahman","FieldingPost","frame","package_excluded","tier=exclude",""
"Lahman","HallOfFame","frame","package_excluded","tier=exclude",""
"Lahman","HomeGames","frame","package_excluded","tier=exclude",""
"Lahman","LahmanData","frame","package_excluded","tier=exclude",""
"Lahman","Managers","frame","package_excluded","tier=exclude",""
"Lahman","ManagersHalf","frame","package_excluded","tier=exclude",""
"Lahman","Parks","frame","package_excluded","tier=exclude",""
"Lahman","People","frame","package_excluded","tier=exclude",""
"Lahman","Pitching","frame","package_excluded","tier=exclude",""
"Lahman","PitchingPost","frame","package_excluded","tier=exclude",""
"Lahman","Salaries","frame","package_excluded","tier=exclude",""
"Lahman","Schools","frame","package_excluded","tier=exclude",""
"Lahman","SeriesPost","frame","package_excluded","tier=exclude",""
"Lahman","Teams","frame","package_excluded","tier=exclude",""
"Lahman","TeamsFranchises","frame","package_excluded","tier=exclude",""
"Lahman","TeamsHalf","frame","package_excluded","tier=exclude",""
"Lahman","battingLabels","frame","package_excluded","tier=exclude",""
"Lahman","fieldingLabels","frame","package_excluded","tier=exclude",""
"Lahman","pitchingLabels","frame","package_excluded","tier=exclude",""
"MASS","Aids2","frame","package_excluded","tier=mixed",""
"MASS","Animals","frame","package_excluded","tier=mixed",""
"MASS","Boston","frame","package_excluded","tier=mixed",""
"MASS","Cars93","frame","package_excluded","tier=mixed",""
"MASS","Cushings","frame","package_excluded","tier=mixed",""
"MASS","DDT","frame","package_excluded","tier=mixed",""
"MASS","GAGurine","frame","package_excluded","tier=mixed",""
"MASS","Insurance","frame","package_excluded","tier=mixed",""
"MASS","Melanoma","frame","package_excluded","tier=mixed",""
"MASS","OME","frame","package_excluded","tier=mixed",""
"MASS","Pima.te","frame","package_excluded","tier=mixed",""
"MASS","Pima.tr","frame","package_excluded","tier=mixed",""
"MASS","Pima.tr2","frame","package_excluded","tier=mixed",""
"MASS","Rabbit","frame","package_excluded","tier=mixed",""
"MASS","Rubber","frame","package_excluded","tier=mixed",""
"MASS","SP500","frame","package_excluded","tier=mixed",""
"MASS","Sitka","frame","package_excluded","tier=mixed",""
"MASS","Sitka89","frame","package_excluded","tier=mixed",""
"MASS","Skye","frame","package_excluded","tier=mixed",""
"MASS","Traffic","frame","package_excluded","tier=mixed",""
"MASS","UScereal","frame","package_excluded","tier=mixed",""
"MASS","UScrime","frame","package_excluded","tier=mixed",""
"MASS","VA","frame","package_excluded","tier=mixed",""
"MASS","abbey","frame","package_excluded","tier=mixed",""
"MASS","accdeaths","frame","package_excluded","tier=mixed",""
"MASS","anorexia","frame","package_excluded","tier=mixed",""
"MASS","bacteria","frame","package_excluded","tier=mixed",""
"MASS","beav1","frame","package_excluded","tier=mixed",""
"MASS","beav2","frame","package_excluded","tier=mixed",""
"MASS","biopsy","frame","package_excluded","tier=mixed",""
"MASS","birthwt","frame","package_excluded","tier=mixed",""
"MASS","cabbages","frame","package_excluded","tier=mixed",""
"MASS","caith","frame","package_excluded","tier=mixed",""
"MASS","cats","frame","package_excluded","tier=mixed",""
"MASS","cement","frame","package_excluded","tier=mixed",""
"MASS","chem","frame","package_excluded","tier=mixed",""
"MASS","coop","frame","package_excluded","tier=mixed",""
"MASS","cpus","frame","package_excluded","tier=mixed",""
"MASS","crabs","frame","package_excluded","tier=mixed",""
"MASS","deaths","frame","package_excluded","tier=mixed",""
"MASS","drivers","frame","package_excluded","tier=mixed",""
"MASS","eagles","frame","package_excluded","tier=mixed",""
"MASS","epil","frame","package_excluded","tier=mixed",""
"MASS","farms","frame","package_excluded","tier=mixed",""
"MASS","fgl","frame","package_excluded","tier=mixed",""
"MASS","forbes","frame","package_excluded","tier=mixed",""
"MASS","galaxies","frame","package_excluded","tier=mixed",""
"MASS","gehan","frame","package_excluded","tier=mixed",""
"MASS","genotype","frame","package_excluded","tier=mixed",""
"MASS","geyser","frame","package_excluded","tier=mixed",""
"MASS","gilgais","frame","package_excluded","tier=mixed",""
"MASS","hills","frame","package_excluded","tier=mixed",""
"MASS","housing","frame","package_excluded","tier=mixed",""
"MASS","immer","frame","package_excluded","tier=mixed",""
"MASS","leuk","frame","package_excluded","tier=mixed",""
"MASS","mammals","frame","package_excluded","tier=mixed",""
"MASS","mcycle","frame","package_excluded","tier=mixed",""
"MASS","menarche","frame","package_excluded","tier=mixed",""
"MASS","michelson","frame","package_excluded","tier=mixed",""
"MASS","minn38","frame","package_excluded","tier=mixed",""
"MASS","motors","frame","package_excluded","tier=mixed",""
"MASS","muscle","frame","package_excluded","tier=mixed",""
"MASS","newcomb","frame","package_excluded","tier=mixed",""
"MASS","nlschools","frame","package_excluded","tier=mixed",""
"MASS","npk","frame","package_excluded","tier=mixed",""
"MASS","npr1","frame","package_excluded","tier=mixed",""
"MASS","oats","frame","package_excluded","tier=mixed",""
"MASS","painters","frame","package_excluded","tier=mixed",""
"MASS","petrol","frame","package_excluded","tier=mixed",""
"MASS","phones","frame","package_excluded","tier=mixed",""
"MASS","quine","frame","package_excluded","tier=mixed",""
"MASS","road","frame","package_excluded","tier=mixed",""
"MASS","rotifer","frame","package_excluded","tier=mixed",""
"MASS","ships","frame","package_excluded","tier=mixed",""
"MASS","shoes","frame","package_excluded","tier=mixed",""
"MASS","shrimp","frame","package_excluded","tier=mixed",""
"MASS","shuttle","frame","package_excluded","tier=mixed",""
"MASS","snails","frame","package_excluded","tier=mixed",""
"MASS","steam","frame","package_excluded","tier=mixed",""
"MASS","stormer","frame","package_excluded","tier=mixed",""
"MASS","survey","frame","package_excluded","tier=mixed",""
"MASS","synth.te","frame","package_excluded","tier=mixed",""
"MASS","synth.tr","frame","package_excluded","tier=mixed",""
"MASS","topo","frame","package_excluded","tier=mixed",""
"MASS","waders","frame","package_excluded","tier=mixed",""
"MASS","whiteside","frame","package_excluded","tier=mixed",""
"MASS","wtloss","frame","package_excluded","tier=mixed",""
"MLDataR","PreDiabetes","frame","package_excluded","tier=exclude",""
"MLDataR","care_home_incidents","frame","package_excluded","tier=exclude",""
"MLDataR","csgo","frame","package_excluded","tier=exclude",""
"MLDataR","diabetes_data","frame","package_excluded","tier=exclude",""
"MLDataR","heartdisease","frame","package_excluded","tier=exclude",""
"MLDataR","long_stayers","frame","package_excluded","tier=exclude",""
"MLDataR","stroke_classification","frame","package_excluded","tier=exclude",""
"MLDataR","thyroid_disease","frame","package_excluded","tier=exclude",""
"MedDataSets","Aids2_df","frame","package_excluded","tier=exclude",""
"MedDataSets","Cushings_df","frame","package_excluded","tier=exclude",""
"MedDataSets","GAGurine_df","frame","package_excluded","tier=exclude",""
"MedDataSets","Melanoma_df","frame","package_excluded","tier=exclude",""
"MedDataSets","Mixtures_Drug_tbl_df","frame","package_excluded","tier=exclude",""
"MedDataSets","Pima_te_df","frame","package_excluded","tier=exclude",""
"MedDataSets","Pima_tr2_df","frame","package_excluded","tier=exclude",""
"MedDataSets","Pima_tr_df","frame","package_excluded","tier=exclude",""
"MedDataSets","Puromycin_df","frame","package_excluded","tier=exclude",""
"MedDataSets","ToothGrowth_df","frame","package_excluded","tier=exclude",""
"MedDataSets","VADeaths_matrix","frame","package_excluded","tier=exclude",""
"MedDataSets","VA_df","frame","package_excluded","tier=exclude",""
"MedDataSets","anorexia_df","frame","package_excluded","tier=exclude",""
"MedDataSets","antibiotics_tbl_df","frame","package_excluded","tier=exclude",""
"MedDataSets","avandia_tbl_df","frame","package_excluded","tier=exclude",""
"MedDataSets","babies_crawl_tbl_df","frame","package_excluded","tier=exclude",""
"MedDataSets","babies_tbl_df","frame","package_excluded","tier=exclude",""
"MedDataSets","bacteria_df","frame","package_excluded","tier=exclude",""
"MedDataSets","bdims_tbl_df","frame","package_excluded","tier=exclude",""
"MedDataSets","biontech_teens_tbl_df","frame","package_excluded","tier=exclude",""
"MedDataSets","birthwt_df","frame","package_excluded","tier=exclude",""
"MedDataSets","colmozzie_tbl_df","frame","package_excluded","tier=exclude",""
"MedDataSets","covid19sf_hospital_df","frame","package_excluded","tier=exclude",""
"MedDataSets","covid19sf_tests_df","frame","package_excluded","tier=exclude",""
"MedDataSets","diabetes2_tbl_df","frame","package_excluded","tier=exclude",""
"MedDataSets","drugbank_df","frame","package_excluded","tier=exclude",""
"MedDataSets","ebola_survey_tbl_df","frame","package_excluded","tier=exclude",""
"MedDataSets","edgar_df","frame","package_excluded","tier=exclude",""
"MedDataSets","esoph_df","frame","package_excluded","tier=exclude",""
"MedDataSets","fdeaths_ts","frame","package_excluded","tier=exclude",""
"MedDataSets","gehan_df","frame","package_excluded","tier=exclude",""
"MedDataSets","genotype_df","frame","package_excluded","tier=exclude",""
"MedDataSets","heart_transplant_tbl_df","frame","package_excluded","tier=exclude",""
"MedDataSets","infert_df","frame","package_excluded","tier=exclude",""
"MedDataSets","ldeaths_ts","frame","package_excluded","tier=exclude",""
"MedDataSets","leuk_df","frame","package_excluded","tier=exclude",""
"MedDataSets","mala_df","frame","package_excluded","tier=exclude",""
"MedDataSets","malaria_tbl_df","frame","package_excluded","tier=exclude",""
"MedDataSets","mdeaths_ts","frame","package_excluded","tier=exclude",""
"MedDataSets","muscle_df","frame","package_excluded","tier=exclude",""
"MedDataSets","sinusitis_tbl_df","frame","package_excluded","tier=exclude",""
"MedDataSets","sleep_deprivation_tbl_df","frame","package_excluded","tier=exclude",""
"MedDataSets","smallpox_tbl_df","frame","package_excluded","tier=exclude",""
"MedDataSets","smoking_tbl_df","frame","package_excluded","tier=exclude",""
"MedDataSets","stent30_tbl_df","frame","package_excluded","tier=exclude",""
"MedDataSets","transplant_tbl_df","frame","package_excluded","tier=exclude",""
"MedDataSets","wtloss_df","frame","package_excluded","tier=exclude",""
"MedDataSets","yawn_tbl_df","frame","package_excluded","tier=exclude",""
"NeuroDataSets","ADHD_df","frame","package_excluded","tier=mixed",""
"NeuroDataSets","AD_biomarkers_tbl_df","frame","package_excluded","tier=mixed",""
"NeuroDataSets","ASD_risks_tbl_df","frame","package_excluded","tier=mixed",""
"NeuroDataSets","DA_schizophrenia_tbl_df","frame","package_excluded","tier=mixed",""
"NeuroDataSets","OASIS_cross_tbl_df","frame","package_excluded","tier=mixed",""
"NeuroDataSets","OASIS_long_tbl_df","frame","package_excluded","tier=mixed",""
"NeuroDataSets","SAHemorrhage_df","frame","package_excluded","tier=mixed",""
"NeuroDataSets","TBI_age_tbl_df","frame","package_excluded","tier=mixed",""
"NeuroDataSets","TBI_military_tbl_df","frame","package_excluded","tier=mixed",""
"NeuroDataSets","TBI_steroids_df","frame","package_excluded","tier=mixed",""
"NeuroDataSets","WMpatterns_tbl_df","frame","package_excluded","tier=mixed",""
"NeuroDataSets","aba_phenotype_data_df","frame","package_excluded","tier=mixed",""
"NeuroDataSets","ability_intelligence_list","frame","package_excluded","tier=mixed",""
"NeuroDataSets","acupuncture_df","frame","package_excluded","tier=mixed",""
"NeuroDataSets","adolescent_mental_health_df","frame","package_excluded","tier=mixed",""
"NeuroDataSets","alzheimer_smoking_df","frame","package_excluded","tier=mixed",""
"NeuroDataSets","bilingual_brains_df","frame","package_excluded","tier=mixed",""
"NeuroDataSets","blood_brain_barrier_df","frame","package_excluded","tier=mixed",""
"NeuroDataSets","brain_litter_mammals_df","frame","package_excluded","tier=mixed",""
"NeuroDataSets","brain_size_iq_df","frame","package_excluded","tier=mixed",""
"NeuroDataSets","brain_string_players_df","frame","package_excluded","tier=mixed",""
"NeuroDataSets","brainexpression_df","frame","package_excluded","tier=mixed",""
"NeuroDataSets","brains_cognitive_matrix","frame","package_excluded","tier=mixed",""
"NeuroDataSets","brainvolume_df","frame","package_excluded","tier=mixed",""
"NeuroDataSets","cerebellar_age_df","frame","package_excluded","tier=mixed",""
"NeuroDataSets","chimpbrains_df","frame","package_excluded","tier=mixed",""
"NeuroDataSets","cocaine_dopamine_df","frame","package_excluded","tier=mixed",""
"NeuroDataSets","dementia_df","frame","package_excluded","tier=mixed",""
"NeuroDataSets","encephalitis_df","frame","package_excluded","tier=mixed",""
"NeuroDataSets","epilepsy_RCT_tbl_df","frame","package_excluded","tier=mixed",""
"NeuroDataSets","epilepsy_drug_qol_df","frame","package_excluded","tier=mixed",""
"NeuroDataSets","epilepsy_drug_trial_df","frame","package_excluded","tier=mixed",""
"NeuroDataSets","gm_expected_patterns_tbl_df","frame","package_excluded","tier=mixed",""
"NeuroDataSets","guineapig_neuro_df","frame","package_excluded","tier=mixed",""
"NeuroDataSets","hippocampus_lesions_df","frame","package_excluded","tier=mixed",""
"NeuroDataSets","iq_country_tbl_df","frame","package_excluded","tier=mixed",""
"NeuroDataSets","mammals_brain_body_df","frame","package_excluded","tier=mixed",""
"NeuroDataSets","markers_brain_df","frame","package_excluded","tier=mixed",""
"NeuroDataSets","markers_human_brain_df","frame","package_excluded","tier=mixed",""
"NeuroDataSets","markers_mouse_brain_df","frame","package_excluded","tier=mixed",""
"NeuroDataSets","migraine_treatment_df","frame","package_excluded","tier=mixed",""
"NeuroDataSets","migraines_df","frame","package_excluded","tier=mixed",""
"NeuroDataSets","migrane_dose_df","frame","package_excluded","tier=mixed",""
"NeuroDataSets","neanderthal_brains_df","frame","package_excluded","tier=mixed",""
"NeuroDataSets","neuro_pointprocess_matrix","frame","package_excluded","tier=mixed",""
"NeuroDataSets","neurodeg_dose_df","frame","package_excluded","tier=mixed",""
"NeuroDataSets","nfl_concussions_tbl_df","frame","package_excluded","tier=mixed",""
"NeuroDataSets","parkinsons_dopamine_list","frame","package_excluded","tier=mixed",""
"NeuroDataSets","pediatric_glioma_tbl_df","frame","package_excluded","tier=mixed",""
"NeuroDataSets","psych_neurocog_df","frame","package_excluded","tier=mixed",""
"NeuroDataSets","sleep_deprivation_tbl_df","frame","package_excluded","tier=mixed",""
"NeuroDataSets","sleep_disorder_df","frame","package_excluded","tier=mixed",""
"NeuroDataSets","sleep_performance_df","frame","package_excluded","tier=mixed",""
"NeuroDataSets","subcortical_patterns_tbl_df","frame","package_excluded","tier=mixed",""
"NeuroDataSets","tourette_ADHD_df","frame","package_excluded","tier=mixed",""
"OncoDataSets","AIPulmonaryNodules_df","frame","package_excluded","tier=exclude",""
"OncoDataSets","AflatoxinLiverCancer_df","frame","package_excluded","tier=exclude",""
"OncoDataSets","AlcoholIntakeCancer_df","frame","package_excluded","tier=exclude",""
"OncoDataSets","BRCA1BreastCancer_df","frame","package_excluded","tier=exclude",""
"OncoDataSets","BRCA1OvarianCancer_df","frame","package_excluded","tier=exclude",""
"OncoDataSets","BRCA2BreastCancer_df","frame","package_excluded","tier=exclude",""
"OncoDataSets","BRCA2OvarianCancer_df","frame","package_excluded","tier=exclude",""
"OncoDataSets","BladderCancer_df","frame","package_excluded","tier=exclude",""
"OncoDataSets","BloodStorageProstate_df","frame","package_excluded","tier=exclude",""
"OncoDataSets","BrainCancerCases_df","frame","package_excluded","tier=exclude",""
"OncoDataSets","BrainCancerGeo_df","frame","package_excluded","tier=exclude",""
"OncoDataSets","BreastCancerWI_df","frame","package_excluded","tier=exclude",""
"OncoDataSets","CA19PancreaticCancer_df","frame","package_excluded","tier=exclude",""
"OncoDataSets","CASP8BreastCancer_df","frame","package_excluded","tier=exclude",""
"OncoDataSets","CancerSmokeCity_array","frame","package_excluded","tier=exclude",""
"OncoDataSets","Carcinoma_p53_df","frame","package_excluded","tier=exclude",""
"OncoDataSets","CervicalCancer_df","frame","package_excluded","tier=exclude",""
"OncoDataSets","ChildCancer_df","frame","package_excluded","tier=exclude",""
"OncoDataSets","ColonCancerChemo_df","frame","package_excluded","tier=exclude",""
"OncoDataSets","ColorectalMiRNAs_tbl_df","frame","package_excluded","tier=exclude",""
"OncoDataSets","EndometrialCancer_df","frame","package_excluded","tier=exclude",""
"OncoDataSets","HeadNeckCarcinoma_df","frame","package_excluded","tier=exclude",""
"OncoDataSets","ICGCLiver_df","frame","package_excluded","tier=exclude",""
"OncoDataSets","LeukemiaLymphomaCases_df","frame","package_excluded","tier=exclude",""
"OncoDataSets","LeukemiaLymphomaControl_df","frame","package_excluded","tier=exclude",""
"OncoDataSets","LeukemiaLymphomaGeo_df","frame","package_excluded","tier=exclude",""
"OncoDataSets","LeukemiaRemission_df","frame","package_excluded","tier=exclude",""
"OncoDataSets","LeukemiaSurvival_df","frame","package_excluded","tier=exclude",""
"OncoDataSets","LungCancerETS_df","frame","package_excluded","tier=exclude",""
"OncoDataSets","LungNodulesDetected_df","frame","package_excluded","tier=exclude",""
"OncoDataSets","MaleMiceCancer_df","frame","package_excluded","tier=exclude",""
"OncoDataSets","Melanoma_df","frame","package_excluded","tier=exclude",""
"OncoDataSets","MiceDeathRadiation_df","frame","package_excluded","tier=exclude",""
"OncoDataSets","NCCTGLungCancer_df","frame","package_excluded","tier=exclude",""
"OncoDataSets","NodalProstate_df","frame","package_excluded","tier=exclude",""
"OncoDataSets","OvarianCancer_df","frame","package_excluded","tier=exclude",""
"OncoDataSets","PSAProstateCancer_df","frame","package_excluded","tier=exclude",""
"OncoDataSets","PancreaticMiRNAs_tbl_df","frame","package_excluded","tier=exclude",""
"OncoDataSets","ProstateMethylation_df","frame","package_excluded","tier=exclude",""
"OncoDataSets","ProstateSurgery_df","frame","package_excluded","tier=exclude",""
"OncoDataSets","ProstateSurvival_df","frame","package_excluded","tier=exclude",""
"OncoDataSets","RadiationEffects_df","frame","package_excluded","tier=exclude",""
"OncoDataSets","RotterdamBreastCancer_df","frame","package_excluded","tier=exclude",""
"OncoDataSets","SkinCancerChemo_df","frame","package_excluded","tier=exclude",""
"OncoDataSets","SmallCellLung_tbl_df","frame","package_excluded","tier=exclude",""
"OncoDataSets","SmokingLungCancer_df","frame","package_excluded","tier=exclude",""
"OncoDataSets","SuspectedCancer_df","frame","package_excluded","tier=exclude",""
"OncoDataSets","UKLungCancerDeaths_df","frame","package_excluded","tier=exclude",""
"OncoDataSets","USCancerStats_df","frame","package_excluded","tier=exclude",""
"OncoDataSets","USMortalityCancer_df","frame","package_excluded","tier=exclude",""
"OncoDataSets","USRegionalMortality_df","frame","package_excluded","tier=exclude",""
"OncoDataSets","VALungCancer_list","frame","package_excluded","tier=exclude",""
"OncoDataSets","VinylideneLiverCancer_df","frame","package_excluded","tier=exclude",""
"OncoDataSets","WBreastCancer_tbl_df","frame","package_excluded","tier=exclude",""
"OncoDataSets","cancer_in_dogs_tbl_df","frame","package_excluded","tier=exclude",""
"Stat2Data","AHCAvote2017","frame","package_excluded","tier=mixed",""
"Stat2Data","AccordPrice","frame","package_excluded","tier=mixed",""
"Stat2Data","Airlines","frame","package_excluded","tier=mixed",""
"Stat2Data","Alfalfa","frame","package_excluded","tier=mixed",""
"Stat2Data","AlitoConfirmation","frame","package_excluded","tier=mixed",""
"Stat2Data","Amyloid","frame","package_excluded","tier=mixed",""
"Stat2Data","AppleStock","frame","package_excluded","tier=mixed",""
"Stat2Data","ArcheryData","frame","package_excluded","tier=mixed",""
"Stat2Data","AthleteGrad","frame","package_excluded","tier=mixed",""
"Stat2Data","AudioVisual","frame","package_excluded","tier=mixed",""
"Stat2Data","AutoPollution","frame","package_excluded","tier=mixed",""
"Stat2Data","Backpack","frame","package_excluded","tier=mixed",""
"Stat2Data","BaseballTimes","frame","package_excluded","tier=mixed",""
"Stat2Data","BaseballTimes2017","frame","package_excluded","tier=mixed",""
"Stat2Data","BeeStings","frame","package_excluded","tier=mixed",""
"Stat2Data","BirdCalcium","frame","package_excluded","tier=mixed",""
"Stat2Data","BirdNest","frame","package_excluded","tier=mixed",""
"Stat2Data","Blood1","frame","package_excluded","tier=mixed",""
"Stat2Data","BlueJays","frame","package_excluded","tier=mixed",""
"Stat2Data","BrainpH","frame","package_excluded","tier=mixed",""
"Stat2Data","BreesPass","frame","package_excluded","tier=mixed",""
"Stat2Data","BritishUnions","frame","package_excluded","tier=mixed",""
"Stat2Data","ButterfliesBc","frame","package_excluded","tier=mixed",""
"Stat2Data","CAFE","frame","package_excluded","tier=mixed",""
"Stat2Data","CO2","frame","package_excluded","tier=mixed",""
"Stat2Data","CO2Germany","frame","package_excluded","tier=mixed",""
"Stat2Data","CO2Hawaii","frame","package_excluded","tier=mixed",""
"Stat2Data","CO2SouthPole","frame","package_excluded","tier=mixed",""
"Stat2Data","CalciumBP","frame","package_excluded","tier=mixed",""
"Stat2Data","CanadianDrugs","frame","package_excluded","tier=mixed",""
"Stat2Data","CancerSurvival","frame","package_excluded","tier=mixed",""
"Stat2Data","Caterpillars","frame","package_excluded","tier=mixed",""
"Stat2Data","CavsShooting","frame","package_excluded","tier=mixed",""
"Stat2Data","Cereal","frame","package_excluded","tier=mixed",""
"Stat2Data","ChemoTHC","frame","package_excluded","tier=mixed",""
"Stat2Data","ChildSpeaks","frame","package_excluded","tier=mixed",""
"Stat2Data","ClintonSanders","frame","package_excluded","tier=mixed",""
"Stat2Data","Clothing","frame","package_excluded","tier=mixed",""
"Stat2Data","CloudSeeding","frame","package_excluded","tier=mixed",""
"Stat2Data","CloudSeeding2","frame","package_excluded","tier=mixed",""
"Stat2Data","Contraceptives","frame","package_excluded","tier=mixed",""
"Stat2Data","CountyHealth","frame","package_excluded","tier=mixed",""
"Stat2Data","CrabShip","frame","package_excluded","tier=mixed",""
"Stat2Data","CrackerFiber","frame","package_excluded","tier=mixed",""
"Stat2Data","CreditRisk","frame","package_excluded","tier=mixed",""
"Stat2Data","Cuckoo","frame","package_excluded","tier=mixed",""
"Stat2Data","Day1Survey","frame","package_excluded","tier=mixed",""
"Stat2Data","DiabeticDogs","frame","package_excluded","tier=mixed",""
"Stat2Data","Diamonds","frame","package_excluded","tier=mixed",""
"Stat2Data","Diamonds2","frame","package_excluded","tier=mixed",""
"Stat2Data","Dinosaurs","frame","package_excluded","tier=mixed",""
"Stat2Data","Election08","frame","package_excluded","tier=mixed",""
"Stat2Data","Election16","frame","package_excluded","tier=mixed",""
"Stat2Data","ElephantsFB","frame","package_excluded","tier=mixed",""
"Stat2Data","ElephantsMF","frame","package_excluded","tier=mixed",""
"Stat2Data","Ethanol","frame","package_excluded","tier=mixed",""
"Stat2Data","Eyes","frame","package_excluded","tier=mixed",""
"Stat2Data","FGByDistance","frame","package_excluded","tier=mixed",""
"Stat2Data","Faces","frame","package_excluded","tier=mixed",""
"Stat2Data","FaithfulFaces","frame","package_excluded","tier=mixed",""
"Stat2Data","FantasyBaseball","frame","package_excluded","tier=mixed",""
"Stat2Data","FatRats","frame","package_excluded","tier=mixed",""
"Stat2Data","Fertility","frame","package_excluded","tier=mixed",""
"Stat2Data","Film","frame","package_excluded","tier=mixed",""
"Stat2Data","FinalFourIzzo","frame","package_excluded","tier=mixed",""
"Stat2Data","FinalFourIzzo17","frame","package_excluded","tier=mixed",""
"Stat2Data","FinalFourLong","frame","package_excluded","tier=mixed",""
"Stat2Data","FinalFourLong17","frame","package_excluded","tier=mixed",""
"Stat2Data","FinalFourShort","frame","package_excluded","tier=mixed",""
"Stat2Data","FinalFourShort17","frame","package_excluded","tier=mixed",""
"Stat2Data","Fingers","frame","package_excluded","tier=mixed",""
"Stat2Data","FirstYearGPA","frame","package_excluded","tier=mixed",""
"Stat2Data","FishEggs","frame","package_excluded","tier=mixed",""
"Stat2Data","Fitch","frame","package_excluded","tier=mixed",""
"Stat2Data","FlightResponse","frame","package_excluded","tier=mixed",""
"Stat2Data","FloridaDP","frame","package_excluded","tier=mixed",""
"Stat2Data","Fluorescence","frame","package_excluded","tier=mixed",""
"Stat2Data","FranticFingers","frame","package_excluded","tier=mixed",""
"Stat2Data","FruitFlies","frame","package_excluded","tier=mixed",""
"Stat2Data","FruitFlies2","frame","package_excluded","tier=mixed",""
"Stat2Data","FunnelDrop","frame","package_excluded","tier=mixed",""
"Stat2Data","GlowWorms","frame","package_excluded","tier=mixed",""
"Stat2Data","Goldenrod","frame","package_excluded","tier=mixed",""
"Stat2Data","GrinnellHouses","frame","package_excluded","tier=mixed",""
"Stat2Data","Grocery","frame","package_excluded","tier=mixed",""
"Stat2Data","Gunnels","frame","package_excluded","tier=mixed",""
"Stat2Data","Handwriting","frame","package_excluded","tier=mixed",""
"Stat2Data","HawkTail","frame","package_excluded","tier=mixed",""
"Stat2Data","HawkTail2","frame","package_excluded","tier=mixed",""
"Stat2Data","Hawks","frame","package_excluded","tier=mixed",""
"Stat2Data","HearingTest","frame","package_excluded","tier=mixed",""
"Stat2Data","HeatingOil","frame","package_excluded","tier=mixed",""
"Stat2Data","HighPeaks","frame","package_excluded","tier=mixed",""
"Stat2Data","Hoops","frame","package_excluded","tier=mixed",""
"Stat2Data","HorsePrices","frame","package_excluded","tier=mixed",""
"Stat2Data","Houses","frame","package_excluded","tier=mixed",""
"Stat2Data","HousesNY","frame","package_excluded","tier=mixed",""
"Stat2Data","ICU","frame","package_excluded","tier=mixed",""
"Stat2Data","IQGuessing","frame","package_excluded","tier=mixed",""
"Stat2Data","InfantMortality2010","frame","package_excluded","tier=mixed",""
"Stat2Data","Inflation","frame","package_excluded","tier=mixed",""
"Stat2Data","InsuranceVote","frame","package_excluded","tier=mixed",""
"Stat2Data","Jurors","frame","package_excluded","tier=mixed",""
"Stat2Data","Kershaw","frame","package_excluded","tier=mixed",""
"Stat2Data","KeyWestWater","frame","package_excluded","tier=mixed",""
"Stat2Data","Kids198","frame","package_excluded","tier=mixed",""
"Stat2Data","LeafWidth","frame","package_excluded","tier=mixed",""
"Stat2Data","Leafhoppers","frame","package_excluded","tier=mixed",""
"Stat2Data","Leukemia","frame","package_excluded","tier=mixed",""
"Stat2Data","LeveeFailures","frame","package_excluded","tier=mixed",""
"Stat2Data","LewyBody2Groups","frame","package_excluded","tier=mixed",""
"Stat2Data","LewyDLBad","frame","package_excluded","tier=mixed",""
"Stat2Data","LongJumpOlympics","frame","package_excluded","tier=mixed",""
"Stat2Data","LongJumpOlympics2016","frame","package_excluded","tier=mixed",""
"Stat2Data","LosingSleep","frame","package_excluded","tier=mixed",""
"Stat2Data","LostLetter","frame","package_excluded","tier=mixed",""
"Stat2Data","MLB2007Standings","frame","package_excluded","tier=mixed",""
"Stat2Data","MLBStandings2016","frame","package_excluded","tier=mixed",""
"Stat2Data","Marathon","frame","package_excluded","tier=mixed",""
"Stat2Data","Markets","frame","package_excluded","tier=mixed",""
"Stat2Data","MathEnrollment","frame","package_excluded","tier=mixed",""
"Stat2Data","MathPlacement","frame","package_excluded","tier=mixed",""
"Stat2Data","MedGPA","frame","package_excluded","tier=mixed",""
"Stat2Data","Meniscus","frame","package_excluded","tier=mixed",""
"Stat2Data","MentalHealth","frame","package_excluded","tier=mixed",""
"Stat2Data","MetabolicRate","frame","package_excluded","tier=mixed",""
"Stat2Data","MetroCommutes","frame","package_excluded","tier=mixed",""
"Stat2Data","MetroHealth83","frame","package_excluded","tier=mixed",""
"Stat2Data","Migraines","frame","package_excluded","tier=mixed",""
"Stat2Data","Milgram","frame","package_excluded","tier=mixed",""
"Stat2Data","MothEggs","frame","package_excluded","tier=mixed",""
"Stat2Data","MouseBrain","frame","package_excluded","tier=mixed",""
"Stat2Data","MusicTime","frame","package_excluded","tier=mixed",""
"Stat2Data","NCbirths","frame","package_excluded","tier=mixed",""
"Stat2Data","NFL2007Standings","frame","package_excluded","tier=mixed",""
"Stat2Data","NFLStandings2016","frame","package_excluded","tier=mixed",""
"Stat2Data","Nursing","frame","package_excluded","tier=mixed",""
"Stat2Data","OilDeapsorbtion","frame","package_excluded","tier=mixed",""
"Stat2Data","Olives","frame","package_excluded","tier=mixed",""
"Stat2Data","Orings","frame","package_excluded","tier=mixed",""
"Stat2Data","Overdrawn","frame","package_excluded","tier=mixed",""
"Stat2Data","Oysters","frame","package_excluded","tier=mixed",""
"Stat2Data","PKU","frame","package_excluded","tier=mixed",""
"Stat2Data","PalmBeach","frame","package_excluded","tier=mixed",""
"Stat2Data","PeaceBridge2003","frame","package_excluded","tier=mixed",""
"Stat2Data","PeaceBridge2012","frame","package_excluded","tier=mixed",""
"Stat2Data","Pedometer","frame","package_excluded","tier=mixed",""
"Stat2Data","Perch","frame","package_excluded","tier=mixed",""
"Stat2Data","PigFeed","frame","package_excluded","tier=mixed",""
"Stat2Data","Pines","frame","package_excluded","tier=mixed",""
"Stat2Data","Political","frame","package_excluded","tier=mixed",""
"Stat2Data","Pollster08","frame","package_excluded","tier=mixed",""
"Stat2Data","Popcorn","frame","package_excluded","tier=mixed",""
"Stat2Data","PorscheJaguar","frame","package_excluded","tier=mixed",""
"Stat2Data","PorschePrice","frame","package_excluded","tier=mixed",""
"Stat2Data","Pulse","frame","package_excluded","tier=mixed",""
"Stat2Data","Putts1","frame","package_excluded","tier=mixed",""
"Stat2Data","Putts2","frame","package_excluded","tier=mixed",""
"Stat2Data","Putts3","frame","package_excluded","tier=mixed",""
"Stat2Data","RacialAnimus","frame","package_excluded","tier=mixed",""
"Stat2Data","RadioactiveTwins","frame","package_excluded","tier=mixed",""
"Stat2Data","RailsTrails","frame","package_excluded","tier=mixed",""
"Stat2Data","Rectangles","frame","package_excluded","tier=mixed",""
"Stat2Data","ReligionGDP","frame","package_excluded","tier=mixed",""
"Stat2Data","RepeatedPulse","frame","package_excluded","tier=mixed",""
"Stat2Data","ResidualOil","frame","package_excluded","tier=mixed",""
"Stat2Data","Retirement","frame","package_excluded","tier=mixed",""
"Stat2Data","Ricci","frame","package_excluded","tier=mixed",""
"Stat2Data","RiverElements","frame","package_excluded","tier=mixed",""
"Stat2Data","RiverIron","frame","package_excluded","tier=mixed",""
"Stat2Data","SATGPA","frame","package_excluded","tier=mixed",""
"Stat2Data","SampleFG","frame","package_excluded","tier=mixed",""
"Stat2Data","SandwichAnts","frame","package_excluded","tier=mixed",""
"Stat2Data","SeaIce","frame","package_excluded","tier=mixed",""
"Stat2Data","SeaSlugs","frame","package_excluded","tier=mixed",""
"Stat2Data","SleepingShrews","frame","package_excluded","tier=mixed",""
"Stat2Data","Sparrows","frame","package_excluded","tier=mixed",""
"Stat2Data","SpeciesArea","frame","package_excluded","tier=mixed",""
"Stat2Data","Speed","frame","package_excluded","tier=mixed",""
"Stat2Data","SugarEthanol","frame","package_excluded","tier=mixed",""
"Stat2Data","SuicideChina","frame","package_excluded","tier=mixed",""
"Stat2Data","Swahili","frame","package_excluded","tier=mixed",""
"Stat2Data","TMS","frame","package_excluded","tier=mixed",""
"Stat2Data","Tadpoles","frame","package_excluded","tier=mixed",""
"Stat2Data","TechStocks","frame","package_excluded","tier=mixed",""
"Stat2Data","TeenPregnancy","frame","package_excluded","tier=mixed",""
"Stat2Data","TextPrices","frame","package_excluded","tier=mixed",""
"Stat2Data","ThomasConfirmation","frame","package_excluded","tier=mixed",""
"Stat2Data","ThreeCars","frame","package_excluded","tier=mixed",""
"Stat2Data","ThreeCars2017","frame","package_excluded","tier=mixed",""
"Stat2Data","TipJoke","frame","package_excluded","tier=mixed",""
"Stat2Data","Titanic","frame","package_excluded","tier=mixed",""
"Stat2Data","TomlinsonRush","frame","package_excluded","tier=mixed",""
"Stat2Data","TwinsLungs","frame","package_excluded","tier=mixed",""
"Stat2Data","USstamps","frame","package_excluded","tier=mixed",""
"Stat2Data","Undoing","frame","package_excluded","tier=mixed",""
"Stat2Data","VisualVerbal","frame","package_excluded","tier=mixed",""
"Stat2Data","Volts","frame","package_excluded","tier=mixed",""
"Stat2Data","WalkTheDogs","frame","package_excluded","tier=mixed",""
"Stat2Data","WalkingBabies","frame","package_excluded","tier=mixed",""
"Stat2Data","WeightLossIncentive","frame","package_excluded","tier=mixed",""
"Stat2Data","WeightLossIncentive4","frame","package_excluded","tier=mixed",""
"Stat2Data","WeightLossIncentive7","frame","package_excluded","tier=mixed",""
"Stat2Data","Whickham2","frame","package_excluded","tier=mixed",""
"Stat2Data","WordMemory","frame","package_excluded","tier=mixed",""
"Stat2Data","WordsWithFriends","frame","package_excluded","tier=mixed",""
"Stat2Data","Wrinkle","frame","package_excluded","tier=mixed",""
"Stat2Data","YouthRisk","frame","package_excluded","tier=mixed",""
"Stat2Data","YouthRisk2007","frame","package_excluded","tier=mixed",""
"Stat2Data","YouthRisk2009","frame","package_excluded","tier=mixed",""
"Stat2Data","Zimmerman","frame","package_excluded","tier=mixed",""
"admiral","admiral_adlb","frame","package_excluded","tier=exclude",""
"admiral","admiral_adsl","frame","package_excluded","tier=exclude",""
"admiral","atoxgr_criteria_ctcv4","frame","package_excluded","tier=exclude",""
"admiral","atoxgr_criteria_ctcv4_uscv","frame","package_excluded","tier=exclude",""
"admiral","atoxgr_criteria_ctcv5","frame","package_excluded","tier=exclude",""
"admiral","atoxgr_criteria_ctcv5_uscv","frame","package_excluded","tier=exclude",""
"admiral","atoxgr_criteria_ctcv6","frame","package_excluded","tier=exclude",""
"admiral","atoxgr_criteria_ctcv6_uscv","frame","package_excluded","tier=exclude",""
"admiral","atoxgr_criteria_daids","frame","package_excluded","tier=exclude",""
"admiral","atoxgr_criteria_daids_uscv","frame","package_excluded","tier=exclude",""
"admiral","country_code_lookup","frame","package_excluded","tier=exclude",""
"admiral","dose_freq_lookup","frame","package_excluded","tier=exclude",""
"admiral","example_qs","frame","package_excluded","tier=exclude",""
"admiral","queries","frame","package_excluded","tier=exclude",""
"admiral","queries_mh","frame","package_excluded","tier=exclude",""
"agridat","aastveit.barley.covs","frame","package_excluded","tier=exclude",""
"agridat","aastveit.barley.height","frame","package_excluded","tier=exclude",""
"agridat","acorsi.grayleafspot","frame","package_excluded","tier=exclude",""
"agridat","adugna.sorghum","frame","package_excluded","tier=exclude",""
"agridat","allcroft.lodging","frame","package_excluded","tier=exclude",""
"agridat","alwan.lamb","frame","package_excluded","tier=exclude",""
"agridat","ansari.wheat.uniformity","frame","package_excluded","tier=exclude",""
"agridat","archbold.apple","frame","package_excluded","tier=exclude",""
"agridat","ars.earlywhitecorn96","frame","package_excluded","tier=exclude",""
"agridat","australia.soybean","frame","package_excluded","tier=exclude",""
"agridat","bachmaier.nitrogen","frame","package_excluded","tier=exclude",""
"agridat","bailey.cotton.uniformity","frame","package_excluded","tier=exclude",""
"agridat","baker.barley.uniformity","frame","package_excluded","tier=exclude",""
"agridat","baker.strawberry.uniformity","frame","package_excluded","tier=exclude",""
"agridat","baker.wheat.uniformity","frame","package_excluded","tier=exclude",""
"agridat","bancroft.peanut.uniformity","frame","package_excluded","tier=exclude",""
"agridat","barrero.maize","frame","package_excluded","tier=exclude",""
"agridat","batchelor.apple.uniformity","frame","package_excluded","tier=exclude",""
"agridat","batchelor.lemon.uniformity","frame","package_excluded","tier=exclude",""
"agridat","batchelor.navel1.uniformity","frame","package_excluded","tier=exclude",""
"agridat","batchelor.navel2.uniformity","frame","package_excluded","tier=exclude",""
"agridat","batchelor.valencia.uniformity","frame","package_excluded","tier=exclude",""
"agridat","batchelor.walnut.uniformity","frame","package_excluded","tier=exclude",""
"agridat","battese.survey","frame","package_excluded","tier=exclude",""
"agridat","beall.webworms","frame","package_excluded","tier=exclude",""
"agridat","beaven.barley","frame","package_excluded","tier=exclude",""
"agridat","becker.chicken","frame","package_excluded","tier=exclude",""
"agridat","beckett.maize.uniformity","frame","package_excluded","tier=exclude",""
"agridat","belamkar.augmented","frame","package_excluded","tier=exclude",""
"agridat","besag.bayesian","frame","package_excluded","tier=exclude",""
"agridat","besag.beans","frame","package_excluded","tier=exclude",""
"agridat","besag.checks","frame","package_excluded","tier=exclude",""
"agridat","besag.elbatan","frame","package_excluded","tier=exclude",""
"agridat","besag.endive","frame","package_excluded","tier=exclude",""
"agridat","besag.met","frame","package_excluded","tier=exclude",""
"agridat","besag.triticale","frame","package_excluded","tier=exclude",""
"agridat","blackman.wheat","frame","package_excluded","tier=exclude",""
"agridat","bliss.borers","frame","package_excluded","tier=exclude",""
"agridat","bond.diallel","frame","package_excluded","tier=exclude",""
"agridat","bose.multi.uniformity","frame","package_excluded","tier=exclude",""
"agridat","box.cork","frame","package_excluded","tier=exclude",""
"agridat","bradley.multi.uniformity","frame","package_excluded","tier=exclude",""
"agridat","brandle.rape","frame","package_excluded","tier=exclude",""
"agridat","brandt.switchback","frame","package_excluded","tier=exclude",""
"agridat","bridges.cucumber","frame","package_excluded","tier=exclude",""
"agridat","broadbalk.wheat","frame","package_excluded","tier=exclude",""
"agridat","bryan.corn.uniformity","frame","package_excluded","tier=exclude",""
"agridat","buntaran.wheat","frame","package_excluded","tier=exclude",""
"agridat","burgueno.alpha","frame","package_excluded","tier=exclude",""
"agridat","burgueno.rowcol","frame","package_excluded","tier=exclude",""
"agridat","burgueno.unreplicated","frame","package_excluded","tier=exclude",""
"agridat","butron.maize","frame","package_excluded","tier=exclude",""
"agridat","byers.apple","frame","package_excluded","tier=exclude",""
"agridat","caribbean.maize","frame","package_excluded","tier=exclude",""
"agridat","carlson.germination","frame","package_excluded","tier=exclude",""
"agridat","carmer.density","frame","package_excluded","tier=exclude",""
"agridat","cate.potassium","frame","package_excluded","tier=exclude",""
"agridat","chakravertti.factorial","frame","package_excluded","tier=exclude",""
"agridat","chinloy.fractionalfactorial","frame","package_excluded","tier=exclude",""
"agridat","christidis.competition","frame","package_excluded","tier=exclude",""
"agridat","christidis.cotton.uniformity","frame","package_excluded","tier=exclude",""
"agridat","christidis.wheat.uniformity","frame","package_excluded","tier=exclude",""
"agridat","cleveland.soil","frame","package_excluded","tier=exclude",""
"agridat","cochran.beets","frame","package_excluded","tier=exclude",""
"agridat","cochran.bib","frame","package_excluded","tier=exclude",""
"agridat","cochran.crd","frame","package_excluded","tier=exclude",""
"agridat","cochran.eelworms","frame","package_excluded","tier=exclude",""
"agridat","cochran.factorial","frame","package_excluded","tier=exclude",""
"agridat","cochran.latin","frame","package_excluded","tier=exclude",""
"agridat","cochran.lattice","frame","package_excluded","tier=exclude",""
"agridat","cochran.wireworms","frame","package_excluded","tier=exclude",""
"agridat","connolly.potato","frame","package_excluded","tier=exclude",""
"agridat","coombs.rice.uniformity","frame","package_excluded","tier=exclude",""
"agridat","cornelius.maize","frame","package_excluded","tier=exclude",""
"agridat","corsten.interaction","frame","package_excluded","tier=exclude",""
"agridat","cox.stripsplit","frame","package_excluded","tier=exclude",""
"agridat","cramer.cucumber","frame","package_excluded","tier=exclude",""
"agridat","crampton.pig","frame","package_excluded","tier=exclude",""
"agridat","crossa.wheat","frame","package_excluded","tier=exclude",""
"agridat","crowder.seeds","frame","package_excluded","tier=exclude",""
"agridat","cullis.earlygen","frame","package_excluded","tier=exclude",""
"agridat","damesa.maize","frame","package_excluded","tier=exclude",""
"agridat","darwin.maize","frame","package_excluded","tier=exclude",""
"agridat","dasilva.maize","frame","package_excluded","tier=exclude",""
"agridat","dasilva.soybean.uniformity","frame","package_excluded","tier=exclude",""
"agridat","davidian.soybean","frame","package_excluded","tier=exclude",""
"agridat","davies.pasture.uniformity","frame","package_excluded","tier=exclude",""
"agridat","day.wheat.uniformity","frame","package_excluded","tier=exclude",""
"agridat","denis.missing","frame","package_excluded","tier=exclude",""
"agridat","denis.ryegrass","frame","package_excluded","tier=exclude",""
"agridat","depalluel.sheep","frame","package_excluded","tier=exclude",""
"agridat","devries.pine","frame","package_excluded","tier=exclude",""
"agridat","digby.jointregression","frame","package_excluded","tier=exclude",""
"agridat","diggle.cow","frame","package_excluded","tier=exclude",""
"agridat","draper.safflower.uniformity","frame","package_excluded","tier=exclude",""
"agridat","ducker.groundnut.uniformity","frame","package_excluded","tier=exclude",""
"agridat","durban.competition","frame","package_excluded","tier=exclude",""
"agridat","durban.rowcol","frame","package_excluded","tier=exclude",""
"agridat","durban.splitplot","frame","package_excluded","tier=exclude",""
"agridat","eden.nonnormal","frame","package_excluded","tier=exclude",""
"agridat","eden.potato","frame","package_excluded","tier=exclude",""
"agridat","eden.tea.uniformity","frame","package_excluded","tier=exclude",""
"agridat","edwards.oats","frame","package_excluded","tier=exclude",""
"agridat","engelstad.nitro","frame","package_excluded","tier=exclude",""
"agridat","evans.sugarcane.uniformity","frame","package_excluded","tier=exclude",""
"agridat","fan.stability","frame","package_excluded","tier=exclude",""
"agridat","federer.diagcheck","frame","package_excluded","tier=exclude",""
"agridat","federer.tobacco","frame","package_excluded","tier=exclude",""
"agridat","fisher.barley","frame","package_excluded","tier=exclude",""
"agridat","fisher.latin","frame","package_excluded","tier=exclude",""
"agridat","forster.wheat.uniformity","frame","package_excluded","tier=exclude",""
"agridat","foulley.calving","frame","package_excluded","tier=exclude",""
"agridat","fox.wheat","frame","package_excluded","tier=exclude",""
"agridat","garber.multi.uniformity","frame","package_excluded","tier=exclude",""
"agridat","gartner.corn","frame","package_excluded","tier=exclude",""
"agridat","gathmann.bt","frame","package_excluded","tier=exclude",""
"agridat","gauch.soy","frame","package_excluded","tier=exclude",""
"agridat","george.wheat","frame","package_excluded","tier=exclude",""
"agridat","giles.wheat","frame","package_excluded","tier=exclude",""
"agridat","gilmour.serpentine","frame","package_excluded","tier=exclude",""
"agridat","gilmour.slatehall","frame","package_excluded","tier=exclude",""
"agridat","gomez.fractionalfactorial","frame","package_excluded","tier=exclude",""
"agridat","gomez.groupsplit","frame","package_excluded","tier=exclude",""
"agridat","gomez.heterogeneity","frame","package_excluded","tier=exclude",""
"agridat","gomez.heteroskedastic","frame","package_excluded","tier=exclude",""
"agridat","gomez.multilocsplitplot","frame","package_excluded","tier=exclude",""
"agridat","gomez.nitrogen","frame","package_excluded","tier=exclude",""
"agridat","gomez.nonnormal1","frame","package_excluded","tier=exclude",""
"agridat","gomez.nonnormal2","frame","package_excluded","tier=exclude",""
"agridat","gomez.nonnormal3","frame","package_excluded","tier=exclude",""
"agridat","gomez.rice.uniformity","frame","package_excluded","tier=exclude",""
"agridat","gomez.seedrate","frame","package_excluded","tier=exclude",""
"agridat","gomez.splitplot.subsample","frame","package_excluded","tier=exclude",""
"agridat","gomez.splitsplit","frame","package_excluded","tier=exclude",""
"agridat","gomez.stripplot","frame","package_excluded","tier=exclude",""
"agridat","gomez.stripsplitplot","frame","package_excluded","tier=exclude",""
"agridat","gomez.wetdry","frame","package_excluded","tier=exclude",""
"agridat","gorski.oats.uniformity","frame","package_excluded","tier=exclude",""
"agridat","gotway.hessianfly","frame","package_excluded","tier=exclude",""
"agridat","goulden.barley.uniformity","frame","package_excluded","tier=exclude",""
"agridat","goulden.eggs","frame","package_excluded","tier=exclude",""
"agridat","goulden.latin","frame","package_excluded","tier=exclude",""
"agridat","goulden.splitsplit","frame","package_excluded","tier=exclude",""
"agridat","graybill.heteroskedastic","frame","package_excluded","tier=exclude",""
"agridat","gregory.cotton","frame","package_excluded","tier=exclude",""
"agridat","grover.diallel","frame","package_excluded","tier=exclude",""
"agridat","grover.rcb.subsample","frame","package_excluded","tier=exclude",""
"agridat","gumpertz.pepper","frame","package_excluded","tier=exclude",""
"agridat","hadasch.lettuce","frame","package_excluded","tier=exclude",""
"agridat","hadasch.lettuce.markers","frame","package_excluded","tier=exclude",""
"agridat","hanks.sprinkler","frame","package_excluded","tier=exclude",""
"agridat","hanover.whitepine","frame","package_excluded","tier=exclude",""
"agridat","hansen.multi.uniformity","frame","package_excluded","tier=exclude",""
"agridat","haritonenko.sugarbeet.uniformity","frame","package_excluded","tier=exclude",""
"agridat","harris.multi.uniformity","frame","package_excluded","tier=exclude",""
"agridat","harris.wateruse","frame","package_excluded","tier=exclude",""
"agridat","harrison.priors","frame","package_excluded","tier=exclude",""
"agridat","hartman.tomato.uniformity","frame","package_excluded","tier=exclude",""
"agridat","harvey.lsmeans","frame","package_excluded","tier=exclude",""
"agridat","harville.lamb","frame","package_excluded","tier=exclude",""
"agridat","hayman.tobacco","frame","package_excluded","tier=exclude",""
"agridat","hazell.vegetables","frame","package_excluded","tier=exclude",""
"agridat","heady.fertilizer","frame","package_excluded","tier=exclude",""
"agridat","heath.cabbage.uniformity","frame","package_excluded","tier=exclude",""
"agridat","heath.radish.uniformity","frame","package_excluded","tier=exclude",""
"agridat","henderson.milkfat","frame","package_excluded","tier=exclude",""
"agridat","hernandez.nitrogen","frame","package_excluded","tier=exclude",""
"agridat","hessling.argentina","frame","package_excluded","tier=exclude",""
"agridat","hildebrand.systems","frame","package_excluded","tier=exclude",""
"agridat","holland.arthropods","frame","package_excluded","tier=exclude",""
"agridat","holshouser.splitstrip","frame","package_excluded","tier=exclude",""
"agridat","holtsmark.timothy.uniformity","frame","package_excluded","tier=exclude",""
"agridat","huehn.wheat","frame","package_excluded","tier=exclude",""
"agridat","hughes.grapes","frame","package_excluded","tier=exclude",""
"agridat","hunter.corn","frame","package_excluded","tier=exclude",""
"agridat","hutchinson.cotton.uniformity","frame","package_excluded","tier=exclude",""
"agridat","igue.sugarcane.uniformity","frame","package_excluded","tier=exclude",""
"agridat","ilri.sheep","frame","package_excluded","tier=exclude",""
"agridat","immer.sugarbeet.uniformity","frame","package_excluded","tier=exclude",""
"agridat","ivins.herbs","frame","package_excluded","tier=exclude",""
"agridat","iyer.wheat.uniformity","frame","package_excluded","tier=exclude",""
"agridat","jansen.apple","frame","package_excluded","tier=exclude",""
"agridat","jansen.carrot","frame","package_excluded","tier=exclude",""
"agridat","jansen.strawberry","frame","package_excluded","tier=exclude",""
"agridat","jayaraman.bamboo","frame","package_excluded","tier=exclude",""
"agridat","jegorow.oats.uniformity","frame","package_excluded","tier=exclude",""
"agridat","jenkyn.mildew","frame","package_excluded","tier=exclude",""
"agridat","john.alpha","frame","package_excluded","tier=exclude",""
"agridat","johnson.blight","frame","package_excluded","tier=exclude",""
"agridat","johnson.douglasfir","frame","package_excluded","tier=exclude",""
"agridat","jones.corn.uniformity","frame","package_excluded","tier=exclude",""
"agridat","jurowski.wheat.uniformity","frame","package_excluded","tier=exclude",""
"agridat","kadam.millet.uniformity","frame","package_excluded","tier=exclude",""
"agridat","kalamkar.potato.uniformity","frame","package_excluded","tier=exclude",""
"agridat","kalamkar.wheat.uniformity","frame","package_excluded","tier=exclude",""
"agridat","kang.maize","frame","package_excluded","tier=exclude",""
"agridat","kang.peanut","frame","package_excluded","tier=exclude",""
"agridat","karcher.turfgrass","frame","package_excluded","tier=exclude",""
"agridat","kayad.alfalfa","frame","package_excluded","tier=exclude",""
"agridat","keen.potatodamage","frame","package_excluded","tier=exclude",""
"agridat","kempton.barley.uniformity","frame","package_excluded","tier=exclude",""
"agridat","kempton.competition","frame","package_excluded","tier=exclude",""
"agridat","kempton.rowcol","frame","package_excluded","tier=exclude",""
"agridat","kempton.slatehall","frame","package_excluded","tier=exclude",""
"agridat","kenward.cattle","frame","package_excluded","tier=exclude",""
"agridat","kerr.sugarcane.uniformity","frame","package_excluded","tier=exclude",""
"agridat","khan.brassica.uniformity","frame","package_excluded","tier=exclude",""
"agridat","khin.rice.uniformity","frame","package_excluded","tier=exclude",""
"agridat","kiesselbach.oats.uniformity","frame","package_excluded","tier=exclude",""
"agridat","kirk.potato","frame","package_excluded","tier=exclude",""
"agridat","kirk.potato.uniformity","frame","package_excluded","tier=exclude",""
"agridat","kling.augmented","frame","package_excluded","tier=exclude",""
"agridat","kotowski.potato.uniformity","frame","package_excluded","tier=exclude",""
"agridat","kreusler.maize","frame","package_excluded","tier=exclude",""
"agridat","kristensen.barley.uniformity","frame","package_excluded","tier=exclude",""
"agridat","kulkarni.sorghum.uniformity","frame","package_excluded","tier=exclude",""
"agridat","lambert.soiltemp","frame","package_excluded","tier=exclude",""
"agridat","lander.multi.uniformity","frame","package_excluded","tier=exclude",""
"agridat","larsen.timothy.uniformity","frame","package_excluded","tier=exclude",""
"agridat","lasrosas.corn","frame","package_excluded","tier=exclude",""
"agridat","lavoranti.eucalyptus","frame","package_excluded","tier=exclude",""
"agridat","laycock.tea.uniformity","frame","package_excluded","tier=exclude",""
"agridat","lee.potatoblight","frame","package_excluded","tier=exclude",""
"agridat","lehmann.millet.uniformity","frame","package_excluded","tier=exclude",""
"agridat","lehmann.rice.uniformity","frame","package_excluded","tier=exclude",""
"agridat","lehner.soybeanmold","frame","package_excluded","tier=exclude",""
"agridat","lessman.sorghum.uniformity","frame","package_excluded","tier=exclude",""
"agridat","li.millet.uniformity","frame","package_excluded","tier=exclude",""
"agridat","lillemo.wheat","frame","package_excluded","tier=exclude",""
"agridat","lin.superiority","frame","package_excluded","tier=exclude",""
"agridat","lin.unbalanced","frame","package_excluded","tier=exclude",""
"agridat","linder.wheat","frame","package_excluded","tier=exclude",""
"agridat","little.splitblock","frame","package_excluded","tier=exclude",""
"agridat","loesell.bean.uniformity","frame","package_excluded","tier=exclude",""
"agridat","lonnquist.maize","frame","package_excluded","tier=exclude",""
"agridat","lord.rice.uniformity","frame","package_excluded","tier=exclude",""
"agridat","love.cotton.uniformity","frame","package_excluded","tier=exclude",""
"agridat","love.sugarcane.uniformity","frame","package_excluded","tier=exclude",""
"agridat","lu.stability","frame","package_excluded","tier=exclude",""
"agridat","lucas.switchback","frame","package_excluded","tier=exclude",""
"agridat","lyon.potato.uniformity","frame","package_excluded","tier=exclude",""
"agridat","lyons.wheat","frame","package_excluded","tier=exclude",""
"agridat","magistad.pineapple.uniformity","frame","package_excluded","tier=exclude",""
"agridat","masood.rice.uniformity","frame","package_excluded","tier=exclude",""
"agridat","mcclelland.corn.uniformity","frame","package_excluded","tier=exclude",""
"agridat","mcconway.turnip","frame","package_excluded","tier=exclude",""
"agridat","mckinstry.cotton.uniformity","frame","package_excluded","tier=exclude",""
"agridat","mcleod.barley","frame","package_excluded","tier=exclude",""
"agridat","mead.cauliflower","frame","package_excluded","tier=exclude",""
"agridat","mead.cowpea.maize","frame","package_excluded","tier=exclude",""
"agridat","mead.germination","frame","package_excluded","tier=exclude",""
"agridat","mead.lamb","frame","package_excluded","tier=exclude",""
"agridat","mead.strawberry","frame","package_excluded","tier=exclude",""
"agridat","mead.turnip","frame","package_excluded","tier=exclude",""
"agridat","mercer.mangold.uniformity","frame","package_excluded","tier=exclude",""
"agridat","mercer.wheat.uniformity","frame","package_excluded","tier=exclude",""
"agridat","miguez.biomass","frame","package_excluded","tier=exclude",""
"agridat","minnesota.barley.weather","frame","package_excluded","tier=exclude",""
"agridat","minnesota.barley.yield","frame","package_excluded","tier=exclude",""
"agridat","montgomery.wheat.uniformity","frame","package_excluded","tier=exclude",""
"agridat","moore.bushbean.uniformity","frame","package_excluded","tier=exclude",""
"agridat","moore.carrot.uniformity","frame","package_excluded","tier=exclude",""
"agridat","moore.fallcauliflower.uniformity","frame","package_excluded","tier=exclude",""
"agridat","moore.polebean.uniformity","frame","package_excluded","tier=exclude",""
"agridat","moore.springcauliflower.uniformity","frame","package_excluded","tier=exclude",""
"agridat","moore.sweetcorn.uniformity","frame","package_excluded","tier=exclude",""
"agridat","nagai.strawberry.uniformity","frame","package_excluded","tier=exclude",""
"agridat","nair.turmeric.uniformity","frame","package_excluded","tier=exclude",""
"agridat","narain.sorghum.uniformity","frame","package_excluded","tier=exclude",""
"agridat","nass.barley","frame","package_excluded","tier=exclude",""
"agridat","nass.corn","frame","package_excluded","tier=exclude",""
"agridat","nass.cotton","frame","package_excluded","tier=exclude",""
"agridat","nass.hay","frame","package_excluded","tier=exclude",""
"agridat","nass.rice","frame","package_excluded","tier=exclude",""
"agridat","nass.sorghum","frame","package_excluded","tier=exclude",""
"agridat","nass.soybean","frame","package_excluded","tier=exclude",""
"agridat","nass.wheat","frame","package_excluded","tier=exclude",""
"agridat","nebraska.farmincome","frame","package_excluded","tier=exclude",""
"agridat","nonnecke.peas.uniformity","frame","package_excluded","tier=exclude",""
"agridat","nonnecke.sweetcorn.uniformity","frame","package_excluded","tier=exclude",""
"agridat","obsi.potato.uniformity","frame","package_excluded","tier=exclude",""
"agridat","odland.soybean.uniformity","frame","package_excluded","tier=exclude",""
"agridat","odland.soyhay.uniformity","frame","package_excluded","tier=exclude",""
"agridat","oliveira.lupin.uniformity","frame","package_excluded","tier=exclude",""
"agridat","oliveira.potato.uniformity","frame","package_excluded","tier=exclude",""
"agridat","omer.sorghum","frame","package_excluded","tier=exclude",""
"agridat","onofri.winterwheat","frame","package_excluded","tier=exclude",""
"agridat","ortiz.tomato.covs","frame","package_excluded","tier=exclude",""
"agridat","ortiz.tomato.yield","frame","package_excluded","tier=exclude",""
"agridat","pacheco.soybean","frame","package_excluded","tier=exclude",""
"agridat","paez.coffee.uniformity","frame","package_excluded","tier=exclude",""
"agridat","panse.cotton.uniformity","frame","package_excluded","tier=exclude",""
"agridat","parker.orange.uniformity","frame","package_excluded","tier=exclude",""
"agridat","patterson.switchback","frame","package_excluded","tier=exclude",""
"agridat","payne.wheat","frame","package_excluded","tier=exclude",""
"agridat","pearce.apple","frame","package_excluded","tier=exclude",""
"agridat","pearl.kernels","frame","package_excluded","tier=exclude",""
"agridat","pederson.lettuce.repeated","frame","package_excluded","tier=exclude",""
"agridat","perry.springwheat","frame","package_excluded","tier=exclude",""
"agridat","petersen.sorghum.cowpea","frame","package_excluded","tier=exclude",""
"agridat","piepho.barley.uniformity","frame","package_excluded","tier=exclude",""
"agridat","piepho.cocksfoot","frame","package_excluded","tier=exclude",""
"agridat","polson.safflower.uniformity","frame","package_excluded","tier=exclude",""
"agridat","rangaswamy.groundnut.uniformity","frame","package_excluded","tier=exclude",""
"agridat","ratkowsky.onions","frame","package_excluded","tier=exclude",""
"agridat","rau.coffee.uniformity","frame","package_excluded","tier=exclude",""
"agridat","reid.grasses","frame","package_excluded","tier=exclude",""
"agridat","riddle.wheat","frame","package_excluded","tier=exclude",""
"agridat","ridout.appleshoots","frame","package_excluded","tier=exclude",""
"agridat","robinson.peanut.uniformity","frame","package_excluded","tier=exclude",""
"agridat","roemer.sugarbeet.uniformity","frame","package_excluded","tier=exclude",""
"agridat","rothamsted.brussels","frame","package_excluded","tier=exclude",""
"agridat","rothamsted.oats","frame","package_excluded","tier=exclude",""
"agridat","ryder.groundnut","frame","package_excluded","tier=exclude",""
"agridat","salmon.bunt","frame","package_excluded","tier=exclude",""
"agridat","saunders.maize.uniformity","frame","package_excluded","tier=exclude",""
"agridat","sawyer.multi.uniformity","frame","package_excluded","tier=exclude",""
"agridat","sayer.sugarcane.uniformity","frame","package_excluded","tier=exclude",""
"agridat","senshu.rice","frame","package_excluded","tier=exclude",""
"agridat","shafi.tomato.uniformity","frame","package_excluded","tier=exclude",""
"agridat","shafii.rapeseed","frame","package_excluded","tier=exclude",""
"agridat","sharma.met","frame","package_excluded","tier=exclude",""
"agridat","shaw.oats","frame","package_excluded","tier=exclude",""
"agridat","siao.cotton.uniformity","frame","package_excluded","tier=exclude",""
"agridat","silva.cotton","frame","package_excluded","tier=exclude",""
"agridat","sinclair.clover","frame","package_excluded","tier=exclude",""
"agridat","smith.beans.uniformity","frame","package_excluded","tier=exclude",""
"agridat","smith.corn.uniformity","frame","package_excluded","tier=exclude",""
"agridat","smith.wheat.uniformity","frame","package_excluded","tier=exclude",""
"agridat","snedecor.asparagus","frame","package_excluded","tier=exclude",""
"agridat","snijders.fusarium","frame","package_excluded","tier=exclude",""
"agridat","stephens.sorghum.uniformity","frame","package_excluded","tier=exclude",""
"agridat","steptoe.morex.pheno","frame","package_excluded","tier=exclude",""
"agridat","stickler.sorghum.uniformity","frame","package_excluded","tier=exclude",""
"agridat","stirret.borers","frame","package_excluded","tier=exclude",""
"agridat","streibig.competition","frame","package_excluded","tier=exclude",""
"agridat","strickland.apple.uniformity","frame","package_excluded","tier=exclude",""
"agridat","strickland.grape.uniformity","frame","package_excluded","tier=exclude",""
"agridat","strickland.peach.uniformity","frame","package_excluded","tier=exclude",""
"agridat","strickland.tomato.uniformity","frame","package_excluded","tier=exclude",""
"agridat","stroup.nin","frame","package_excluded","tier=exclude",""
"agridat","stroup.splitplot","frame","package_excluded","tier=exclude",""
"agridat","student.barley","frame","package_excluded","tier=exclude",""
"agridat","summerby.multi.uniformity","frame","package_excluded","tier=exclude",""
"agridat","tai.potato","frame","package_excluded","tier=exclude",""
"agridat","talbot.potato.traits","frame","package_excluded","tier=exclude",""
"agridat","talbot.potato.yield","frame","package_excluded","tier=exclude",""
"agridat","tesfaye.millet","frame","package_excluded","tier=exclude",""
"agridat","theobald.barley","frame","package_excluded","tier=exclude",""
"agridat","theobald.covariate","frame","package_excluded","tier=exclude",""
"agridat","thompson.cornsoy","frame","package_excluded","tier=exclude",""
"agridat","tulaikow.wheat.uniformity","frame","package_excluded","tier=exclude",""
"agridat","turner.herbicide","frame","package_excluded","tier=exclude",""
"agridat","urquhart.feedlot","frame","package_excluded","tier=exclude",""
"agridat","usda.gmoadoption","frame","package_excluded","tier=exclude",""
"agridat","usgs.herbicides","frame","package_excluded","tier=exclude",""
"agridat","vaneeuwijk.drymatter","frame","package_excluded","tier=exclude",""
"agridat","vaneeuwijk.fusarium","frame","package_excluded","tier=exclude",""
"agridat","vaneeuwijk.nematodes","frame","package_excluded","tier=exclude",""
"agridat","vargas.txe.covs","frame","package_excluded","tier=exclude",""
"agridat","vargas.txe.yield","frame","package_excluded","tier=exclude",""
"agridat","vargas.wheat1.covs","frame","package_excluded","tier=exclude",""
"agridat","vargas.wheat1.traits","frame","package_excluded","tier=exclude",""
"agridat","vargas.wheat2.covs","frame","package_excluded","tier=exclude",""
"agridat","vargas.wheat2.yield","frame","package_excluded","tier=exclude",""
"agridat","verbyla.lupin","frame","package_excluded","tier=exclude",""
"agridat","vishnaadevi.rice.uniformity","frame","package_excluded","tier=exclude",""
"agridat","vold.longterm","frame","package_excluded","tier=exclude",""
"agridat","vsn.lupin3","frame","package_excluded","tier=exclude",""
"agridat","wallace.iowaland","frame","package_excluded","tier=exclude",""
"agridat","walsh.cottonprice","frame","package_excluded","tier=exclude",""
"agridat","wassom.brome.uniformity","frame","package_excluded","tier=exclude",""
"agridat","waynick.soil","frame","package_excluded","tier=exclude",""
"agridat","wedderburn.barley","frame","package_excluded","tier=exclude",""
"agridat","wehner.cucumber.uniformity","frame","package_excluded","tier=exclude",""
"agridat","weiss.incblock","frame","package_excluded","tier=exclude",""
"agridat","weiss.lattice","frame","package_excluded","tier=exclude",""
"agridat","welch.bermudagrass","frame","package_excluded","tier=exclude",""
"agridat","wheatley.carrot","frame","package_excluded","tier=exclude",""
"agridat","wiebe.wheat.uniformity","frame","package_excluded","tier=exclude",""
"agridat","wiedemann.safflower.uniformity","frame","package_excluded","tier=exclude",""
"agridat","williams.barley.uniformity","frame","package_excluded","tier=exclude",""
"agridat","williams.cotton.uniformity","frame","package_excluded","tier=exclude",""
"agridat","williams.trees","frame","package_excluded","tier=exclude",""
"agridat","woodman.pig","frame","package_excluded","tier=exclude",""
"agridat","wyatt.multi.uniformity","frame","package_excluded","tier=exclude",""
"agridat","yan.winterwheat","frame","package_excluded","tier=exclude",""
"agridat","yang.barley","frame","package_excluded","tier=exclude",""
"agridat","yates.missing","frame","package_excluded","tier=exclude",""
"agridat","yates.oats","frame","package_excluded","tier=exclude",""
"agridat","zuidhof.broiler","frame","package_excluded","tier=exclude",""
"alone","episodes","frame","package_excluded","tier=exclude",""
"alone","loadouts","frame","package_excluded","tier=exclude",""
"alone","seasons","frame","package_excluded","tier=exclude",""
"alone","survivalists","frame","package_excluded","tier=exclude",""
"aod","antibio","frame","package_excluded","tier=exclude",""
"aod","cohorts","frame","package_excluded","tier=exclude",""
"aod","dja","frame","package_excluded","tier=exclude",""
"aod","lizards","frame","package_excluded","tier=exclude",""
"aod","mice","frame","package_excluded","tier=exclude",""
"aod","orob1","frame","package_excluded","tier=exclude",""
"aod","orob2","frame","package_excluded","tier=exclude",""
"aod","rabbits","frame","package_excluded","tier=exclude",""
"aod","rats","frame","package_excluded","tier=exclude",""
"aod","salmonella","frame","package_excluded","tier=exclude",""
"archdata","Acheulean","frame","package_excluded","tier=exclude",""
"archdata","BACups","frame","package_excluded","tier=exclude",""
"archdata","BarmoseI.grid","frame","package_excluded","tier=exclude",""
"archdata","BarmoseI.pp","frame","package_excluded","tier=exclude",""
"archdata","Bornholm","frame","package_excluded","tier=exclude",""
"archdata","DartPoints","frame","package_excluded","tier=exclude",""
"archdata","EIAGraves","frame","package_excluded","tier=exclude",""
"archdata","ESASites","frame","package_excluded","tier=exclude",""
"archdata","EWBurials","frame","package_excluded","tier=exclude",""
"archdata","EndScrapers","frame","package_excluded","tier=exclude",""
"archdata","EngrBone","frame","package_excluded","tier=exclude",""
"archdata","Fibulae","frame","package_excluded","tier=exclude",""
"archdata","Handaxes","frame","package_excluded","tier=exclude",""
"archdata","MaskSite","frame","package_excluded","tier=exclude",""
"archdata","Mesolithic","frame","package_excluded","tier=exclude",""
"archdata","Michelsberg","frame","package_excluded","tier=exclude",""
"archdata","Nelson","frame","package_excluded","tier=exclude",""
"archdata","Olorgesailie.maj","frame","package_excluded","tier=exclude",""
"archdata","Olorgesailie.sub","frame","package_excluded","tier=exclude",""
"archdata","OxfordPots","frame","package_excluded","tier=exclude",""
"archdata","PitHouses","frame","package_excluded","tier=exclude",""
"archdata","RBGlass1","frame","package_excluded","tier=exclude",""
"archdata","RBGlass2","frame","package_excluded","tier=exclude",""
"archdata","RBPottery","frame","package_excluded","tier=exclude",""
"archdata","Snodgrass","frame","package_excluded","tier=exclude",""
"archdata","TRBPottery","frame","package_excluded","tier=exclude",""
"asaur","ChanningHouse","frame","package_excluded","tier=exclude",""
"asaur","ashkenazi","frame","package_excluded","tier=exclude",""
"asaur","gastricXelox","frame","package_excluded","tier=exclude",""
"asaur","hepatoCellular","frame","package_excluded","tier=exclude",""
"asaur","pancreatic","frame","package_excluded","tier=exclude",""
"asaur","pancreatic2","frame","package_excluded","tier=exclude",""
"asaur","pharmacoSmoking","frame","package_excluded","tier=exclude",""
"asaur","prostateSurvival","frame","package_excluded","tier=exclude",""
"bakeoff","bakers (data)","frame","package_excluded","tier=exclude",""
"bakeoff","bakers_raw (data)","frame","package_excluded","tier=exclude",""
"bakeoff","bakes_raw (data)","frame","package_excluded","tier=exclude",""
"bakeoff","challenges (data)","frame","package_excluded","tier=exclude",""
"bakeoff","episodes (data)","frame","package_excluded","tier=exclude",""
"bakeoff","episodes_raw (data)","frame","package_excluded","tier=exclude",""
"bakeoff","ratings (data)","frame","package_excluded","tier=exclude",""
"bakeoff","ratings_raw (data)","frame","package_excluded","tier=exclude",""
"bakeoff","results_raw (data)","frame","package_excluded","tier=exclude",""
"bakeoff","seasons_raw (data)","frame","package_excluded","tier=exclude",""
"bakeoff","series_raw (data)","frame","package_excluded","tier=exclude",""
"bakeoff","spice_test_wide (data)","frame","package_excluded","tier=exclude",""
"bayesrules","airbnb","frame","package_excluded","tier=mixed",""
"bayesrules","airbnb_small","frame","package_excluded","tier=mixed",""
"bayesrules","bald_eagles","frame","package_excluded","tier=mixed",""
"bayesrules","basketball","frame","package_excluded","tier=mixed",""
"bayesrules","bechdel","frame","package_excluded","tier=mixed",""
"bayesrules","big_word_club","frame","package_excluded","tier=mixed",""
"bayesrules","bike_users","frame","package_excluded","tier=mixed",""
"bayesrules","bikes","frame","package_excluded","tier=mixed",""
"bayesrules","bird_counts","frame","package_excluded","tier=mixed",""
"bayesrules","book_banning","frame","package_excluded","tier=mixed",""
"bayesrules","cherry_blossom_sample","frame","package_excluded","tier=mixed",""
"bayesrules","climbers_sub","frame","package_excluded","tier=mixed",""
"bayesrules","coffee_ratings","frame","package_excluded","tier=mixed",""
"bayesrules","coffee_ratings_small","frame","package_excluded","tier=mixed",""
"bayesrules","equality_index","frame","package_excluded","tier=mixed",""
"bayesrules","fake_news","frame","package_excluded","tier=mixed",""
"bayesrules","football","frame","package_excluded","tier=mixed",""
"bayesrules","hotel_bookings","frame","package_excluded","tier=mixed",""
"bayesrules","loons","frame","package_excluded","tier=mixed",""
"bayesrules","moma","frame","package_excluded","tier=mixed",""
"bayesrules","moma_sample","frame","package_excluded","tier=mixed",""
"bayesrules","penguins_bayes","frame","package_excluded","tier=mixed",""
"bayesrules","pop_vs_soda","frame","package_excluded","tier=mixed",""
"bayesrules","pulse_of_the_nation","frame","package_excluded","tier=mixed",""
"bayesrules","spotify","frame","package_excluded","tier=mixed",""
"bayesrules","voices","frame","package_excluded","tier=mixed",""
"bayesrules","weather_WU","frame","package_excluded","tier=mixed",""
"bayesrules","weather_australia","frame","package_excluded","tier=mixed",""
"bayesrules","weather_perth","frame","package_excluded","tier=mixed",""
"betareg","CarTask","frame","package_excluded","tier=mixed",""
"betareg","FoodExpenditure","frame","package_excluded","tier=mixed",""
"betareg","GasolineYield","frame","package_excluded","tier=mixed",""
"betareg","ImpreciseTask","frame","package_excluded","tier=mixed",""
"betareg","LossAversion","frame","package_excluded","tier=mixed",""
"betareg","MockJurors","frame","package_excluded","tier=mixed",""
"betareg","ReadingSkills","frame","package_excluded","tier=mixed",""
"betareg","StressAnxiety","frame","package_excluded","tier=mixed",""
"betareg","WeatherTask","frame","package_excluded","tier=mixed",""
"boot","acme","frame","package_excluded","tier=mixed",""
"boot","aids","frame","package_excluded","tier=mixed",""
"boot","aircondit","frame","package_excluded","tier=mixed",""
"boot","aircondit7","frame","package_excluded","tier=mixed",""
"boot","amis","frame","package_excluded","tier=mixed",""
"boot","aml","frame","package_excluded","tier=mixed",""
"boot","beaver","frame","package_excluded","tier=mixed",""
"boot","bigcity","frame","package_excluded","tier=mixed",""
"boot","brambles","frame","package_excluded","tier=mixed",""
"boot","breslow","frame","package_excluded","tier=mixed",""
"boot","calcium","frame","package_excluded","tier=mixed",""
"boot","cane","frame","package_excluded","tier=mixed",""
"boot","capability","frame","package_excluded","tier=mixed",""
"boot","catsM","frame","package_excluded","tier=mixed",""
"boot","cav","frame","package_excluded","tier=mixed",""
"boot","cd4","frame","package_excluded","tier=mixed",""
"boot","channing","frame","package_excluded","tier=mixed",""
"boot","city","frame","package_excluded","tier=mixed",""
"boot","claridge","frame","package_excluded","tier=mixed",""
"boot","cloth","frame","package_excluded","tier=mixed",""
"boot","co.transfer","frame","package_excluded","tier=mixed",""
"boot","coal","frame","package_excluded","tier=mixed",""
"boot","darwin","frame","package_excluded","tier=mixed",""
"boot","dogs","frame","package_excluded","tier=mixed",""
"boot","downs.bc","frame","package_excluded","tier=mixed",""
"boot","ducks","frame","package_excluded","tier=mixed",""
"boot","fir","frame","package_excluded","tier=mixed",""
"boot","frets","frame","package_excluded","tier=mixed",""
"boot","grav","frame","package_excluded","tier=mixed",""
"boot","gravity","frame","package_excluded","tier=mixed",""
"boot","hirose","frame","package_excluded","tier=mixed",""
"boot","islay","frame","package_excluded","tier=mixed",""
"boot","manaus","frame","package_excluded","tier=mixed",""
"boot","melanoma","frame","package_excluded","tier=mixed",""
"boot","motor","frame","package_excluded","tier=mixed",""
"boot","neuro","frame","package_excluded","tier=mixed",""
"boot","nitrofen","frame","package_excluded","tier=mixed",""
"boot","nodal","frame","package_excluded","tier=mixed",""
"boot","nuclear","frame","package_excluded","tier=mixed",""
"boot","paulsen","frame","package_excluded","tier=mixed",""
"boot","poisons","frame","package_excluded","tier=mixed",""
"boot","polar","frame","package_excluded","tier=mixed",""
"boot","remission","frame","package_excluded","tier=mixed",""
"boot","salinity","frame","package_excluded","tier=mixed",""
"boot","survival","frame","package_excluded","tier=mixed",""
"boot","tau","frame","package_excluded","tier=mixed",""
"boot","tuna","frame","package_excluded","tier=mixed",""
"boot","urine","frame","package_excluded","tier=mixed",""
"boot","wool","frame","package_excluded","tier=mixed",""
"camerondata","strikes","frame","index_p_model_lt_min","p_model=2",""
"carData","AMSsurvey","frame","package_excluded","tier=mixed",""
"carData","Adler","frame","package_excluded","tier=mixed",""
"carData","Angell","frame","package_excluded","tier=mixed",""
"carData","Anscombe","frame","package_excluded","tier=mixed",""
"carData","Arrests","frame","package_excluded","tier=mixed",""
"carData","BEPS","frame","package_excluded","tier=mixed",""
"carData","Baumann","frame","package_excluded","tier=mixed",""
"carData","Bfox","frame","package_excluded","tier=mixed",""
"carData","Blackmore","frame","package_excluded","tier=mixed",""
"carData","Burt","frame","package_excluded","tier=mixed",""
"carData","CES11","frame","package_excluded","tier=mixed",""
"carData","CanPop","frame","package_excluded","tier=mixed",""
"carData","Chile","frame","package_excluded","tier=mixed",""
"carData","Chirot","frame","package_excluded","tier=mixed",""
"carData","Cowles","frame","package_excluded","tier=mixed",""
"carData","Davis","frame","package_excluded","tier=mixed",""
"carData","DavisThin","frame","package_excluded","tier=mixed",""
"carData","Depredations","frame","package_excluded","tier=mixed",""
"carData","Duncan","frame","package_excluded","tier=mixed",""
"carData","Ericksen","frame","package_excluded","tier=mixed",""
"carData","Florida","frame","package_excluded","tier=mixed",""
"carData","Freedman","frame","package_excluded","tier=mixed",""
"carData","Friendly","frame","package_excluded","tier=mixed",""
"carData","GSSvocab","frame","package_excluded","tier=mixed",""
"carData","Ginzberg","frame","package_excluded","tier=mixed",""
"carData","Greene","frame","package_excluded","tier=mixed",""
"carData","Guyer","frame","package_excluded","tier=mixed",""
"carData","Hartnagel","frame","package_excluded","tier=mixed",""
"carData","Highway1","frame","package_excluded","tier=mixed",""
"carData","KosteckiDillon","frame","package_excluded","tier=mixed",""
"carData","Leinhardt","frame","package_excluded","tier=mixed",""
"carData","LoBD","frame","package_excluded","tier=mixed",""
"carData","Mandel","frame","package_excluded","tier=mixed",""
"carData","Migration","frame","package_excluded","tier=mixed",""
"carData","Moore","frame","package_excluded","tier=mixed",""
"carData","MplsDemo","frame","package_excluded","tier=mixed",""
"carData","MplsStops","frame","package_excluded","tier=mixed",""
"carData","Mroz","frame","package_excluded","tier=mixed",""
"carData","OBrienKaiser","frame","package_excluded","tier=mixed",""
"carData","OBrienKaiserLong","frame","package_excluded","tier=mixed",""
"carData","Ornstein","frame","package_excluded","tier=mixed",""
"carData","Pottery","frame","package_excluded","tier=mixed",""
"carData","Prestige","frame","package_excluded","tier=mixed",""
"carData","Quartet","frame","package_excluded","tier=mixed",""
"carData","Robey","frame","package_excluded","tier=mixed",""
"carData","Rossi","frame","package_excluded","tier=mixed",""
"carData","SLID","frame","package_excluded","tier=mixed",""
"carData","Sahlins","frame","package_excluded","tier=mixed",""
"carData","Salaries","frame","package_excluded","tier=mixed",""
"carData","Soils","frame","package_excluded","tier=mixed",""
"carData","States","frame","package_excluded","tier=mixed",""
"carData","TitanicSurvival","frame","package_excluded","tier=mixed",""
"carData","Transact","frame","package_excluded","tier=mixed",""
"carData","UN","frame","package_excluded","tier=mixed",""
"carData","UN98","frame","package_excluded","tier=mixed",""
"carData","USPop","frame","package_excluded","tier=mixed",""
"carData","Vocab","frame","package_excluded","tier=mixed",""
"carData","WVS","frame","package_excluded","tier=mixed",""
"carData","WeightLoss","frame","package_excluded","tier=mixed",""
"carData","Wells","frame","package_excluded","tier=mixed",""
"carData","Womenlf","frame","package_excluded","tier=mixed",""
"carData","Wong","frame","package_excluded","tier=mixed",""
"carData","Wool","frame","package_excluded","tier=mixed",""
"causaldata","avocado","frame","index_p_model_lt_min","p_model=2",""
"causaldata","google_stock","frame","index_p_model_lt_min","p_model=2",""
"causaldata","gov_transfers_density","frame","index_p_model_lt_min","p_model=1",""
"causaldata","greek_data","frame","description_keyword","word=fictional; Data from a fictional randomized heart transplant study",""
"causaldata","nhefs_codebook","frame","index_p_model_lt_min","p_model=0",""
"causaldata","organ_donations","frame","index_p_model_lt_min","p_model=2",""
"causaldata","ri","frame","description_keyword","word=simulated; A simple simulated data set for calculating p-values",""
"causaldata","snow","frame","index_rows_lt_min","Rows=4",""
"causaldata","training_bias_reduction","frame","description_keyword","word=simulated; Simulated data from a job training program for a bias reduction method",""
"causaldata","training_example","frame","description_keyword","word=simulated; Simulated data from a job training program",""
"cluster","agriculture","frame","package_excluded","tier=mixed",""
"cluster","animals","frame","package_excluded","tier=mixed",""
"cluster","chorSub","frame","package_excluded","tier=mixed",""
"cluster","flower","frame","package_excluded","tier=mixed",""
"cluster","plantTraits","frame","package_excluded","tier=mixed",""
"cluster","pluton","frame","package_excluded","tier=mixed",""
"cluster","ruspini","frame","package_excluded","tier=mixed",""
"cluster","votes.repub","frame","package_excluded","tier=mixed",""
"cluster","xclara","frame","package_excluded","tier=mixed",""
"crch","RainIbk","frame","package_excluded","tier=exclude",""
"crimedatasets","Abilene_tbl_df","frame","index_rows_lt_min","Rows=16",""
"crimedatasets","Attorney_tbl_df","frame","index_p_model_lt_min","p_model=2",""
"crimedatasets","DeathPenaltyRace_df","frame","index_rows_lt_min","Rows=12",""
"crimedatasets","Gallup_tbl_df","frame","index_p_model_lt_min","p_model=0",""
"crimedatasets","Inmate_tbl_df","frame","index_p_model_lt_min","p_model=0",""
"crimedatasets","Sentence_tbl_df","frame","index_p_model_lt_min","p_model=1",""
"crimedatasets","TerrorismGlobal_table","frame","object_class","class=table (table)",""
"crimedatasets","USATerror_data_df","frame","index_rows_lt_min","Rows=6",""
"crimedatasets","corruption_tbl_df","frame","index_rows_lt_min","Rows=10",""
"crimedatasets","crimeHSdegree_tbl_df","frame","index_p_model_lt_min","p_model=2",""
"crimedatasets","crimtab_table","frame","object_class","class=table (table)",""
"crimedatasets","rearrests_table","frame","object_class","class=table (table)",""
"crimedatasets","wmurders_ts","frame","object_class","class=ts (ts)",""
"datasets","AirPassengers","frame","package_excluded","tier=mixed",""
"datasets","BJsales","frame","package_excluded","tier=mixed",""
"datasets","BJsales.lead (BJsales)","frame","package_excluded","tier=mixed",""
"datasets","BOD","frame","package_excluded","tier=mixed",""
"datasets","CO2","frame","package_excluded","tier=mixed",""
"datasets","ChickWeight","frame","package_excluded","tier=mixed",""
"datasets","DNase","frame","package_excluded","tier=mixed",""
"datasets","EuStockMarkets","frame","package_excluded","tier=mixed",""
"datasets","Formaldehyde","frame","package_excluded","tier=mixed",""
"datasets","HairEyeColor","frame","package_excluded","tier=mixed",""
"datasets","Harman23.cor","frame","package_excluded","tier=mixed",""
"datasets","Harman74.cor","frame","package_excluded","tier=mixed",""
"datasets","Indometh","frame","package_excluded","tier=mixed",""
"datasets","InsectSprays","frame","package_excluded","tier=mixed",""
"datasets","JohnsonJohnson","frame","package_excluded","tier=mixed",""
"datasets","LakeHuron","frame","package_excluded","tier=mixed",""
"datasets","LifeCycleSavings","frame","package_excluded","tier=mixed",""
"datasets","Loblolly","frame","package_excluded","tier=mixed",""
"datasets","Nile","frame","package_excluded","tier=mixed",""
"datasets","Orange","frame","package_excluded","tier=mixed",""
"datasets","OrchardSprays","frame","package_excluded","tier=mixed",""
"datasets","PlantGrowth","frame","package_excluded","tier=mixed",""
"datasets","Puromycin","frame","package_excluded","tier=mixed",""
"datasets","Seatbelts","frame","package_excluded","tier=mixed",""
"datasets","Theoph","frame","package_excluded","tier=mixed",""
"datasets","Titanic","frame","package_excluded","tier=mixed",""
"datasets","ToothGrowth","frame","package_excluded","tier=mixed",""
"datasets","UCBAdmissions","frame","package_excluded","tier=mixed",""
"datasets","UKDriverDeaths","frame","package_excluded","tier=mixed",""
"datasets","UKgas","frame","package_excluded","tier=mixed",""
"datasets","USAccDeaths","frame","package_excluded","tier=mixed",""
"datasets","USArrests","frame","package_excluded","tier=mixed",""
"datasets","USJudgeRatings","frame","package_excluded","tier=mixed",""
"datasets","USPersonalExpenditure","frame","package_excluded","tier=mixed",""
"datasets","UScitiesD","frame","package_excluded","tier=mixed",""
"datasets","VADeaths","frame","package_excluded","tier=mixed",""
"datasets","WWWusage","frame","package_excluded","tier=mixed",""
"datasets","WorldPhones","frame","package_excluded","tier=mixed",""
"datasets","ability.cov","frame","package_excluded","tier=mixed",""
"datasets","airmiles","frame","package_excluded","tier=mixed",""
"datasets","airquality","frame","package_excluded","tier=mixed",""
"datasets","anscombe","frame","package_excluded","tier=mixed",""
"datasets","attenu","frame","package_excluded","tier=mixed",""
"datasets","attitude","frame","package_excluded","tier=mixed",""
"datasets","austres","frame","package_excluded","tier=mixed",""
"datasets","beaver1 (beavers)","frame","package_excluded","tier=mixed",""
"datasets","beaver2 (beavers)","frame","package_excluded","tier=mixed",""
"datasets","cars","frame","package_excluded","tier=mixed",""
"datasets","chickwts","frame","package_excluded","tier=mixed",""
"datasets","co2","frame","package_excluded","tier=mixed",""
"datasets","crimtab","frame","package_excluded","tier=mixed",""
"datasets","discoveries","frame","package_excluded","tier=mixed",""
"datasets","esoph","frame","package_excluded","tier=mixed",""
"datasets","euro","frame","package_excluded","tier=mixed",""
"datasets","euro.cross (euro)","frame","package_excluded","tier=mixed",""
"datasets","eurodist","frame","package_excluded","tier=mixed",""
"datasets","faithful","frame","package_excluded","tier=mixed",""
"datasets","fdeaths (UKLungDeaths)","frame","package_excluded","tier=mixed",""
"datasets","freeny","frame","package_excluded","tier=mixed",""
"datasets","freeny.x (freeny)","frame","package_excluded","tier=mixed",""
"datasets","freeny.y (freeny)","frame","package_excluded","tier=mixed",""
"datasets","gait","frame","package_excluded","tier=mixed",""
"datasets","infert","frame","package_excluded","tier=mixed",""
"datasets","iris","frame","package_excluded","tier=mixed",""
"datasets","iris3","frame","package_excluded","tier=mixed",""
"datasets","islands","frame","package_excluded","tier=mixed",""
"datasets","ldeaths (UKLungDeaths)","frame","package_excluded","tier=mixed",""
"datasets","lh","frame","package_excluded","tier=mixed",""
"datasets","longley","frame","package_excluded","tier=mixed",""
"datasets","lynx","frame","package_excluded","tier=mixed",""
"datasets","mdeaths (UKLungDeaths)","frame","package_excluded","tier=mixed",""
"datasets","morley","frame","package_excluded","tier=mixed",""
"datasets","mtcars","frame","package_excluded","tier=mixed",""
"datasets","nhtemp","frame","package_excluded","tier=mixed",""
"datasets","nottem","frame","package_excluded","tier=mixed",""
"datasets","npk","frame","package_excluded","tier=mixed",""
"datasets","occupationalStatus","frame","package_excluded","tier=mixed",""
"datasets","penguins","frame","package_excluded","tier=mixed",""
"datasets","penguins_raw (penguins)","frame","package_excluded","tier=mixed",""
"datasets","precip","frame","package_excluded","tier=mixed",""
"datasets","presidents","frame","package_excluded","tier=mixed",""
"datasets","pressure","frame","package_excluded","tier=mixed",""
"datasets","quakes","frame","package_excluded","tier=mixed",""
"datasets","randu","frame","package_excluded","tier=mixed",""
"datasets","rivers","frame","package_excluded","tier=mixed",""
"datasets","rock","frame","package_excluded","tier=mixed",""
"datasets","sleep","frame","package_excluded","tier=mixed",""
"datasets","stack.loss (stackloss)","frame","package_excluded","tier=mixed",""
"datasets","stack.x (stackloss)","frame","package_excluded","tier=mixed",""
"datasets","stackloss","frame","package_excluded","tier=mixed",""
"datasets","state.abb (state)","frame","package_excluded","tier=mixed",""
"datasets","state.area (state)","frame","package_excluded","tier=mixed",""
"datasets","state.center (state)","frame","package_excluded","tier=mixed",""
"datasets","state.division (state)","frame","package_excluded","tier=mixed",""
"datasets","state.name (state)","frame","package_excluded","tier=mixed",""
"datasets","state.region (state)","frame","package_excluded","tier=mixed",""
"datasets","state.x77 (state)","frame","package_excluded","tier=mixed",""
"datasets","sunspot.m2014 (sunspot.month)","frame","package_excluded","tier=mixed",""
"datasets","sunspot.month","frame","package_excluded","tier=mixed",""
"datasets","sunspot.year","frame","package_excluded","tier=mixed",""
"datasets","sunspots","frame","package_excluded","tier=mixed",""
"datasets","swiss","frame","package_excluded","tier=mixed",""
"datasets","treering","frame","package_excluded","tier=mixed",""
"datasets","trees","frame","package_excluded","tier=mixed",""
"datasets","uspop","frame","package_excluded","tier=mixed",""
"datasets","volcano","frame","package_excluded","tier=mixed",""
"datasets","warpbreaks","frame","package_excluded","tier=mixed",""
"datasets","women","frame","package_excluded","tier=mixed",""
"dplyr","band_instruments","frame","package_excluded","tier=exclude",""
"dplyr","band_instruments2","frame","package_excluded","tier=exclude",""
"dplyr","band_members","frame","package_excluded","tier=exclude",""
"dplyr","starwars","frame","package_excluded","tier=exclude",""
"dplyr","storms","frame","package_excluded","tier=exclude",""
"dragracer","rpdr_contep","frame","package_excluded","tier=exclude",""
"dragracer","rpdr_contestants","frame","package_excluded","tier=exclude",""
"dragracer","rpdr_ep","frame","package_excluded","tier=exclude",""
"drc","G.aparine","frame","package_excluded","tier=exclude",""
"drc","H.virescens","frame","package_excluded","tier=exclude",""
"drc","M.bahia","frame","package_excluded","tier=exclude",""
"drc","O.mykiss","frame","package_excluded","tier=exclude",""
"drc","P.promelas","frame","package_excluded","tier=exclude",""
"drc","RScompetition","frame","package_excluded","tier=exclude",""
"drc","S.alba","frame","package_excluded","tier=exclude",""
"drc","S.capricornutum","frame","package_excluded","tier=exclude",""
"drc","acidiq","frame","package_excluded","tier=exclude",""
"drc","algae","frame","package_excluded","tier=exclude",""
"drc","auxins","frame","package_excluded","tier=exclude",""
"drc","chickweed","frame","package_excluded","tier=exclude",""
"drc","chickweed0","frame","package_excluded","tier=exclude",""
"drc","daphnids","frame","package_excluded","tier=exclude",""
"drc","decontaminants","frame","package_excluded","tier=exclude",""
"drc","deguelin","frame","package_excluded","tier=exclude",""
"drc","earthworms","frame","package_excluded","tier=exclude",""
"drc","etmotc","frame","package_excluded","tier=exclude",""
"drc","finney71","frame","package_excluded","tier=exclude",""
"drc","germination","frame","package_excluded","tier=exclude",""
"drc","glymet","frame","package_excluded","tier=exclude",""
"drc","heartrate","frame","package_excluded","tier=exclude",""
"drc","leaflength","frame","package_excluded","tier=exclude",""
"drc","lepidium","frame","package_excluded","tier=exclude",""
"drc","lettuce","frame","package_excluded","tier=exclude",""
"drc","mecter","frame","package_excluded","tier=exclude",""
"drc","metals","frame","package_excluded","tier=exclude",""
"drc","methionine","frame","package_excluded","tier=exclude",""
"drc","nasturtium","frame","package_excluded","tier=exclude",""
"drc","ryegrass","frame","package_excluded","tier=exclude",""
"drc","secalonic","frame","package_excluded","tier=exclude",""
"drc","selenium","frame","package_excluded","tier=exclude",""
"drc","spinach","frame","package_excluded","tier=exclude",""
"drc","terbuthylazin","frame","package_excluded","tier=exclude",""
"drc","vinclozolin","frame","package_excluded","tier=exclude",""
"dslabs","admissions","frame","package_excluded","tier=mixed",""
"dslabs","brca","frame","package_excluded","tier=mixed",""
"dslabs","brexit_polls","frame","package_excluded","tier=mixed",""
"dslabs","death_prob","frame","package_excluded","tier=mixed",""
"dslabs","divorce_margarine","frame","package_excluded","tier=mixed",""
"dslabs","gapminder","frame","package_excluded","tier=mixed",""
"dslabs","greenhouse_gases","frame","package_excluded","tier=mixed",""
"dslabs","heights","frame","package_excluded","tier=mixed",""
"dslabs","historic_co2","frame","package_excluded","tier=mixed",""
"dslabs","mice_weights (mice_weigths)","frame","package_excluded","tier=mixed",""
"dslabs","movielens","frame","package_excluded","tier=mixed",""
"dslabs","murders","frame","package_excluded","tier=mixed",""
"dslabs","na_example","frame","package_excluded","tier=mixed",""
"dslabs","nyc_regents_scores","frame","package_excluded","tier=mixed",""
"dslabs","oecd (gapminder)","frame","package_excluded","tier=mixed",""
"dslabs","olive","frame","package_excluded","tier=mixed",""
"dslabs","opec (gapminder)","frame","package_excluded","tier=mixed",""
"dslabs","outlier_example","frame","package_excluded","tier=mixed",""
"dslabs","polls_2008","frame","package_excluded","tier=mixed",""
"dslabs","polls_us_election_2016","frame","package_excluded","tier=mixed",""
"dslabs","pr_death_counts (pr-death-counts)","frame","package_excluded","tier=mixed",""
"dslabs","raw_data_research_funding_rates","frame","package_excluded","tier=mixed",""
"dslabs","reported_heights","frame","package_excluded","tier=mixed",""
"dslabs","research_funding_rates","frame","package_excluded","tier=mixed",""
"dslabs","results_us_election_2012","frame","package_excluded","tier=mixed",""
"dslabs","results_us_election_2016 (polls_us_election_2016)","frame","package_excluded","tier=mixed",""
"dslabs","sentiment_counts (trump_tweets)","frame","package_excluded","tier=mixed",""
"dslabs","stars","frame","package_excluded","tier=mixed",""
"dslabs","temp_carbon","frame","package_excluded","tier=mixed",""
"dslabs","tissue_gene_expression","frame","package_excluded","tier=mixed",""
"dslabs","trump_tweets","frame","package_excluded","tier=mixed",""
"dslabs","us_contagious_diseases","frame","package_excluded","tier=mixed",""
"educationR","Achieve_tbl_df","frame","index_rows_lt_min","Rows=25",""
"educationR","Anxiety_tbl_df","frame","index_rows_lt_min","Rows=20",""
"educationR","Biology_tbl_df","frame","index_p_model_lt_min","p_model=1",""
"educationR","Blackedu_tbl_df","frame","index_p_model_lt_min","p_model=1",""
"educationR","Books_tbl_df","frame","index_rows_lt_min","Rows=17",""
"educationR","Detroit_tbl_df","frame","index_p_model_lt_min","p_model=1",""
"educationR","Develop_tbl_df","frame","index_p_model_lt_min","p_model=1",""
"educationR","Devmath_tbl_df","frame","index_p_model_lt_min","p_model=1",""
"educationR","Dyslexia_tbl_df","frame","index_rows_lt_min","Rows=8",""
"educationR","Engineer_tbl_df","frame","index_p_model_lt_min","p_model=1",""
"educationR","Entrance_tbl_df","frame","index_rows_lt_min","Rows=24",""
"educationR","GPA_college_tbl_df","frame","index_rows_lt_min","Rows=10",""
"educationR","German_tbl_df","frame","index_rows_lt_min","Rows=20",""
"educationR","Grades_stats_tbl_df","frame","index_rows_lt_min","Rows=29",""
"educationR","Graduate_tbl_df","frame","index_rows_lt_min","Rows=12",""
"educationR","Habits_tbl_df","frame","index_rows_lt_min","Rows=11",""
"educationR","HedgesOlkin85_df","frame","index_rows_lt_min","Rows=4",""
"educationR","Homework_tbl_df","frame","index_p_model_lt_min","p_model=2",""
"educationR","Jobsat_tbl_df","frame","index_rows_lt_min","Rows=9",""
"educationR","Kinder_tbl_df","frame","index_rows_lt_min","Rows=8",""
"educationR","Lowabil_tbl_df","frame","index_rows_lt_min","Rows=12",""
"educationR","Math_scores_tbl_df","frame","index_p_model_lt_min","p_model=1",""
"educationR","Mathcomp_tbl_df","frame","index_p_model_lt_min","p_model=1",""
"educationR","Miller_scores_tbl_df","frame","index_rows_lt_min","Rows=25",""
"educationR","Music_tbl_df","frame","index_rows_lt_min","Rows=12",""
"educationR","PSAT_SAT_tbl_df","frame","index_rows_lt_min","Rows=7",""
"educationR","Parented_tbl_df","frame","index_p_model_lt_min","p_model=1",""
"educationR","Prejudic_tbl_df","frame","index_rows_lt_min","Rows=25",""
"educationR","Program_stats_tbl_df","frame","index_p_model_lt_min","p_model=1",""
"educationR","QuizPulse10_df","frame","index_rows_lt_min","Rows=10",""
"educationR","Readiq_tbl_df","frame","index_rows_lt_min","Rows=14",""
"educationR","Schizoph_tbl_df","frame","index_rows_lt_min","Rows=13",""
"educationR","Study_freshmen_tbl_df","frame","index_p_model_lt_min","p_model=1",""
"educationR","Tennessee_gifted_df","frame","index_rows_lt_min","Rows=20",""
"educationR","TextbookCosts_df","frame","index_p_model_lt_min","p_model=2",""
"educationR","UCBAdmissions_table","frame","object_class","class=table (table)",""
"educationR","ability_list","frame","index_rows_lt_min","Rows=6",""
"educationR","cchousing_tbl_df","frame","description_keyword","word=simulated; Community college housing (simulated data)",""
"educationR","credits_tbl_df","frame","index_p_model_lt_min","p_model=1",""
"educationR","crime_degree_tbl_df","frame","index_p_model_lt_min","p_model=2",""
"educationR","drug_use_tbl_df","frame","index_p_model_lt_min","p_model=2",""
"educationR","exams_tbl_df","frame","index_rows_lt_min","Rows=19",""
"educationR","fheights_tbl_df","frame","index_rows_lt_min","Rows=24",""
"educationR","gradestv_tbl_df","frame","description_keyword","word=simulated; Relationship Between Watching TV and Grades (Simulated data)",""
"educationR","major_survey_tbl_df","frame","index_p_model_lt_min","p_model=1",""
"educationR","sat_improve_tbl_df","frame","description_keyword","word=simulated; Simulated data for SAT score improvement",""
"educationR","stats_scores_tbl_df","frame","index_rows_lt_min","Rows=20",""
"educationR","student_sleep_tbl_df","frame","description_keyword","word=simulated; Sleep for 110 college students (simulated)",""
"evir","bmw","frame","package_excluded","tier=exclude",""
"evir","danish","frame","package_excluded","tier=exclude",""
"evir","nidd.annual","frame","package_excluded","tier=exclude",""
"evir","nidd.thresh","frame","package_excluded","tier=exclude",""
"evir","siemens","frame","package_excluded","tier=exclude",""
"evir","sp.raw","frame","package_excluded","tier=exclude",""
"evir","spto87","frame","package_excluded","tier=exclude",""
"experimentr","mullinix","frame","index_p_model_lt_min","p_model=1",""
"experimentr","nickerson","frame","index_p_model_lt_min","p_model=2",""
"experimentr","poori","frame","index_p_model_lt_min","p_model=2",""
"experimentr","rondeau","frame","index_p_model_lt_min","p_model=2",""
"experimentr","sherman","frame","index_p_model_lt_min","p_model=2",""
"experimentr","youtube","frame","index_p_model_lt_min","p_model=2",""
"fishdata","adult_growth","frame","package_excluded","tier=exclude",""
"fishdata","adult_metrics","frame","package_excluded","tier=exclude",""
"fishdata","adults","frame","package_excluded","tier=exclude",""
"fishdata","juvenile_growth","frame","package_excluded","tier=exclude",""
"fishdata","juvenile_metrics","frame","package_excluded","tier=exclude",""
"fishdata","juveniles","frame","package_excluded","tier=exclude",""
"fivethirtyeight","US_births_1994_2003","frame","package_excluded","tier=mixed",""
"fivethirtyeight","US_births_2000_2014","frame","package_excluded","tier=mixed",""
"fivethirtyeight","ahca_polls","frame","package_excluded","tier=mixed",""
"fivethirtyeight","airline_safety","frame","package_excluded","tier=mixed",""
"fivethirtyeight","antiquities_act","frame","package_excluded","tier=mixed",""
"fivethirtyeight","august_senate_polls","frame","package_excluded","tier=mixed",""
"fivethirtyeight","avengers","frame","package_excluded","tier=mixed",""
"fivethirtyeight","bachelorette","frame","package_excluded","tier=mixed",""
"fivethirtyeight","bad_drivers","frame","package_excluded","tier=mixed",""
"fivethirtyeight","bechdel","frame","package_excluded","tier=mixed",""
"fivethirtyeight","biopics","frame","package_excluded","tier=mixed",""
"fivethirtyeight","bob_ross","frame","package_excluded","tier=mixed",""
"fivethirtyeight","cabinet_turnover","frame","package_excluded","tier=mixed",""
"fivethirtyeight","cand_events_20150114","frame","package_excluded","tier=mixed",""
"fivethirtyeight","cand_events_20150130","frame","package_excluded","tier=mixed",""
"fivethirtyeight","cand_state_20150114","frame","package_excluded","tier=mixed",""
"fivethirtyeight","cand_state_20150130","frame","package_excluded","tier=mixed",""
"fivethirtyeight","candy_rankings","frame","package_excluded","tier=mixed",""
"fivethirtyeight","chess_transfers","frame","package_excluded","tier=mixed",""
"fivethirtyeight","classic_rock_raw_data","frame","package_excluded","tier=mixed",""
"fivethirtyeight","classic_rock_song_list","frame","package_excluded","tier=mixed",""
"fivethirtyeight","college_all_ages","frame","package_excluded","tier=mixed",""
"fivethirtyeight","college_grad_students","frame","package_excluded","tier=mixed",""
"fivethirtyeight","college_recent_grads","frame","package_excluded","tier=mixed",""
"fivethirtyeight","comma_survey","frame","package_excluded","tier=mixed",""
"fivethirtyeight","congress_age","frame","package_excluded","tier=mixed",""
"fivethirtyeight","cousin_marriage","frame","package_excluded","tier=mixed",""
"fivethirtyeight","daily_show_guests","frame","package_excluded","tier=mixed",""
"fivethirtyeight","datasets_master","frame","package_excluded","tier=mixed",""
"fivethirtyeight","dem_candidates","frame","package_excluded","tier=mixed",""
"fivethirtyeight","democratic_bench","frame","package_excluded","tier=mixed",""
"fivethirtyeight","drinks","frame","package_excluded","tier=mixed",""
"fivethirtyeight","drug_use","frame","package_excluded","tier=mixed",""
"fivethirtyeight","elasticity_by_district","frame","package_excluded","tier=mixed",""
"fivethirtyeight","elasticity_by_state","frame","package_excluded","tier=mixed",""
"fivethirtyeight","elo_blatter","frame","package_excluded","tier=mixed",""
"fivethirtyeight","endorsements","frame","package_excluded","tier=mixed",""
"fivethirtyeight","endorsements_2020","frame","package_excluded","tier=mixed",""
"fivethirtyeight","fandango","frame","package_excluded","tier=mixed",""
"fivethirtyeight","fifa_audience","frame","package_excluded","tier=mixed",""
"fivethirtyeight","fight_songs","frame","package_excluded","tier=mixed",""
"fivethirtyeight","flying","frame","package_excluded","tier=mixed",""
"fivethirtyeight","food_world_cup","frame","package_excluded","tier=mixed",""
"fivethirtyeight","forecast_results_2018","frame","package_excluded","tier=mixed",""
"fivethirtyeight","foul_balls","frame","package_excluded","tier=mixed",""
"fivethirtyeight","generic_polllist","frame","package_excluded","tier=mixed",""
"fivethirtyeight","generic_topline","frame","package_excluded","tier=mixed",""
"fivethirtyeight","google_trends","frame","package_excluded","tier=mixed",""
"fivethirtyeight","governor_national_forecast","frame","package_excluded","tier=mixed",""
"fivethirtyeight","governor_state_forecast","frame","package_excluded","tier=mixed",""
"fivethirtyeight","hate_crimes","frame","package_excluded","tier=mixed",""
"fivethirtyeight","hiphop_cand_lyrics","frame","package_excluded","tier=mixed",""
"fivethirtyeight","hist_ncaa_bball_casts","frame","package_excluded","tier=mixed",""
"fivethirtyeight","hist_senate_preds","frame","package_excluded","tier=mixed",""
"fivethirtyeight","house_national_forecast","frame","package_excluded","tier=mixed",""
"fivethirtyeight","impeachment_polls","frame","package_excluded","tier=mixed",""
"fivethirtyeight","librarians","frame","package_excluded","tier=mixed",""
"fivethirtyeight","love_actually_adj","frame","package_excluded","tier=mixed",""
"fivethirtyeight","love_actually_appearance","frame","package_excluded","tier=mixed",""
"fivethirtyeight","mad_men","frame","package_excluded","tier=mixed",""
"fivethirtyeight","male_flight_attend","frame","package_excluded","tier=mixed",""
"fivethirtyeight","masculinity_survey","frame","package_excluded","tier=mixed",""
"fivethirtyeight","media_mentions_cable","frame","package_excluded","tier=mixed",""
"fivethirtyeight","media_mentions_online","frame","package_excluded","tier=mixed",""
"fivethirtyeight","mediacloud_hurricanes","frame","package_excluded","tier=mixed",""
"fivethirtyeight","mediacloud_online_news","frame","package_excluded","tier=mixed",""
"fivethirtyeight","mediacloud_states","frame","package_excluded","tier=mixed",""
"fivethirtyeight","mediacloud_trump","frame","package_excluded","tier=mixed",""
"fivethirtyeight","mlb_as_play_talent","frame","package_excluded","tier=mixed",""
"fivethirtyeight","mlb_as_team_talent","frame","package_excluded","tier=mixed",""
"fivethirtyeight","mueller_approval_polls","frame","package_excluded","tier=mixed",""
"fivethirtyeight","murder_2015_final","frame","package_excluded","tier=mixed",""
"fivethirtyeight","murder_2016_prelim","frame","package_excluded","tier=mixed",""
"fivethirtyeight","nba_draft_2015","frame","package_excluded","tier=mixed",""
"fivethirtyeight","nba_draymond","frame","package_excluded","tier=mixed",""
"fivethirtyeight","nba_elo_latest","frame","package_excluded","tier=mixed",""
"fivethirtyeight","nba_tattoos","frame","package_excluded","tier=mixed",""
"fivethirtyeight","ncaa_w_bball_tourney","frame","package_excluded","tier=mixed",""
"fivethirtyeight","nfl_fandom_google","frame","package_excluded","tier=mixed",""
"fivethirtyeight","nfl_fandom_surveymonkey","frame","package_excluded","tier=mixed",""
"fivethirtyeight","nfl_fav_team","frame","package_excluded","tier=mixed",""
"fivethirtyeight","nfl_suspensions","frame","package_excluded","tier=mixed",""
"fivethirtyeight","nfltix_div_avgprice","frame","package_excluded","tier=mixed",""
"fivethirtyeight","nfltix_usa_avg","frame","package_excluded","tier=mixed",""
"fivethirtyeight","nflwr_aging_curve","frame","package_excluded","tier=mixed",""
"fivethirtyeight","nflwr_hist","frame","package_excluded","tier=mixed",""
"fivethirtyeight","nutrition_pvalues","frame","package_excluded","tier=mixed",""
"fivethirtyeight","partisan_lean_district","frame","package_excluded","tier=mixed",""
"fivethirtyeight","partisan_lean_state","frame","package_excluded","tier=mixed",""
"fivethirtyeight","police_deaths","frame","package_excluded","tier=mixed",""
"fivethirtyeight","police_killings","frame","package_excluded","tier=mixed",""
"fivethirtyeight","police_locals","frame","package_excluded","tier=mixed",""
"fivethirtyeight","pres_2016_trail","frame","package_excluded","tier=mixed",""
"fivethirtyeight","pres_commencement","frame","package_excluded","tier=mixed",""
"fivethirtyeight","pulitzer","frame","package_excluded","tier=mixed",""
"fivethirtyeight","riddler_castles","frame","package_excluded","tier=mixed",""
"fivethirtyeight","riddler_castles2","frame","package_excluded","tier=mixed",""
"fivethirtyeight","riddler_pick_lowest","frame","package_excluded","tier=mixed",""
"fivethirtyeight","russia_investigation","frame","package_excluded","tier=mixed",""
"fivethirtyeight","san_andreas","frame","package_excluded","tier=mixed",""
"fivethirtyeight","sandy_311","frame","package_excluded","tier=mixed",""
"fivethirtyeight","senate_national_forecast","frame","package_excluded","tier=mixed",""
"fivethirtyeight","senate_polls","frame","package_excluded","tier=mixed",""
"fivethirtyeight","senate_seat_forecast","frame","package_excluded","tier=mixed",""
"fivethirtyeight","spi_global_rankings","frame","package_excluded","tier=mixed",""
"fivethirtyeight","state_index","frame","package_excluded","tier=mixed",""
"fivethirtyeight","state_info","frame","package_excluded","tier=mixed",""
"fivethirtyeight","state_words","frame","package_excluded","tier=mixed",""
"fivethirtyeight","steak_survey","frame","package_excluded","tier=mixed",""
"fivethirtyeight","tarantino","frame","package_excluded","tier=mixed",""
"fivethirtyeight","tennis_events_time","frame","package_excluded","tier=mixed",""
"fivethirtyeight","tennis_players_time","frame","package_excluded","tier=mixed",""
"fivethirtyeight","tennis_serve_time","frame","package_excluded","tier=mixed",""
"fivethirtyeight","tenth_circuit","frame","package_excluded","tier=mixed",""
"fivethirtyeight","trump_approval_poll","frame","package_excluded","tier=mixed",""
"fivethirtyeight","trump_approval_trend","frame","package_excluded","tier=mixed",""
"fivethirtyeight","trump_lawsuits","frame","package_excluded","tier=mixed",""
"fivethirtyeight","trump_news","frame","package_excluded","tier=mixed",""
"fivethirtyeight","trump_twitter","frame","package_excluded","tier=mixed",""
"fivethirtyeight","trumpworld_issues","frame","package_excluded","tier=mixed",""
"fivethirtyeight","trumpworld_polls","frame","package_excluded","tier=mixed",""
"fivethirtyeight","tv_hurricanes","frame","package_excluded","tier=mixed",""
"fivethirtyeight","tv_hurricanes_by_network","frame","package_excluded","tier=mixed",""
"fivethirtyeight","tv_states","frame","package_excluded","tier=mixed",""
"fivethirtyeight","undefeated","frame","package_excluded","tier=mixed",""
"fivethirtyeight","unisex_names","frame","package_excluded","tier=mixed",""
"fivethirtyeight","weather_check","frame","package_excluded","tier=mixed",""
"fivethirtyeight","wwc_2019_forecasts","frame","package_excluded","tier=mixed",""
"fivethirtyeight","wwc_2019_matches","frame","package_excluded","tier=mixed",""
"folio","arnold1949","frame","package_excluded","tier=exclude",""
"folio","birds","frame","package_excluded","tier=exclude",""
"folio","boves","frame","package_excluded","tier=exclude",""
"folio","bronze","frame","package_excluded","tier=exclude",""
"folio","chevelon","frame","package_excluded","tier=exclude",""
"folio","cities","frame","package_excluded","tier=exclude",""
"folio","compiegne","frame","package_excluded","tier=exclude",""
"folio","epica2008","frame","package_excluded","tier=exclude",""
"folio","inrap","frame","package_excluded","tier=exclude",""
"folio","intcal09","frame","package_excluded","tier=exclude",""
"folio","intcal13","frame","package_excluded","tier=exclude",""
"folio","intcal20","frame","package_excluded","tier=exclude",""
"folio","kommos","frame","package_excluded","tier=exclude",""
"folio","law2006","frame","package_excluded","tier=exclude",""
"folio","lisiecki2005","frame","package_excluded","tier=exclude",""
"folio","loire","frame","package_excluded","tier=exclude",""
"folio","merzbach","frame","package_excluded","tier=exclude",""
"folio","mississippi","frame","package_excluded","tier=exclude",""
"folio","munsingen","frame","package_excluded","tier=exclude",""
"folio","ngrip2004","frame","package_excluded","tier=exclude",""
"folio","ngrip2010","frame","package_excluded","tier=exclude",""
"folio","nydal1996","frame","package_excluded","tier=exclude",""
"folio","shipwrecks","frame","package_excluded","tier=exclude",""
"folio","spratt2016","frame","package_excluded","tier=exclude",""
"folio","stratigraphy","frame","package_excluded","tier=exclude",""
"folio","vegetation","frame","package_excluded","tier=exclude",""
"folio","verre","frame","package_excluded","tier=exclude",""
"folio","zuni","frame","package_excluded","tier=exclude",""
"forecast","gas","frame","package_excluded","tier=mixed",""
"forecast","gold","frame","package_excluded","tier=mixed",""
"forecast","taylor","frame","package_excluded","tier=mixed",""
"forecast","wineind","frame","package_excluded","tier=mixed",""
"forecast","woolyrnq","frame","package_excluded","tier=mixed",""
"fpp2","a10","frame","package_excluded","tier=mixed",""
"fpp2","arrivals","frame","package_excluded","tier=mixed",""
"fpp2","ausair","frame","package_excluded","tier=mixed",""
"fpp2","ausbeer","frame","package_excluded","tier=mixed",""
"fpp2","auscafe","frame","package_excluded","tier=mixed",""
"fpp2","austa","frame","package_excluded","tier=mixed",""
"fpp2","austourists","frame","package_excluded","tier=mixed",""
"fpp2","calls","frame","package_excluded","tier=mixed",""
"fpp2","debitcards","frame","package_excluded","tier=mixed",""
"fpp2","departures","frame","package_excluded","tier=mixed",""
"fpp2","elecdaily","frame","package_excluded","tier=mixed",""
"fpp2","elecdemand","frame","package_excluded","tier=mixed",""
"fpp2","elecequip","frame","package_excluded","tier=mixed",""
"fpp2","elecsales","frame","package_excluded","tier=mixed",""
"fpp2","euretail","frame","package_excluded","tier=mixed",""
"fpp2","gasoline","frame","package_excluded","tier=mixed",""
"fpp2","goog","frame","package_excluded","tier=mixed",""
"fpp2","goog200","frame","package_excluded","tier=mixed",""
"fpp2","guinearice","frame","package_excluded","tier=mixed",""
"fpp2","h02","frame","package_excluded","tier=mixed",""
"fpp2","hyndsight","frame","package_excluded","tier=mixed",""
"fpp2","insurance","frame","package_excluded","tier=mixed",""
"fpp2","livestock","frame","package_excluded","tier=mixed",""
"fpp2","marathon","frame","package_excluded","tier=mixed",""
"fpp2","maxtemp","frame","package_excluded","tier=mixed",""
"fpp2","melsyd","frame","package_excluded","tier=mixed",""
"fpp2","mens400","frame","package_excluded","tier=mixed",""
"fpp2","oil","frame","package_excluded","tier=mixed",""
"fpp2","prison","frame","package_excluded","tier=mixed",""
"fpp2","prisonLF","frame","package_excluded","tier=mixed",""
"fpp2","qauselec","frame","package_excluded","tier=mixed",""
"fpp2","qcement","frame","package_excluded","tier=mixed",""
"fpp2","qgas","frame","package_excluded","tier=mixed",""
"fpp2","sunspotarea","frame","package_excluded","tier=mixed",""
"fpp2","uschange","frame","package_excluded","tier=mixed",""
"fpp2","usmelec","frame","package_excluded","tier=mixed",""
"fpp2","visnights","frame","package_excluded","tier=mixed",""
"fpp2","wmurders","frame","package_excluded","tier=mixed",""
"fpp3","aus_accommodation","frame","package_excluded","tier=mixed",""
"fpp3","aus_airpassengers","frame","package_excluded","tier=mixed",""
"fpp3","aus_arrivals","frame","package_excluded","tier=mixed",""
"fpp3","aus_births","frame","package_excluded","tier=mixed",""
"fpp3","aus_fertility","frame","package_excluded","tier=mixed",""
"fpp3","aus_inbound","frame","package_excluded","tier=mixed",""
"fpp3","aus_migration","frame","package_excluded","tier=mixed",""
"fpp3","aus_mortality","frame","package_excluded","tier=mixed",""
"fpp3","aus_outbound","frame","package_excluded","tier=mixed",""
"fpp3","aus_tobacco","frame","package_excluded","tier=mixed",""
"fpp3","aus_vehicle_sales","frame","package_excluded","tier=mixed",""
"fpp3","bank_calls","frame","package_excluded","tier=mixed",""
"fpp3","boston_marathon","frame","package_excluded","tier=mixed",""
"fpp3","canadian_gas","frame","package_excluded","tier=mixed",""
"fpp3","guinea_rice","frame","package_excluded","tier=mixed",""
"fpp3","insurance","frame","package_excluded","tier=mixed",""
"fpp3","melb_walkers","frame","package_excluded","tier=mixed",""
"fpp3","nsw_offences","frame","package_excluded","tier=mixed",""
"fpp3","ny_childcare","frame","package_excluded","tier=mixed",""
"fpp3","otexts_views","frame","package_excluded","tier=mixed",""
"fpp3","prices","frame","package_excluded","tier=mixed",""
"fpp3","souvenirs","frame","package_excluded","tier=mixed",""
"fpp3","us_change","frame","package_excluded","tier=mixed",""
"fpp3","us_employment","frame","package_excluded","tier=mixed",""
"fpp3","us_gasoline","frame","package_excluded","tier=mixed",""
"gap","hg18","frame","package_excluded","tier=exclude",""
"gap","hg19","frame","package_excluded","tier=exclude",""
"gap","hg38","frame","package_excluded","tier=exclude",""
"gapminder","continent_colors","frame","index_rows_lt_min","Rows=5",""
"gapminder","country_codes","frame","index_p_model_lt_min","p_model=1",""
"gapminder","country_colors","frame","index_p_model_lt_min","p_model=0",""
"geepack","dietox","frame","package_excluded","tier=mixed",""
"geepack","koch","frame","package_excluded","tier=mixed",""
"geepack","muscatine","frame","package_excluded","tier=mixed",""
"geepack","ohio","frame","package_excluded","tier=mixed",""
"geepack","respdis","frame","package_excluded","tier=mixed",""
"geepack","respiratory","frame","package_excluded","tier=mixed",""
"geepack","seizure","frame","package_excluded","tier=mixed",""
"geepack","sitka89","frame","package_excluded","tier=mixed",""
"geepack","spruce","frame","package_excluded","tier=mixed",""
"generalCorr","EuroCrime","frame","package_excluded","tier=mixed",""
"generalCorr","badCol","frame","package_excluded","tier=mixed",""
"generalCorr","da","frame","package_excluded","tier=mixed",""
"generalCorr","da2Lag","frame","package_excluded","tier=mixed",""
"generalCorr","diff.e0","frame","package_excluded","tier=mixed",""
"generalCorr","dig","frame","package_excluded","tier=mixed",""
"generalCorr","e0","frame","package_excluded","tier=mixed",""
"generalCorr","gmc0","frame","package_excluded","tier=mixed",""
"generalCorr","gmc1","frame","package_excluded","tier=mixed",""
"generalCorr","goodCol","frame","package_excluded","tier=mixed",""
"generalCorr","i","frame","package_excluded","tier=mixed",""
"generalCorr","j","frame","package_excluded","tier=mixed",""
"generalCorr","min.e0","frame","package_excluded","tier=mixed",""
"generalCorr","mtx","frame","package_excluded","tier=mixed",""
"generalCorr","mtx0","frame","package_excluded","tier=mixed",""
"generalCorr","mtx2","frame","package_excluded","tier=mixed",""
"generalCorr","n","frame","package_excluded","tier=mixed",""
"generalCorr","nall","frame","package_excluded","tier=mixed",""
"generalCorr","nam.badCol","frame","package_excluded","tier=mixed",""
"generalCorr","nam.goodCol","frame","package_excluded","tier=mixed",""
"generalCorr","nam.mtx0","frame","package_excluded","tier=mixed",""
"generalCorr","out1","frame","package_excluded","tier=mixed",""
"generalCorr","p1","frame","package_excluded","tier=mixed",""
"generalCorr","rhs.lag2","frame","package_excluded","tier=mixed",""
"generalCorr","rhs1","frame","package_excluded","tier=mixed",""
"generalCorr","ridgek","frame","package_excluded","tier=mixed",""
"generalCorr","rij","frame","package_excluded","tier=mixed",""
"generalCorr","rijMrji","frame","package_excluded","tier=mixed",""
"generalCorr","rji","frame","package_excluded","tier=mixed",""
"generalCorr","rrij","frame","package_excluded","tier=mixed",""
"generalCorr","rrji","frame","package_excluded","tier=mixed",""
"generalCorr","sales2Lag","frame","package_excluded","tier=mixed",""
"generalCorr","salesLag","frame","package_excluded","tier=mixed",""
"generalCorr","seed","frame","package_excluded","tier=mixed",""
"generalCorr","sgn.e0","frame","package_excluded","tier=mixed",""
"generalCorr","sort.abse0","frame","package_excluded","tier=mixed",""
"generalCorr","sort.e0","frame","package_excluded","tier=mixed",""
"ggplot2","diamonds","frame","package_excluded","tier=mixed",""
"ggplot2","economics","frame","package_excluded","tier=mixed",""
"ggplot2","economics_long","frame","package_excluded","tier=mixed",""
"ggplot2","faithfuld","frame","package_excluded","tier=mixed",""
"ggplot2","luv_colours","frame","package_excluded","tier=mixed",""
"ggplot2","midwest","frame","package_excluded","tier=mixed",""
"ggplot2","mpg","frame","package_excluded","tier=mixed",""
"ggplot2","msleep","frame","package_excluded","tier=mixed",""
"ggplot2","presidential","frame","package_excluded","tier=mixed",""
"ggplot2","seals","frame","package_excluded","tier=mixed",""
"ggplot2","txhousing","frame","package_excluded","tier=mixed",""
"ggplot2movies","movies","frame","package_excluded","tier=exclude",""
"gt","constants","frame","package_excluded","tier=mixed",""
"gt","countrypops","frame","package_excluded","tier=mixed",""
"gt","exibble","frame","package_excluded","tier=mixed",""
"gt","films","frame","package_excluded","tier=mixed",""
"gt","gibraltar","frame","package_excluded","tier=mixed",""
"gt","gtcars","frame","package_excluded","tier=mixed",""
"gt","illness","frame","package_excluded","tier=mixed",""
"gt","metro","frame","package_excluded","tier=mixed",""
"gt","nuclides","frame","package_excluded","tier=mixed",""
"gt","peeps","frame","package_excluded","tier=mixed",""
"gt","photolysis","frame","package_excluded","tier=mixed",""
"gt","pizzaplace","frame","package_excluded","tier=mixed",""
"gt","reactions","frame","package_excluded","tier=mixed",""
"gt","rx_addv","frame","package_excluded","tier=mixed",""
"gt","rx_adsl","frame","package_excluded","tier=mixed",""
"gt","sp500","frame","package_excluded","tier=mixed",""
"gt","sza","frame","package_excluded","tier=mixed",""
"gt","towny","frame","package_excluded","tier=mixed",""
"heplots","AddHealth","frame","package_excluded","tier=mixed",""
"heplots","Adopted","frame","package_excluded","tier=mixed",""
"heplots","Bees","frame","package_excluded","tier=mixed",""
"heplots","Diabetes","frame","package_excluded","tier=mixed",""
"heplots","FootHead","frame","package_excluded","tier=mixed",""
"heplots","Headache","frame","package_excluded","tier=mixed",""
"heplots","Hernior","frame","package_excluded","tier=mixed",""
"heplots","Iwasaki_Big_Five","frame","package_excluded","tier=mixed",""
"heplots","MockJury","frame","package_excluded","tier=mixed",""
"heplots","NLSY","frame","package_excluded","tier=mixed",""
"heplots","NeuroCog","frame","package_excluded","tier=mixed",""
"heplots","Oslo","frame","package_excluded","tier=mixed",""
"heplots","Overdose","frame","package_excluded","tier=mixed",""
"heplots","Parenting","frame","package_excluded","tier=mixed",""
"heplots","Plastic","frame","package_excluded","tier=mixed",""
"heplots","Pottery2","frame","package_excluded","tier=mixed",""
"heplots","Probe1","frame","package_excluded","tier=mixed",""
"heplots","Probe2","frame","package_excluded","tier=mixed",""
"heplots","RatWeight","frame","package_excluded","tier=mixed",""
"heplots","ReactTime","frame","package_excluded","tier=mixed",""
"heplots","Rohwer","frame","package_excluded","tier=mixed",""
"heplots","RootStock","frame","package_excluded","tier=mixed",""
"heplots","Sake","frame","package_excluded","tier=mixed",""
"heplots","Skulls","frame","package_excluded","tier=mixed",""
"heplots","SocGrades","frame","package_excluded","tier=mixed",""
"heplots","SocialCog","frame","package_excluded","tier=mixed",""
"heplots","TIPI","frame","package_excluded","tier=mixed",""
"heplots","VocabGrowth","frame","package_excluded","tier=mixed",""
"heplots","WeightLoss","frame","package_excluded","tier=mixed",""
"heplots","dogfood","frame","package_excluded","tier=mixed",""
"heplots","mathscore","frame","package_excluded","tier=mixed",""
"heplots","oral","frame","package_excluded","tier=mixed",""
"heplots","peng","frame","package_excluded","tier=mixed",""
"heplots","schooldata","frame","package_excluded","tier=mixed",""
"heplots","schoolsites","frame","package_excluded","tier=mixed",""
"hwde","IndianIrish","frame","package_excluded","tier=exclude",""
"hwde","mendelABC","frame","package_excluded","tier=exclude",""
"insuranceData","AutoBi","frame","package_excluded","tier=mixed",""
"insuranceData","AutoClaims","frame","package_excluded","tier=mixed",""
"insuranceData","AutoCollision","frame","package_excluded","tier=mixed",""
"insuranceData","ClaimsLong","frame","package_excluded","tier=mixed",""
"insuranceData","IndustryAuto","frame","package_excluded","tier=mixed",""
"insuranceData","SingaporeAuto","frame","package_excluded","tier=mixed",""
"insuranceData","Thirdparty","frame","package_excluded","tier=mixed",""
"insuranceData","WorkersComp","frame","package_excluded","tier=mixed",""
"insuranceData","dataCar","frame","package_excluded","tier=mixed",""
"insuranceData","dataOhlsson","frame","package_excluded","tier=mixed",""
"ipsRdbs","beanie","frame","package_excluded","tier=mixed",""
"ipsRdbs","bill","frame","package_excluded","tier=mixed",""
"ipsRdbs","bodyfat","frame","package_excluded","tier=mixed",""
"ipsRdbs","bombhits","frame","package_excluded","tier=mixed",""
"ipsRdbs","cement","frame","package_excluded","tier=mixed",""
"ipsRdbs","cfail","frame","package_excluded","tier=mixed",""
"ipsRdbs","cheese","frame","package_excluded","tier=mixed",""
"ipsRdbs","emissions","frame","package_excluded","tier=mixed",""
"ipsRdbs","err_age","frame","package_excluded","tier=mixed",""
"ipsRdbs","ffood","frame","package_excluded","tier=mixed",""
"ipsRdbs","gasmileage","frame","package_excluded","tier=mixed",""
"ipsRdbs","possum","frame","package_excluded","tier=mixed",""
"ipsRdbs","puffin","frame","package_excluded","tier=mixed",""
"ipsRdbs","rice","frame","package_excluded","tier=mixed",""
"ipsRdbs","wgain","frame","package_excluded","tier=mixed",""
"itsadug","eeg","frame","package_excluded","exception: time-series (EEG) data only",""
"itsadug","simdat","frame","package_excluded","exception: time-series (EEG) data only",""
"lattice","USMortality","frame","package_excluded","tier=mixed",""
"lattice","USRegionalMortality","frame","package_excluded","tier=mixed",""
"lattice","barley","frame","package_excluded","tier=mixed",""
"lattice","environmental","frame","package_excluded","tier=mixed",""
"lattice","ethanol","frame","package_excluded","tier=mixed",""
"lattice","melanoma","frame","package_excluded","tier=mixed",""
"lattice","singer","frame","package_excluded","tier=mixed",""
"lme4","Arabidopsis","frame","package_excluded","tier=mixed",""
"lme4","Dyestuff","frame","package_excluded","tier=mixed",""
"lme4","Dyestuff2","frame","package_excluded","tier=mixed",""
"lme4","InstEval","frame","package_excluded","tier=mixed",""
"lme4","Pastes","frame","package_excluded","tier=mixed",""
"lme4","Penicillin","frame","package_excluded","tier=mixed",""
"lme4","VerbAgg","frame","package_excluded","tier=mixed",""
"lme4","cake","frame","package_excluded","tier=mixed",""
"lme4","cbpp","frame","package_excluded","tier=mixed",""
"lme4","cbpp2","frame","package_excluded","tier=mixed",""
"lme4","culcitalogreg","frame","package_excluded","tier=mixed",""
"lme4","culcitalvolume","frame","package_excluded","tier=mixed",""
"lme4","gopherdat2","frame","package_excluded","tier=mixed",""
"lme4","grouseticks","frame","package_excluded","tier=mixed",""
"lme4","grouseticks_agg (grouseticks)","frame","package_excluded","tier=mixed",""
"lme4","salamander","frame","package_excluded","tier=mixed",""
"lme4","schizophrenia","frame","package_excluded","tier=mixed",""
"lme4","sleepstudy","frame","package_excluded","tier=mixed",""
"lme4","toenail","frame","package_excluded","tier=mixed",""
"mediation","student","frame","description_keyword","word=hypothetical; Hypothetical student-level data",""
"medicaldata","blood_storage","frame","package_excluded","tier=exclude",""
"medicaldata","covid_testing","frame","package_excluded","tier=exclude",""
"medicaldata","cytomegalovirus","frame","package_excluded","tier=exclude",""
"medicaldata","esoph_ca","frame","package_excluded","tier=exclude",""
"medicaldata","indo_rct","frame","package_excluded","tier=exclude",""
"medicaldata","indometh","frame","package_excluded","tier=exclude",""
"medicaldata","laryngoscope","frame","package_excluded","tier=exclude",""
"medicaldata","licorice_gargle","frame","package_excluded","tier=exclude",""
"medicaldata","opt","frame","package_excluded","tier=exclude",""
"medicaldata","polyps","frame","package_excluded","tier=exclude",""
"medicaldata","scurvy","frame","package_excluded","tier=exclude",""
"medicaldata","smartpill","frame","package_excluded","tier=exclude",""
"medicaldata","strep_tb","frame","package_excluded","tier=exclude",""
"medicaldata","supraclavicular","frame","package_excluded","tier=exclude",""
"medicaldata","theoph","frame","package_excluded","tier=exclude",""
"mi","CHAIN","frame","package_excluded","tier=mixed",""
"mi","nlsyV","frame","package_excluded","tier=mixed",""
"mlmRev","Oxboys","frame","index_p_model_lt_min","p_model=2",""
"mlmRev","Socatt","frame","index_p_model_lt_min","p_model=2",""
"mlmRev","s3bby","frame","description_keyword","word=simulated; Responses simulated by Rodriguez and Goldman",""
"modeldata","Chicago","frame","package_excluded","tier=mixed",""
"modeldata","Sacramento","frame","package_excluded","tier=mixed",""
"modeldata","Smithsonian","frame","package_excluded","tier=mixed",""
"modeldata","ad_data","frame","package_excluded","tier=mixed",""
"modeldata","ames","frame","package_excluded","tier=mixed",""
"modeldata","attrition","frame","package_excluded","tier=mixed",""
"modeldata","biomass","frame","package_excluded","tier=mixed",""
"modeldata","bivariate_test (bivariate)","frame","package_excluded","tier=mixed",""
"modeldata","bivariate_train (bivariate)","frame","package_excluded","tier=mixed",""
"modeldata","bivariate_val (bivariate)","frame","package_excluded","tier=mixed",""
"modeldata","car_prices","frame","package_excluded","tier=mixed",""
"modeldata","cat_adoption","frame","package_excluded","tier=mixed",""
"modeldata","cells","frame","package_excluded","tier=mixed",""
"modeldata","check_times","frame","package_excluded","tier=mixed",""
"modeldata","chem_proc_yield","frame","package_excluded","tier=mixed",""
"modeldata","concrete","frame","package_excluded","tier=mixed",""
"modeldata","covers","frame","package_excluded","tier=mixed",""
"modeldata","credit_data","frame","package_excluded","tier=mixed",""
"modeldata","crickets","frame","package_excluded","tier=mixed",""
"modeldata","deliveries","frame","package_excluded","tier=mixed",""
"modeldata","drinks","frame","package_excluded","tier=mixed",""
"modeldata","grants_2008 (grants)","frame","package_excluded","tier=mixed",""
"modeldata","grants_other (grants)","frame","package_excluded","tier=mixed",""
"modeldata","grants_test (grants)","frame","package_excluded","tier=mixed",""
"modeldata","hepatic_injury_qsar","frame","package_excluded","tier=mixed",""
"modeldata","hotel_rates","frame","package_excluded","tier=mixed",""
"modeldata","hpc_cv","frame","package_excluded","tier=mixed",""
"modeldata","hpc_data","frame","package_excluded","tier=mixed",""
"modeldata","ischemic_stroke","frame","package_excluded","tier=mixed",""
"modeldata","leaf_id_flavia","frame","package_excluded","tier=mixed",""
"modeldata","lending_club","frame","package_excluded","tier=mixed",""
"modeldata","meats","frame","package_excluded","tier=mixed",""
"modeldata","mlc_churn","frame","package_excluded","tier=mixed",""
"modeldata","oils","frame","package_excluded","tier=mixed",""
"modeldata","parabolic","frame","package_excluded","tier=mixed",""
"modeldata","pathology","frame","package_excluded","tier=mixed",""
"modeldata","pd_speech","frame","package_excluded","tier=mixed",""
"modeldata","penguins","frame","package_excluded","tier=mixed",""
"modeldata","permeability_qsar","frame","package_excluded","tier=mixed",""
"modeldata","scat","frame","package_excluded","tier=mixed",""
"modeldata","solubility_test","frame","package_excluded","tier=mixed",""
"modeldata","stackoverflow","frame","package_excluded","tier=mixed",""
"modeldata","stations (Chicago)","frame","package_excluded","tier=mixed",""
"modeldata","steroidogenic_toxicity","frame","package_excluded","tier=mixed",""
"modeldata","tate_text","frame","package_excluded","tier=mixed",""
"modeldata","taxi","frame","package_excluded","tier=mixed",""
"modeldata","testing_data (small_fine_foods)","frame","package_excluded","tier=mixed",""
"modeldata","training_data (small_fine_foods)","frame","package_excluded","tier=mixed",""
"modeldata","two_class_dat","frame","package_excluded","tier=mixed",""
"modeldata","two_class_example","frame","package_excluded","tier=mixed",""
"modeldata","wa_churn","frame","package_excluded","tier=mixed",""
"mosaicData","Alcohol","frame","package_excluded","tier=mixed",""
"mosaicData","Birthdays","frame","package_excluded","tier=mixed",""
"mosaicData","Births","frame","package_excluded","tier=mixed",""
"mosaicData","Births2015","frame","package_excluded","tier=mixed",""
"mosaicData","Births78","frame","package_excluded","tier=mixed",""
"mosaicData","BirthsCDC","frame","package_excluded","tier=mixed",""
"mosaicData","BirthsSSA","frame","package_excluded","tier=mixed",""
"mosaicData","CPS85","frame","package_excluded","tier=mixed",""
"mosaicData","Cards","frame","package_excluded","tier=mixed",""
"mosaicData","CoolingWater","frame","package_excluded","tier=mixed",""
"mosaicData","Countries","frame","package_excluded","tier=mixed",""
"mosaicData","Dimes","frame","package_excluded","tier=mixed",""
"mosaicData","Galton","frame","package_excluded","tier=mixed",""
"mosaicData","Gestation","frame","package_excluded","tier=mixed",""
"mosaicData","GoosePermits","frame","package_excluded","tier=mixed",""
"mosaicData","HELPfull","frame","package_excluded","tier=mixed",""
"mosaicData","HELPmiss","frame","package_excluded","tier=mixed",""
"mosaicData","HELPrct","frame","package_excluded","tier=mixed",""
"mosaicData","HeatX","frame","package_excluded","tier=mixed",""
"mosaicData","KidsFeet","frame","package_excluded","tier=mixed",""
"mosaicData","Marriage","frame","package_excluded","tier=mixed",""
"mosaicData","Mites","frame","package_excluded","tier=mixed",""
"mosaicData","RailTrail","frame","package_excluded","tier=mixed",""
"mosaicData","Riders","frame","package_excluded","tier=mixed",""
"mosaicData","SAT","frame","package_excluded","tier=mixed",""
"mosaicData","SaratogaHouses","frame","package_excluded","tier=mixed",""
"mosaicData","SnowGR","frame","package_excluded","tier=mixed",""
"mosaicData","SwimRecords","frame","package_excluded","tier=mixed",""
"mosaicData","TenMileRace","frame","package_excluded","tier=mixed",""
"mosaicData","Utilities","frame","package_excluded","tier=mixed",""
"mosaicData","Utilities2","frame","package_excluded","tier=mixed",""
"mosaicData","Weather","frame","package_excluded","tier=mixed",""
"mosaicData","Whickham","frame","package_excluded","tier=mixed",""
"mstate","aidssi","frame","package_excluded","tier=exclude",""
"mstate","aidssi2","frame","package_excluded","tier=exclude",""
"mstate","bmt","frame","package_excluded","tier=exclude",""
"mstate","ebmt1","frame","package_excluded","tier=exclude",""
"mstate","ebmt2","frame","package_excluded","tier=exclude",""
"mstate","ebmt3","frame","package_excluded","tier=exclude",""
"mstate","ebmt4","frame","package_excluded","tier=exclude",""
"mstate","prothr","frame","package_excluded","tier=exclude",""
"multgee","arthritis","frame","package_excluded","tier=mixed",""
"multgee","housing","frame","package_excluded","tier=mixed",""
"nlme","Alfalfa","frame","package_excluded","tier=mixed",""
"nlme","Assay","frame","package_excluded","tier=mixed",""
"nlme","BodyWeight","frame","package_excluded","tier=mixed",""
"nlme","Cefamandole","frame","package_excluded","tier=mixed",""
"nlme","Dialyzer","frame","package_excluded","tier=mixed",""
"nlme","Earthquake","frame","package_excluded","tier=mixed",""
"nlme","Fatigue","frame","package_excluded","tier=mixed",""
"nlme","Gasoline","frame","package_excluded","tier=mixed",""
"nlme","Glucose","frame","package_excluded","tier=mixed",""
"nlme","Glucose2","frame","package_excluded","tier=mixed",""
"nlme","Gun","frame","package_excluded","tier=mixed",""
"nlme","IGF","frame","package_excluded","tier=mixed",""
"nlme","Machines","frame","package_excluded","tier=mixed",""
"nlme","MathAchSchool","frame","package_excluded","tier=mixed",""
"nlme","MathAchieve","frame","package_excluded","tier=mixed",""
"nlme","Meat","frame","package_excluded","tier=mixed",""
"nlme","Milk","frame","package_excluded","tier=mixed",""
"nlme","Muscle","frame","package_excluded","tier=mixed",""
"nlme","Nitrendipene","frame","package_excluded","tier=mixed",""
"nlme","Oats","frame","package_excluded","tier=mixed",""
"nlme","Orthodont","frame","package_excluded","tier=mixed",""
"nlme","Ovary","frame","package_excluded","tier=mixed",""
"nlme","Oxboys","frame","package_excluded","tier=mixed",""
"nlme","Oxide","frame","package_excluded","tier=mixed",""
"nlme","PBG","frame","package_excluded","tier=mixed",""
"nlme","Phenobarb","frame","package_excluded","tier=mixed",""
"nlme","Pixel","frame","package_excluded","tier=mixed",""
"nlme","Quinidine","frame","package_excluded","tier=mixed",""
"nlme","Rail","frame","package_excluded","tier=mixed",""
"nlme","RatPupWeight","frame","package_excluded","tier=mixed",""
"nlme","Relaxin","frame","package_excluded","tier=mixed",""
"nlme","Remifentanil","frame","package_excluded","tier=mixed",""
"nlme","Soybean","frame","package_excluded","tier=mixed",""
"nlme","Spruce","frame","package_excluded","tier=mixed",""
"nlme","Tetracycline1","frame","package_excluded","tier=mixed",""
"nlme","Tetracycline2","frame","package_excluded","tier=mixed",""
"nlme","Wafer","frame","package_excluded","tier=mixed",""
"nlme","Wheat","frame","package_excluded","tier=mixed",""
"nlme","Wheat2","frame","package_excluded","tier=mixed",""
"nlme","bdf","frame","package_excluded","tier=mixed",""
"nlme","ergoStool","frame","package_excluded","tier=mixed",""
"np","Engel95","frame","package_excluded","tier=mixed",""
"np","Italy","frame","package_excluded","tier=mixed",""
"np","cps71","frame","package_excluded","tier=mixed",""
"np","oecdpanel","frame","package_excluded","tier=mixed",""
"np","wage1","frame","package_excluded","tier=mixed",""
"nycflights13","airlines","frame","package_excluded","tier=exclude",""
"nycflights13","airports","frame","package_excluded","tier=exclude",""
"nycflights13","flights","frame","package_excluded","tier=exclude",""
"nycflights13","planes","frame","package_excluded","tier=exclude",""
"nycflights13","weather","frame","package_excluded","tier=exclude",""
"openintro","COL","frame","package_excluded","tier=mixed",""
"openintro","IMSCOL","frame","package_excluded","tier=mixed",""
"openintro","LAhomes","frame","package_excluded","tier=mixed",""
"openintro","absenteeism","frame","package_excluded","tier=mixed",""
"openintro","acs12","frame","package_excluded","tier=mixed",""
"openintro","age_at_mar","frame","package_excluded","tier=mixed",""
"openintro","ames","frame","package_excluded","tier=mixed",""
"openintro","ami_occurrences","frame","package_excluded","tier=mixed",""
"openintro","antibiotics","frame","package_excluded","tier=mixed",""
"openintro","arbuthnot","frame","package_excluded","tier=mixed",""
"openintro","ask","frame","package_excluded","tier=mixed",""
"openintro","association","frame","package_excluded","tier=mixed",""
"openintro","assortative_mating","frame","package_excluded","tier=mixed",""
"openintro","assortive_mating","frame","package_excluded","tier=mixed",""
"openintro","avandia","frame","package_excluded","tier=mixed",""
"openintro","babies","frame","package_excluded","tier=mixed",""
"openintro","babies_crawl","frame","package_excluded","tier=mixed",""
"openintro","bac","frame","package_excluded","tier=mixed",""
"openintro","ball_bearing","frame","package_excluded","tier=mixed",""
"openintro","bdims","frame","package_excluded","tier=mixed",""
"openintro","biontech_adolescents","frame","package_excluded","tier=mixed",""
"openintro","birds","frame","package_excluded","tier=mixed",""
"openintro","births","frame","package_excluded","tier=mixed",""
"openintro","births14","frame","package_excluded","tier=mixed",""
"openintro","blizzard_salary","frame","package_excluded","tier=mixed",""
"openintro","books","frame","package_excluded","tier=mixed",""
"openintro","burger","frame","package_excluded","tier=mixed",""
"openintro","cancer_in_dogs","frame","package_excluded","tier=mixed",""
"openintro","cards","frame","package_excluded","tier=mixed",""
"openintro","cars04","frame","package_excluded","tier=mixed",""
"openintro","cars93","frame","package_excluded","tier=mixed",""
"openintro","cchousing","frame","package_excluded","tier=mixed",""
"openintro","census","frame","package_excluded","tier=mixed",""
"openintro","cherry","frame","package_excluded","tier=mixed",""
"openintro","china","frame","package_excluded","tier=mixed",""
"openintro","cia_factbook","frame","package_excluded","tier=mixed",""
"openintro","classdata","frame","package_excluded","tier=mixed",""
"openintro","cle_sac","frame","package_excluded","tier=mixed",""
"openintro","climate70","frame","package_excluded","tier=mixed",""
"openintro","climber_drugs","frame","package_excluded","tier=mixed",""
"openintro","coast_starlight","frame","package_excluded","tier=mixed",""
"openintro","comics","frame","package_excluded","tier=mixed",""
"openintro","corr_match","frame","package_excluded","tier=mixed",""
"openintro","country_iso","frame","package_excluded","tier=mixed",""
"openintro","cpr","frame","package_excluded","tier=mixed",""
"openintro","cpu","frame","package_excluded","tier=mixed",""
"openintro","credits","frame","package_excluded","tier=mixed",""
"openintro","daycare_fines","frame","package_excluded","tier=mixed",""
"openintro","diabetes2","frame","package_excluded","tier=mixed",""
"openintro","dream","frame","package_excluded","tier=mixed",""
"openintro","drone_blades","frame","package_excluded","tier=mixed",""
"openintro","drug_use","frame","package_excluded","tier=mixed",""
"openintro","duke_forest","frame","package_excluded","tier=mixed",""
"openintro","earthquakes","frame","package_excluded","tier=mixed",""
"openintro","ebola_survey","frame","package_excluded","tier=mixed",""
"openintro","elmhurst","frame","package_excluded","tier=mixed",""
"openintro","email","frame","package_excluded","tier=mixed",""
"openintro","email50","frame","package_excluded","tier=mixed",""
"openintro","email_test","frame","package_excluded","tier=mixed",""
"openintro","env_regulation","frame","package_excluded","tier=mixed",""
"openintro","epa2012","frame","package_excluded","tier=mixed",""
"openintro","epa2021","frame","package_excluded","tier=mixed",""
"openintro","esi","frame","package_excluded","tier=mixed",""
"openintro","ethanol","frame","package_excluded","tier=mixed",""
"openintro","evals","frame","package_excluded","tier=mixed",""
"openintro","exam_grades","frame","package_excluded","tier=mixed",""
"openintro","exams","frame","package_excluded","tier=mixed",""
"openintro","exclusive_relationship","frame","package_excluded","tier=mixed",""
"openintro","fact_opinion","frame","package_excluded","tier=mixed",""
"openintro","family_college","frame","package_excluded","tier=mixed",""
"openintro","fastfood","frame","package_excluded","tier=mixed",""
"openintro","fcid","frame","package_excluded","tier=mixed",""
"openintro","fheights","frame","package_excluded","tier=mixed",""
"openintro","fish_age","frame","package_excluded","tier=mixed",""
"openintro","fish_oil_18","frame","package_excluded","tier=mixed",""
"openintro","flow_rates","frame","package_excluded","tier=mixed",""
"openintro","friday","frame","package_excluded","tier=mixed",""
"openintro","full_body_scan","frame","package_excluded","tier=mixed",""
"openintro","gdp_countries","frame","package_excluded","tier=mixed",""
"openintro","gear_company","frame","package_excluded","tier=mixed",""
"openintro","gender_discrimination","frame","package_excluded","tier=mixed",""
"openintro","get_it_dunn_run","frame","package_excluded","tier=mixed",""
"openintro","gifted","frame","package_excluded","tier=mixed",""
"openintro","global_warming_pew","frame","package_excluded","tier=mixed",""
"openintro","goog","frame","package_excluded","tier=mixed",""
"openintro","gov_poll","frame","package_excluded","tier=mixed",""
"openintro","gpa","frame","package_excluded","tier=mixed",""
"openintro","gpa_iq","frame","package_excluded","tier=mixed",""
"openintro","gpa_study_hours","frame","package_excluded","tier=mixed",""
"openintro","gradestv","frame","package_excluded","tier=mixed",""
"openintro","gsearch","frame","package_excluded","tier=mixed",""
"openintro","gss2010","frame","package_excluded","tier=mixed",""
"openintro","gss_wordsum_class","frame","package_excluded","tier=mixed",""
"openintro","health_coverage","frame","package_excluded","tier=mixed",""
"openintro","healthcare_law_survey","frame","package_excluded","tier=mixed",""
"openintro","heart_transplant","frame","package_excluded","tier=mixed",""
"openintro","helium","frame","package_excluded","tier=mixed",""
"openintro","helmet","frame","package_excluded","tier=mixed",""
"openintro","hfi","frame","package_excluded","tier=mixed",""
"openintro","house","frame","package_excluded","tier=mixed",""
"openintro","housing","frame","package_excluded","tier=mixed",""
"openintro","hsb2","frame","package_excluded","tier=mixed",""
"openintro","husbands_wives","frame","package_excluded","tier=mixed",""
"openintro","immigration","frame","package_excluded","tier=mixed",""
"openintro","infmortrate","frame","package_excluded","tier=mixed",""
"openintro","iowa","frame","package_excluded","tier=mixed",""
"openintro","ipod","frame","package_excluded","tier=mixed",""
"openintro","iran","frame","package_excluded","tier=mixed",""
"openintro","jury","frame","package_excluded","tier=mixed",""
"openintro","kobe_basket","frame","package_excluded","tier=mixed",""
"openintro","labor_market_discrimination","frame","package_excluded","tier=mixed",""
"openintro","law_resume","frame","package_excluded","tier=mixed",""
"openintro","lecture_learning","frame","package_excluded","tier=mixed",""
"openintro","leg_mari","frame","package_excluded","tier=mixed",""
"openintro","lego_population","frame","package_excluded","tier=mixed",""
"openintro","lego_sample","frame","package_excluded","tier=mixed",""
"openintro","life_exp","frame","package_excluded","tier=mixed",""
"openintro","lizard_habitat","frame","package_excluded","tier=mixed",""
"openintro","lizard_run","frame","package_excluded","tier=mixed",""
"openintro","loan50","frame","package_excluded","tier=mixed",""
"openintro","loans_full_schema","frame","package_excluded","tier=mixed",""
"openintro","london_boroughs","frame","package_excluded","tier=mixed",""
"openintro","london_murders","frame","package_excluded","tier=mixed",""
"openintro","mail_me","frame","package_excluded","tier=mixed",""
"openintro","major_survey","frame","package_excluded","tier=mixed",""
"openintro","malaria","frame","package_excluded","tier=mixed",""
"openintro","male_heights","frame","package_excluded","tier=mixed",""
"openintro","male_heights_fcid","frame","package_excluded","tier=mixed",""
"openintro","mammals","frame","package_excluded","tier=mixed",""
"openintro","mammogram","frame","package_excluded","tier=mixed",""
"openintro","manhattan","frame","package_excluded","tier=mixed",""
"openintro","marathon","frame","package_excluded","tier=mixed",""
"openintro","mariokart","frame","package_excluded","tier=mixed",""
"openintro","mcu_films","frame","package_excluded","tier=mixed",""
"openintro","midterms_house","frame","package_excluded","tier=mixed",""
"openintro","migraine","frame","package_excluded","tier=mixed",""
"openintro","military","frame","package_excluded","tier=mixed",""
"openintro","mlb","frame","package_excluded","tier=mixed",""
"openintro","mlb_players_18","frame","package_excluded","tier=mixed",""
"openintro","mlb_teams","frame","package_excluded","tier=mixed",""
"openintro","mlbbat10","frame","package_excluded","tier=mixed",""
"openintro","mn_police_use_of_force","frame","package_excluded","tier=mixed",""
"openintro","movies","frame","package_excluded","tier=mixed",""
"openintro","mtl","frame","package_excluded","tier=mixed",""
"openintro","murders","frame","package_excluded","tier=mixed",""
"openintro","nba_finals","frame","package_excluded","tier=mixed",""
"openintro","nba_finals_teams","frame","package_excluded","tier=mixed",""
"openintro","nba_heights","frame","package_excluded","tier=mixed",""
"openintro","nba_players_19","frame","package_excluded","tier=mixed",""
"openintro","ncbirths","frame","package_excluded","tier=mixed",""
"openintro","nuclear_survey","frame","package_excluded","tier=mixed",""
"openintro","nyc","frame","package_excluded","tier=mixed",""
"openintro","nyc_marathon","frame","package_excluded","tier=mixed",""
"openintro","nycflights","frame","package_excluded","tier=mixed",""
"openintro","offshore_drilling","frame","package_excluded","tier=mixed",""
"openintro","openintro_colors","frame","package_excluded","tier=mixed",""
"openintro","opportunity_cost","frame","package_excluded","tier=mixed",""
"openintro","orings","frame","package_excluded","tier=mixed",""
"openintro","oscars","frame","package_excluded","tier=mixed",""
"openintro","outliers","frame","package_excluded","tier=mixed",""
"openintro","paralympic_1500","frame","package_excluded","tier=mixed",""
"openintro","penelope","frame","package_excluded","tier=mixed",""
"openintro","penetrating_oil","frame","package_excluded","tier=mixed",""
"openintro","penny_ages","frame","package_excluded","tier=mixed",""
"openintro","pew_energy_2018","frame","package_excluded","tier=mixed",""
"openintro","photo_classify","frame","package_excluded","tier=mixed",""
"openintro","piracy","frame","package_excluded","tier=mixed",""
"openintro","playing_cards","frame","package_excluded","tier=mixed",""
"openintro","pm25_2011_durham","frame","package_excluded","tier=mixed",""
"openintro","pm25_2022_durham","frame","package_excluded","tier=mixed",""
"openintro","poker","frame","package_excluded","tier=mixed",""
"openintro","possum","frame","package_excluded","tier=mixed",""
"openintro","ppp_201503","frame","package_excluded","tier=mixed",""
"openintro","present","frame","package_excluded","tier=mixed",""
"openintro","president","frame","package_excluded","tier=mixed",""
"openintro","prison","frame","package_excluded","tier=mixed",""
"openintro","prius_mpg","frame","package_excluded","tier=mixed",""
"openintro","race_justice","frame","package_excluded","tier=mixed",""
"openintro","reddit_finance","frame","package_excluded","tier=mixed",""
"openintro","res_demo_1","frame","package_excluded","tier=mixed",""
"openintro","res_demo_2","frame","package_excluded","tier=mixed",""
"openintro","resume","frame","package_excluded","tier=mixed",""
"openintro","rosling_responses","frame","package_excluded","tier=mixed",""
"openintro","russian_influence_on_us_election_2016","frame","package_excluded","tier=mixed",""
"openintro","sa_gdp_elec","frame","package_excluded","tier=mixed",""
"openintro","salinity","frame","package_excluded","tier=mixed",""
"openintro","sat_improve","frame","package_excluded","tier=mixed",""
"openintro","satgpa","frame","package_excluded","tier=mixed",""
"openintro","scotus_healthcare","frame","package_excluded","tier=mixed",""
"openintro","seattlepets","frame","package_excluded","tier=mixed",""
"openintro","sex_discrimination","frame","package_excluded","tier=mixed",""
"openintro","simpsons_paradox_covid","frame","package_excluded","tier=mixed",""
"openintro","simulated_normal","frame","package_excluded","tier=mixed",""
"openintro","simulated_scatter","frame","package_excluded","tier=mixed",""
"openintro","sinusitis","frame","package_excluded","tier=mixed",""
"openintro","sleep_deprivation","frame","package_excluded","tier=mixed",""
"openintro","smallpox","frame","package_excluded","tier=mixed",""
"openintro","smoking","frame","package_excluded","tier=mixed",""
"openintro","snowfall","frame","package_excluded","tier=mixed",""
"openintro","socialexp","frame","package_excluded","tier=mixed",""
"openintro","soda","frame","package_excluded","tier=mixed",""
"openintro","solar","frame","package_excluded","tier=mixed",""
"openintro","sowc_child_mortality","frame","package_excluded","tier=mixed",""
"openintro","sowc_demographics","frame","package_excluded","tier=mixed",""
"openintro","sowc_maternal_newborn","frame","package_excluded","tier=mixed",""
"openintro","sp500","frame","package_excluded","tier=mixed",""
"openintro","sp500_1950_2018","frame","package_excluded","tier=mixed",""
"openintro","sp500_seq","frame","package_excluded","tier=mixed",""
"openintro","speed_gender_height","frame","package_excluded","tier=mixed",""
"openintro","ssd_speed","frame","package_excluded","tier=mixed",""
"openintro","starbucks","frame","package_excluded","tier=mixed",""
"openintro","stats_scores","frame","package_excluded","tier=mixed",""
"openintro","stem_cell","frame","package_excluded","tier=mixed",""
"openintro","stent30","frame","package_excluded","tier=mixed",""
"openintro","stent365","frame","package_excluded","tier=mixed",""
"openintro","stocks_18","frame","package_excluded","tier=mixed",""
"openintro","student_housing","frame","package_excluded","tier=mixed",""
"openintro","student_sleep","frame","package_excluded","tier=mixed",""
"openintro","sulphinpyrazone","frame","package_excluded","tier=mixed",""
"openintro","supreme_court","frame","package_excluded","tier=mixed",""
"openintro","teacher","frame","package_excluded","tier=mixed",""
"openintro","textbooks","frame","package_excluded","tier=mixed",""
"openintro","thanksgiving_spend","frame","package_excluded","tier=mixed",""
"openintro","tips","frame","package_excluded","tier=mixed",""
"openintro","toohey","frame","package_excluded","tier=mixed",""
"openintro","tourism","frame","package_excluded","tier=mixed",""
"openintro","toy_anova","frame","package_excluded","tier=mixed",""
"openintro","transplant","frame","package_excluded","tier=mixed",""
"openintro","twins","frame","package_excluded","tier=mixed",""
"openintro","ucb_admit","frame","package_excluded","tier=mixed",""
"openintro","ucla_f18","frame","package_excluded","tier=mixed",""
"openintro","ucla_textbooks_f18","frame","package_excluded","tier=mixed",""
"openintro","ukdemo","frame","package_excluded","tier=mixed",""
"openintro","unempl","frame","package_excluded","tier=mixed",""
"openintro","unemploy_pres","frame","package_excluded","tier=mixed",""
"openintro","us_temperature","frame","package_excluded","tier=mixed",""
"openintro","winery_cars","frame","package_excluded","tier=mixed",""
"openintro","world_pop","frame","package_excluded","tier=mixed",""
"openintro","xom","frame","package_excluded","tier=mixed",""
"openintro","yawn","frame","package_excluded","tier=mixed",""
"openintro","yrbss","frame","package_excluded","tier=mixed",""
"openintro","yrbss_samp","frame","package_excluded","tier=mixed",""
"ordinal","income","frame","package_excluded","tier=mixed",""
"ordinal","soup","frame","package_excluded","tier=mixed",""
"ordinal","wine","frame","package_excluded","tier=mixed",""
"palmerpenguins","penguins","frame","package_excluded","tier=exclude",""
"palmerpenguins","penguins_raw (penguins)","frame","package_excluded","tier=exclude",""
"pharmaverseadam","adab","frame","package_excluded","tier=exclude",""
"pharmaverseadam","adae","frame","package_excluded","tier=exclude",""
"pharmaverseadam","adapet_neuro","frame","package_excluded","tier=exclude",""
"pharmaverseadam","adbcva_ophtha","frame","package_excluded","tier=exclude",""
"pharmaverseadam","adce_vaccine","frame","package_excluded","tier=exclude",""
"pharmaverseadam","adcm","frame","package_excluded","tier=exclude",""
"pharmaverseadam","adcoeq_metabolic","frame","package_excluded","tier=exclude",""
"pharmaverseadam","adeg","frame","package_excluded","tier=exclude",""
"pharmaverseadam","adex","frame","package_excluded","tier=exclude",""
"pharmaverseadam","adface_vaccine","frame","package_excluded","tier=exclude",""
"pharmaverseadam","adis_vaccine","frame","package_excluded","tier=exclude",""
"pharmaverseadam","adlb","frame","package_excluded","tier=exclude",""
"pharmaverseadam","adlb_metabolic","frame","package_excluded","tier=exclude",""
"pharmaverseadam","adlbhy","frame","package_excluded","tier=exclude",""
"pharmaverseadam","admh","frame","package_excluded","tier=exclude",""
"pharmaverseadam","adnv_neuro","frame","package_excluded","tier=exclude",""
"pharmaverseadam","adoe_ophtha","frame","package_excluded","tier=exclude",""
"pharmaverseadam","adpc","frame","package_excluded","tier=exclude",""
"pharmaverseadam","adpp","frame","package_excluded","tier=exclude",""
"pharmaverseadam","adppk","frame","package_excluded","tier=exclude",""
"pharmaverseadam","adrs_onco","frame","package_excluded","tier=exclude",""
"pharmaverseadam","adsl","frame","package_excluded","tier=exclude",""
"pharmaverseadam","adsl_vaccine","frame","package_excluded","tier=exclude",""
"pharmaverseadam","adtpet_neuro","frame","package_excluded","tier=exclude",""
"pharmaverseadam","adtr_onco","frame","package_excluded","tier=exclude",""
"pharmaverseadam","adtte_onco","frame","package_excluded","tier=exclude",""
"pharmaverseadam","advfq_ophtha","frame","package_excluded","tier=exclude",""
"pharmaverseadam","advs","frame","package_excluded","tier=exclude",""
"pharmaverseadam","advs_metabolic","frame","package_excluded","tier=exclude",""
"pharmaverseadam","advs_peds","frame","package_excluded","tier=exclude",""
"pharmaversesdtm","ae","frame","package_excluded","tier=exclude",""
"pharmaversesdtm","ae_ophtha","frame","package_excluded","tier=exclude",""
"pharmaversesdtm","ag_neuro","frame","package_excluded","tier=exclude",""
"pharmaversesdtm","be","frame","package_excluded","tier=exclude",""
"pharmaversesdtm","ce_vaccine","frame","package_excluded","tier=exclude",""
"pharmaversesdtm","cm","frame","package_excluded","tier=exclude",""
"pharmaversesdtm","dm","frame","package_excluded","tier=exclude",""
"pharmaversesdtm","dm_metabolic","frame","package_excluded","tier=exclude",""
"pharmaversesdtm","dm_neuro","frame","package_excluded","tier=exclude",""
"pharmaversesdtm","dm_peds","frame","package_excluded","tier=exclude",""
"pharmaversesdtm","dm_vaccine","frame","package_excluded","tier=exclude",""
"pharmaversesdtm","ds","frame","package_excluded","tier=exclude",""
"pharmaversesdtm","eg","frame","package_excluded","tier=exclude",""
"pharmaversesdtm","ex","frame","package_excluded","tier=exclude",""
"pharmaversesdtm","ex_ophtha","frame","package_excluded","tier=exclude",""
"pharmaversesdtm","ex_vaccine","frame","package_excluded","tier=exclude",""
"pharmaversesdtm","face_vaccine","frame","package_excluded","tier=exclude",""
"pharmaversesdtm","is_ada","frame","package_excluded","tier=exclude",""
"pharmaversesdtm","is_vaccine","frame","package_excluded","tier=exclude",""
"pharmaversesdtm","lb","frame","package_excluded","tier=exclude",""
"pharmaversesdtm","lb_metabolic","frame","package_excluded","tier=exclude",""
"pharmaversesdtm","lb_neuro","frame","package_excluded","tier=exclude",""
"pharmaversesdtm","lb_onco_pcwg3","frame","package_excluded","tier=exclude",""
"pharmaversesdtm","mb","frame","package_excluded","tier=exclude",""
"pharmaversesdtm","mh","frame","package_excluded","tier=exclude",""
"pharmaversesdtm","ms","frame","package_excluded","tier=exclude",""
"pharmaversesdtm","nv_neuro","frame","package_excluded","tier=exclude",""
"pharmaversesdtm","oe_ophtha","frame","package_excluded","tier=exclude",""
"pharmaversesdtm","pc","frame","package_excluded","tier=exclude",""
"pharmaversesdtm","pp","frame","package_excluded","tier=exclude",""
"pharmaversesdtm","qs_metabolic","frame","package_excluded","tier=exclude",""
"pharmaversesdtm","qs_ophtha","frame","package_excluded","tier=exclude",""
"pharmaversesdtm","rs_onco","frame","package_excluded","tier=exclude",""
"pharmaversesdtm","rs_onco_ca125","frame","package_excluded","tier=exclude",""
"pharmaversesdtm","rs_onco_imwg","frame","package_excluded","tier=exclude",""
"pharmaversesdtm","rs_onco_irecist","frame","package_excluded","tier=exclude",""
"pharmaversesdtm","rs_onco_pcwg3","frame","package_excluded","tier=exclude",""
"pharmaversesdtm","rs_onco_recist","frame","package_excluded","tier=exclude",""
"pharmaversesdtm","sc_ophtha","frame","package_excluded","tier=exclude",""
"pharmaversesdtm","sdg_db","frame","package_excluded","tier=exclude",""
"pharmaversesdtm","smq_db","frame","package_excluded","tier=exclude",""
"pharmaversesdtm","suppae","frame","package_excluded","tier=exclude",""
"pharmaversesdtm","suppce_vaccine","frame","package_excluded","tier=exclude",""
"pharmaversesdtm","suppdm","frame","package_excluded","tier=exclude",""
"pharmaversesdtm","suppdm_vaccine","frame","package_excluded","tier=exclude",""
"pharmaversesdtm","suppds","frame","package_excluded","tier=exclude",""
"pharmaversesdtm","suppex_vaccine","frame","package_excluded","tier=exclude",""
"pharmaversesdtm","suppface_vaccine","frame","package_excluded","tier=exclude",""
"pharmaversesdtm","suppis_vaccine","frame","package_excluded","tier=exclude",""
"pharmaversesdtm","suppnv_neuro","frame","package_excluded","tier=exclude",""
"pharmaversesdtm","supprs_onco_ca125","frame","package_excluded","tier=exclude",""
"pharmaversesdtm","supprs_onco_imwg","frame","package_excluded","tier=exclude",""
"pharmaversesdtm","supptr_onco","frame","package_excluded","tier=exclude",""
"pharmaversesdtm","sv","frame","package_excluded","tier=exclude",""
"pharmaversesdtm","tr_onco","frame","package_excluded","tier=exclude",""
"pharmaversesdtm","tr_onco_recist","frame","package_excluded","tier=exclude",""
"pharmaversesdtm","ts","frame","package_excluded","tier=exclude",""
"pharmaversesdtm","tu_onco","frame","package_excluded","tier=exclude",""
"pharmaversesdtm","tu_onco_recist","frame","package_excluded","tier=exclude",""
"pharmaversesdtm","vs","frame","package_excluded","tier=exclude",""
"pharmaversesdtm","vs_metabolic","frame","package_excluded","tier=exclude",""
"pharmaversesdtm","vs_peds","frame","package_excluded","tier=exclude",""
"pharmaversesdtm","vs_vaccine","frame","package_excluded","tier=exclude",""
"plyr","baseball","frame","package_excluded","tier=exclude",""
"plyr","ozone","frame","package_excluded","tier=exclude",""
"pscl","AustralianElections","frame","index_rows_lt_min","Rows=27",""
"pscl","EfronMorris","frame","index_rows_lt_min","Rows=18",""
"pscl","absentee","frame","index_rows_lt_min","Rows=22",""
"pscl","partycodes","frame","index_p_model_lt_min","p_model=1",""
"pscl","prussian","frame","index_p_model_lt_min","p_model=2",""
"pscl","state.info","frame","index_p_model_lt_min","p_model=2",""
"pscl","unionDensity","frame","index_rows_lt_min","Rows=20",""
"psych","Bechtoldt","frame","index_rows_lt_min","Rows=17",""
"psych","Bechtoldt.1","frame","index_rows_lt_min","Rows=17",""
"psych","Bechtoldt.2","frame","index_rows_lt_min","Rows=17",""
"psych","Chen (Schmid)","frame","index_rows_lt_min","Rows=18",""
"psych","Dwyer","frame","index_rows_lt_min","Rows=8",""
"psych","Gleser","frame","index_rows_lt_min","Rows=12",""
"psych","Gorsuch","frame","index_rows_lt_min","Rows=10",""
"psych","Harman.5","frame","index_rows_lt_min","Rows=12",""
"psych","Harman.8","frame","index_rows_lt_min","Rows=8",""
"psych","Harman.Burt (Harman)","frame","index_rows_lt_min","Rows=8",""
"psych","Harman.Holzinger (Harman)","frame","index_rows_lt_min","Rows=9",""
"psych","Harman.political","frame","index_rows_lt_min","Rows=8",""
"psych","Harman_5","frame","index_rows_lt_min","Rows=5",""
"psych","Holzinger","frame","index_rows_lt_min","Rows=14",""
"psych","Holzinger.9","frame","index_rows_lt_min","Rows=9",""
"psych","Reise","frame","index_rows_lt_min","Rows=16",""
"psych","Schmid","frame","index_rows_lt_min","Rows=12",""
"psych","Thurstone","frame","index_rows_lt_min","Rows=9",""
"psych","Thurstone.33","frame","index_rows_lt_min","Rows=9",""
"psych","Thurstone.33G","frame","index_rows_lt_min","Rows=9",""
"psych","Thurstone.9","frame","index_rows_lt_min","Rows=9",""
"psych","Tucker","frame","index_rows_lt_min","Rows=9",""
"psych","West (Schmid)","frame","index_rows_lt_min","Rows=16",""
"psych","bfi.dictionary","frame","index_rows_lt_min","Rows=28",""
"psych","bfi.keys (bfi)","frame","index_rows_lt_min","Rows=5",""
"psych","cattell","frame","index_rows_lt_min","Rows=12",""
"psych","schmid.leiman (Schmid)","frame","index_rows_lt_min","Rows=12",""
"psych","withinBetween","frame","index_rows_lt_min","Rows=16",""
"quantreg","Bosco","frame","package_excluded","tier=mixed",""
"quantreg","CobarOre","frame","package_excluded","tier=mixed",""
"quantreg","Mammals","frame","package_excluded","tier=mixed",""
"quantreg","MelTemp","frame","package_excluded","tier=mixed",""
"quantreg","barro","frame","package_excluded","tier=mixed",""
"quantreg","engel","frame","package_excluded","tier=mixed",""
"quantreg","gasprice","frame","package_excluded","tier=mixed",""
"quantreg","uis","frame","package_excluded","tier=mixed",""
"quartets","anscombe_quartet","frame","package_excluded","tier=exclude",""
"quartets","causal_collider","frame","package_excluded","tier=exclude",""
"quartets","causal_collider_time","frame","package_excluded","tier=exclude",""
"quartets","causal_confounding","frame","package_excluded","tier=exclude",""
"quartets","causal_confounding_time","frame","package_excluded","tier=exclude",""
"quartets","causal_m_bias","frame","package_excluded","tier=exclude",""
"quartets","causal_m_bias_time","frame","package_excluded","tier=exclude",""
"quartets","causal_mediator","frame","package_excluded","tier=exclude",""
"quartets","causal_mediator_time","frame","package_excluded","tier=exclude",""
"quartets","causal_quartet","frame","package_excluded","tier=exclude",""
"quartets","causal_quartet_time","frame","package_excluded","tier=exclude",""
"quartets","datasaurus_dozen","frame","package_excluded","tier=exclude",""
"quartets","heterogeneous_causal_quartet","frame","package_excluded","tier=exclude",""
"quartets","interaction_triptych","frame","package_excluded","tier=exclude",""
"quartets","rashomon_quartet","frame","package_excluded","tier=exclude",""
"quartets","rashomon_quartet_test","frame","package_excluded","tier=exclude",""
"quartets","rashomon_quartet_train","frame","package_excluded","tier=exclude",""
"quartets","variation_causal_quartet","frame","package_excluded","tier=exclude",""
"ratdat","complete","frame","package_excluded","tier=exclude",""
"ratdat","complete_old","frame","package_excluded","tier=exclude",""
"ratdat","plots","frame","package_excluded","tier=exclude",""
"ratdat","species","frame","package_excluded","tier=exclude",""
"ratdat","surveys","frame","package_excluded","tier=exclude",""
"reshape2","french_fries","frame","package_excluded","tier=exclude",""
"reshape2","smiths","frame","package_excluded","tier=exclude",""
"reshape2","tips","frame","package_excluded","tier=exclude",""
"robustbase","Animals2","frame","package_excluded","tier=mixed",""
"robustbase","CrohnD","frame","package_excluded","tier=mixed",""
"robustbase","NOxEmissions","frame","package_excluded","tier=mixed",""
"robustbase","SiegelsEx","frame","package_excluded","tier=mixed",""
"robustbase","aircraft","frame","package_excluded","tier=mixed",""
"robustbase","airmay","frame","package_excluded","tier=mixed",""
"robustbase","alcohol","frame","package_excluded","tier=mixed",""
"robustbase","ambientNOxCH","frame","package_excluded","tier=mixed",""
"robustbase","biomassTill","frame","package_excluded","tier=mixed",""
"robustbase","bushfire","frame","package_excluded","tier=mixed",""
"robustbase","carrots","frame","package_excluded","tier=mixed",""
"robustbase","cloud","frame","package_excluded","tier=mixed",""
"robustbase","coleman","frame","package_excluded","tier=mixed",""
"robustbase","condroz","frame","package_excluded","tier=mixed",""
"robustbase","cushny","frame","package_excluded","tier=mixed",""
"robustbase","delivery","frame","package_excluded","tier=mixed",""
"robustbase","education","frame","package_excluded","tier=mixed",""
"robustbase","epilepsy","frame","package_excluded","tier=mixed",""
"robustbase","exAM","frame","package_excluded","tier=mixed",""
"robustbase","foodstamp","frame","package_excluded","tier=mixed",""
"robustbase","hbk","frame","package_excluded","tier=mixed",""
"robustbase","heart","frame","package_excluded","tier=mixed",""
"robustbase","kootenay","frame","package_excluded","tier=mixed",""
"robustbase","lactic","frame","package_excluded","tier=mixed",""
"robustbase","los","frame","package_excluded","tier=mixed",""
"robustbase","milk","frame","package_excluded","tier=mixed",""
"robustbase","pension","frame","package_excluded","tier=mixed",""
"robustbase","phosphor","frame","package_excluded","tier=mixed",""
"robustbase","pilot","frame","package_excluded","tier=mixed",""
"robustbase","possum.mat (possumDiv)","frame","package_excluded","tier=mixed",""
"robustbase","possumDiv","frame","package_excluded","tier=mixed",""
"robustbase","pulpfiber","frame","package_excluded","tier=mixed",""
"robustbase","radarImage","frame","package_excluded","tier=mixed",""
"robustbase","salinity","frame","package_excluded","tier=mixed",""
"robustbase","starsCYG","frame","package_excluded","tier=mixed",""
"robustbase","steamUse","frame","package_excluded","tier=mixed",""
"robustbase","telef","frame","package_excluded","tier=mixed",""
"robustbase","toxicity","frame","package_excluded","tier=mixed",""
"robustbase","vaso","frame","package_excluded","tier=mixed",""
"robustbase","wagnerGrowth","frame","package_excluded","tier=mixed",""
"robustbase","wood","frame","package_excluded","tier=mixed",""
"robustbase","x30o50","frame","package_excluded","tier=mixed",""
"rpart","car.test.frame","frame","package_excluded","tier=mixed",""
"rpart","car90","frame","package_excluded","tier=mixed",""
"rpart","cu.summary","frame","package_excluded","tier=mixed",""
"rpart","kyphosis","frame","package_excluded","tier=mixed",""
"rpart","solder","frame","package_excluded","tier=mixed",""
"rpart","solder.balance (solder)","frame","package_excluded","tier=mixed",""
"rpart","stagec","frame","package_excluded","tier=mixed",""
"sandwich","InstInnovation","frame","package_excluded","tier=mixed",""
"sandwich","Investment","frame","package_excluded","tier=mixed",""
"sandwich","PetersenCL","frame","package_excluded","tier=mixed",""
"sandwich","PublicSchools","frame","package_excluded","tier=mixed",""
"sem","CNES","frame","index_p_model_lt_min","p_model=0",""
"sem","Klein","frame","index_rows_lt_min","Rows=22",""
"sem","Kmenta","frame","description_keyword","word=artificial; Partly Artificial Data on the U. S. Economy",""
"stevedata","DJIA","frame","index_p_model_lt_min","p_model=1",""
"stevedata","Datasaurus","frame","index_p_model_lt_min","p_model=2",""
"stevedata","LOTI","frame","index_p_model_lt_min","p_model=1",""
"stevedata","LTPT","frame","index_p_model_lt_min","p_model=1",""
"stevedata","LTWT","frame","index_p_model_lt_min","p_model=1",""
"stevedata","Mitchell68","frame","index_rows_lt_min","Rows=26",""
"stevedata","Newhouse77","frame","index_rows_lt_min","Rows=13",""
"stevedata","Parvin73","frame","index_rows_lt_min","Rows=26",""
"stevedata","Presidents","frame","index_p_model_lt_min","p_model=0",""
"stevedata","SBCD","frame","index_p_model_lt_min","p_model=2",""
"stevedata","aluminum_premiums","frame","index_p_model_lt_min","p_model=1",""
"stevedata","arg_tariff","frame","index_p_model_lt_min","p_model=2",""
"stevedata","clemson_temps","frame","index_p_model_lt_min","p_model=2",""
"stevedata","co2emissions","frame","index_p_model_lt_min","p_model=2",""
"stevedata","coffee_price","frame","index_p_model_lt_min","p_model=2",""
"stevedata","country_isocodes","frame","index_p_model_lt_min","p_model=0",""
"stevedata","eight_schools","frame","index_rows_lt_min","Rows=8",""
"stevedata","epl_odds","frame","index_rows_lt_min","Rows=20",""
"stevedata","eu_ua_fta24","frame","index_p_model_lt_min","p_model=1",""
"stevedata","eurostat_codes","frame","index_p_model_lt_min","p_model=0",""
"stevedata","eustates","frame","index_rows_lt_min","Rows=28",""
"stevedata","fakeAPI","frame","description_keyword","word=hypothetical; Hypothetical (Fake) Data on Academic Performance",""
"stevedata","fakeHappiness","frame","description_keyword","word=fake; Fake Data on Happiness",""
"stevedata","fakeLogit","frame","description_keyword","word=fake; Fake Data for a Logistic Regression",""
"stevedata","fakeTSCS","frame","description_keyword","word=fake; Fake Data for a Time-Series Cross-Section",""
"stevedata","fakeTSD","frame","description_keyword","word=fake; Fake Data for a Time-Series",""
"stevedata","gatt_members","frame","index_p_model_lt_min","p_model=0",""
"stevedata","ghp100k","frame","index_p_model_lt_min","p_model=2",""
"stevedata","min_wage","frame","index_rows_lt_min","Rows=23",""
"stevedata","mvprod","frame","index_p_model_lt_min","p_model=2",""
"stevedata","quartets","frame","index_p_model_lt_min","p_model=2",""
"stevedata","scb_regions","frame","index_p_model_lt_min","p_model=0",""
"stevedata","steves_clothes","frame","index_p_model_lt_min","p_model=0",""
"stevedata","stevesteps","frame","index_p_model_lt_min","p_model=1",""
"stevedata","sugar_price","frame","index_p_model_lt_min","p_model=1",""
"stevedata","sweden_counties","frame","index_rows_lt_min","Rows=21",""
"stevedata","therms","frame","index_p_model_lt_min","p_model=2",""
"stevedata","turnips","frame","index_p_model_lt_min","p_model=1",""
"stevedata","ukg_eeri","frame","index_p_model_lt_min","p_model=1",""
"stevedata","uniondensity","frame","index_rows_lt_min","Rows=20",""
"stevedata","usa_computers","frame","index_rows_lt_min","Rows=19",""
"stevedata","usa_states","frame","index_p_model_lt_min","p_model=0",""
"stevedata","wb_groups","frame","index_p_model_lt_min","p_model=0",""
"stevedata","wvs_ccodes","frame","index_p_model_lt_min","p_model=2",""
"stevedata","wvs_usa_regions","frame","index_p_model_lt_min","p_model=1",""
"stevedata","yugo_sales","frame","index_rows_lt_min","Rows=24",""
"survival","aml (cancer)","frame","package_excluded","tier=exclude",""
"survival","bladder (cancer)","frame","package_excluded","tier=exclude",""
"survival","bladder1 (cancer)","frame","package_excluded","tier=exclude",""
"survival","bladder2 (cancer)","frame","package_excluded","tier=exclude",""
"survival","braking (reliability)","frame","package_excluded","tier=exclude",""
"survival","cancer","frame","package_excluded","tier=exclude",""
"survival","capacitor (reliability)","frame","package_excluded","tier=exclude",""
"survival","cgd","frame","package_excluded","tier=exclude",""
"survival","cgd0 (cgd)","frame","package_excluded","tier=exclude",""
"survival","colon (cancer)","frame","package_excluded","tier=exclude",""
"survival","cracks (reliability)","frame","package_excluded","tier=exclude",""
"survival","diabetic","frame","package_excluded","tier=exclude",""
"survival","flchain","frame","package_excluded","tier=exclude",""
"survival","gbsg (cancer)","frame","package_excluded","tier=exclude",""
"survival","genfan (reliability)","frame","package_excluded","tier=exclude",""
"survival","heart","frame","package_excluded","tier=exclude",""
"survival","hoel (cancer)","frame","package_excluded","tier=exclude",""
"survival","ifluid (reliability)","frame","package_excluded","tier=exclude",""
"survival","imotor (reliability)","frame","package_excluded","tier=exclude",""
"survival","jasa (heart)","frame","package_excluded","tier=exclude",""
"survival","jasa1 (heart)","frame","package_excluded","tier=exclude",""
"survival","kidney (cancer)","frame","package_excluded","tier=exclude",""
"survival","leukemia (cancer)","frame","package_excluded","tier=exclude",""
"survival","logan","frame","package_excluded","tier=exclude",""
"survival","lung (cancer)","frame","package_excluded","tier=exclude",""
"survival","mgus (cancer)","frame","package_excluded","tier=exclude",""
"survival","mgus1 (cancer)","frame","package_excluded","tier=exclude",""
"survival","mgus2 (cancer)","frame","package_excluded","tier=exclude",""
"survival","myeloid (cancer)","frame","package_excluded","tier=exclude",""
"survival","myeloma (cancer)","frame","package_excluded","tier=exclude",""
"survival","nafld1 (nafld)","frame","package_excluded","tier=exclude",""
"survival","nafld2 (nafld)","frame","package_excluded","tier=exclude",""
"survival","nafld3 (nafld)","frame","package_excluded","tier=exclude",""
"survival","nwtco","frame","package_excluded","tier=exclude",""
"survival","ovarian (cancer)","frame","package_excluded","tier=exclude",""
"survival","pbc","frame","package_excluded","tier=exclude",""
"survival","pbcseq (pbc)","frame","package_excluded","tier=exclude",""
"survival","rats (cancer)","frame","package_excluded","tier=exclude",""
"survival","rats2 (cancer)","frame","package_excluded","tier=exclude",""
"survival","retinopathy","frame","package_excluded","tier=exclude",""
"survival","rhDNase","frame","package_excluded","tier=exclude",""
"survival","rotterdam (cancer)","frame","package_excluded","tier=exclude",""
"survival","solder","frame","package_excluded","tier=exclude",""
"survival","stanford2 (heart)","frame","package_excluded","tier=exclude",""
"survival","survexp.mn (survexp)","frame","package_excluded","tier=exclude",""
"survival","survexp.us (survexp)","frame","package_excluded","tier=exclude",""
"survival","survexp.usr (survexp)","frame","package_excluded","tier=exclude",""
"survival","tobin","frame","package_excluded","tier=exclude",""
"survival","transplant","frame","package_excluded","tier=exclude",""
"survival","turbine (reliability)","frame","package_excluded","tier=exclude",""
"survival","udca","frame","package_excluded","tier=exclude",""
"survival","udca1 (udca)","frame","package_excluded","tier=exclude",""
"survival","udca2 (udca)","frame","package_excluded","tier=exclude",""
"survival","uspop2 (survexp)","frame","package_excluded","tier=exclude",""
"survival","valveSeat (reliability)","frame","package_excluded","tier=exclude",""
"survival","veteran (cancer)","frame","package_excluded","tier=exclude",""
"texmex","liver","frame","package_excluded","tier=exclude",""
"texmex","nidd","frame","package_excluded","tier=exclude",""
"texmex","portpirie","frame","package_excluded","tier=exclude",""
"texmex","rain","frame","package_excluded","tier=exclude",""
"texmex","summer","frame","package_excluded","tier=exclude",""
"texmex","wavesurge","frame","package_excluded","tier=exclude",""
"texmex","winter","frame","package_excluded","tier=exclude",""
"tidyr","billboard","frame","package_excluded","tier=mixed",""
"tidyr","cms_patient_care","frame","package_excluded","tier=mixed",""
"tidyr","cms_patient_experience","frame","package_excluded","tier=mixed",""
"tidyr","construction","frame","package_excluded","tier=mixed",""
"tidyr","fish_encounters","frame","package_excluded","tier=mixed",""
"tidyr","household","frame","package_excluded","tier=mixed",""
"tidyr","population","frame","package_excluded","tier=mixed",""
"tidyr","relig_income","frame","package_excluded","tier=mixed",""
"tidyr","smiths","frame","package_excluded","tier=mixed",""
"tidyr","table1","frame","package_excluded","tier=mixed",""
"tidyr","table2","frame","package_excluded","tier=mixed",""
"tidyr","table3","frame","package_excluded","tier=mixed",""
"tidyr","table4a","frame","package_excluded","tier=mixed",""
"tidyr","table4b","frame","package_excluded","tier=mixed",""
"tidyr","table5","frame","package_excluded","tier=mixed",""
"tidyr","us_rent_income","frame","package_excluded","tier=mixed",""
"tidyr","who","frame","package_excluded","tier=mixed",""
"tidyr","who2","frame","package_excluded","tier=mixed",""
"tidyr","world_bank_pop","frame","package_excluded","tier=mixed",""
"timeSeriesDataSets","AirPassengers_ts","frame","package_excluded","tier=mixed",""
"timeSeriesDataSets","BJsales_ts","frame","package_excluded","tier=mixed",""
"timeSeriesDataSets","JohnsonJohnson_ts","frame","package_excluded","tier=mixed",""
"timeSeriesDataSets","LakeHuron_ts","frame","package_excluded","tier=mixed",""
"timeSeriesDataSets","Nile_ts","frame","package_excluded","tier=mixed",""
"timeSeriesDataSets","USgas_ts","frame","package_excluded","tier=mixed",""
"timeSeriesDataSets","WWWusage_ts","frame","package_excluded","tier=mixed",""
"timeSeriesDataSets","a10_ts","frame","package_excluded","tier=mixed",""
"timeSeriesDataSets","airpass_ts","frame","package_excluded","tier=mixed",""
"timeSeriesDataSets","ausbeer_ts","frame","package_excluded","tier=mixed",""
"timeSeriesDataSets","auscafe_ts","frame","package_excluded","tier=mixed",""
"timeSeriesDataSets","beer_ts","frame","package_excluded","tier=mixed",""
"timeSeriesDataSets","books_mts","frame","package_excluded","tier=mixed",""
"timeSeriesDataSets","bricksq_ts","frame","package_excluded","tier=mixed",""
"timeSeriesDataSets","co2_ts","frame","package_excluded","tier=mixed",""
"timeSeriesDataSets","discoveries_ts","frame","package_excluded","tier=mixed",""
"timeSeriesDataSets","economics_df_ts","frame","package_excluded","tier=mixed",""
"timeSeriesDataSets","elec_ts","frame","package_excluded","tier=mixed",""
"timeSeriesDataSets","elecdaily_mts","frame","package_excluded","tier=mixed",""
"timeSeriesDataSets","elecdemand_msts","frame","package_excluded","tier=mixed",""
"timeSeriesDataSets","elecequip_ts","frame","package_excluded","tier=mixed",""
"timeSeriesDataSets","euretail_ts","frame","package_excluded","tier=mixed",""
"timeSeriesDataSets","goog200_ts","frame","package_excluded","tier=mixed",""
"timeSeriesDataSets","gtemp_both_ts","frame","package_excluded","tier=mixed",""
"timeSeriesDataSets","gtemp_land_ts","frame","package_excluded","tier=mixed",""
"timeSeriesDataSets","gtemp_ocean_ts","frame","package_excluded","tier=mixed",""
"timeSeriesDataSets","h02_ts","frame","package_excluded","tier=mixed",""
"timeSeriesDataSets","hsales2_ts","frame","package_excluded","tier=mixed",""
"timeSeriesDataSets","hyndsight_ts","frame","package_excluded","tier=mixed",""
"timeSeriesDataSets","ibm_mts","frame","package_excluded","tier=mixed",""
"timeSeriesDataSets","ibmclose_ts","frame","package_excluded","tier=mixed",""
"timeSeriesDataSets","jcars_ts","frame","package_excluded","tier=mixed",""
"timeSeriesDataSets","jj_ts","frame","package_excluded","tier=mixed",""
"timeSeriesDataSets","ldeaths_ts","frame","package_excluded","tier=mixed",""
"timeSeriesDataSets","livestock_ts","frame","package_excluded","tier=mixed",""
"timeSeriesDataSets","marathon_ts","frame","package_excluded","tier=mixed",""
"timeSeriesDataSets","maxtemp_ts","frame","package_excluded","tier=mixed",""
"timeSeriesDataSets","mdeaths_ts","frame","package_excluded","tier=mixed",""
"timeSeriesDataSets","mens400_ts","frame","package_excluded","tier=mixed",""
"timeSeriesDataSets","milk_ts","frame","package_excluded","tier=mixed",""
"timeSeriesDataSets","nail_ts","frame","package_excluded","tier=mixed",""
"timeSeriesDataSets","pedestrian_tbl_ts","frame","package_excluded","tier=mixed",""
"timeSeriesDataSets","qauselec_ts","frame","package_excluded","tier=mixed",""
"timeSeriesDataSets","qcement_ts","frame","package_excluded","tier=mixed",""
"timeSeriesDataSets","qgas_ts","frame","package_excluded","tier=mixed",""
"timeSeriesDataSets","sunspotarea_ts","frame","package_excluded","tier=mixed",""
"timeSeriesDataSets","taylor_30_min_df_ts","frame","package_excluded","tier=mixed",""
"timeSeriesDataSets","tourism_tbl_ts","frame","package_excluded","tier=mixed",""
"timeSeriesDataSets","uschange_mts","frame","package_excluded","tier=mixed",""
"timeSeriesDataSets","usmelec_ts","frame","package_excluded","tier=mixed",""
"timeSeriesDataSets","uspop_ts","frame","package_excluded","tier=mixed",""
"timeSeriesDataSets","wineind_ts","frame","package_excluded","tier=mixed",""
"timeSeriesDataSets","wmurders_ts","frame","package_excluded","tier=mixed",""
"timeSeriesDataSets","woolyrnq_ts","frame","package_excluded","tier=mixed",""
"tsibble","pedestrian","frame","package_excluded","tier=mixed",""
"tsibble","tourism","frame","package_excluded","tier=mixed",""
"tsibbledata","PBS","frame","package_excluded","tier=mixed",""
"tsibbledata","ansett","frame","package_excluded","tier=mixed",""
"tsibbledata","aus_livestock","frame","package_excluded","tier=mixed",""
"tsibbledata","aus_production","frame","package_excluded","tier=mixed",""
"tsibbledata","aus_retail","frame","package_excluded","tier=mixed",""
"tsibbledata","gafa_stock","frame","package_excluded","tier=mixed",""
"tsibbledata","global_economy","frame","package_excluded","tier=mixed",""
"tsibbledata","hh_budget","frame","package_excluded","tier=mixed",""
"tsibbledata","nyc_bikes","frame","package_excluded","tier=mixed",""
"tsibbledata","olympic_running","frame","package_excluded","tier=mixed",""
"tsibbledata","pelt","frame","package_excluded","tier=mixed",""
"tsibbledata","vic_elec","frame","package_excluded","tier=mixed",""
"usdatasets","Boston_df","frame","package_excluded","tier=mixed",""
"usdatasets","Cars93_df","frame","package_excluded","tier=mixed",""
"usdatasets","UCBAdmissions_table","frame","package_excluded","tier=mixed",""
"usdatasets","USAccDeaths_ts","frame","package_excluded","tier=mixed",""
"usdatasets","USArrests_df","frame","package_excluded","tier=mixed",""
"usdatasets","USJudgeRatings_df","frame","package_excluded","tier=mixed",""
"usdatasets","USPersonalExpenditure_matrix","frame","package_excluded","tier=mixed",""
"usdatasets","UScitiesD_dist","frame","package_excluded","tier=mixed",""
"usdatasets","VADeaths_matrix","frame","package_excluded","tier=mixed",""
"usdatasets","acs12_tbl_df","frame","package_excluded","tier=mixed",""
"usdatasets","age_at_mar_tbl_df","frame","package_excluded","tier=mixed",""
"usdatasets","airlines_tbl_df","frame","package_excluded","tier=mixed",""
"usdatasets","airports_tbl_df","frame","package_excluded","tier=mixed",""
"usdatasets","airquality_df","frame","package_excluded","tier=mixed",""
"usdatasets","ames_tbl_df","frame","package_excluded","tier=mixed",""
"usdatasets","births14_tbl_df","frame","package_excluded","tier=mixed",""
"usdatasets","births_tbl_df","frame","package_excluded","tier=mixed",""
"usdatasets","census_tbl_df","frame","package_excluded","tier=mixed",""
"usdatasets","cia_factbook_tbl_df","frame","package_excluded","tier=mixed",""
"usdatasets","cle_sac_tbl_df","frame","package_excluded","tier=mixed",""
"usdatasets","county_tbl_df","frame","package_excluded","tier=mixed",""
"usdatasets","env_regulation_tbl_df","frame","package_excluded","tier=mixed",""
"usdatasets","fcid_tbl_df","frame","package_excluded","tier=mixed",""
"usdatasets","goog_tbl_df","frame","package_excluded","tier=mixed",""
"usdatasets","govrace10_tbl_df","frame","package_excluded","tier=mixed",""
"usdatasets","homicides15_tbl_df","frame","package_excluded","tier=mixed",""
"usdatasets","house_tbl_df","frame","package_excluded","tier=mixed",""
"usdatasets","houserace10_tbl_df","frame","package_excluded","tier=mixed",""
"usdatasets","immigration_tbl_df","frame","package_excluded","tier=mixed",""
"usdatasets","leg_mari_tbl_df","frame","package_excluded","tier=mixed",""
"usdatasets","marathon_tbl_df","frame","package_excluded","tier=mixed",""
"usdatasets","military_tbl_df","frame","package_excluded","tier=mixed",""
"usdatasets","minn38_df","frame","package_excluded","tier=mixed",""
"usdatasets","mlb_players_18_tbl_df","frame","package_excluded","tier=mixed",""
"usdatasets","mn_police_use_of_force_df","frame","package_excluded","tier=mixed",""
"usdatasets","nba_players_19_tbl_df","frame","package_excluded","tier=mixed",""
"usdatasets","ncbirths_tbl_df","frame","package_excluded","tier=mixed",""
"usdatasets","nyc_marathon_tbl_df","frame","package_excluded","tier=mixed",""
"usdatasets","nycvehiclethefts_tbl_df","frame","package_excluded","tier=mixed",""
"usdatasets","offshore_drilling_tbl_df","frame","package_excluded","tier=mixed",""
"usdatasets","orings_tbl_df","frame","package_excluded","tier=mixed",""
"usdatasets","oscars_tbl_df","frame","package_excluded","tier=mixed",""
"usdatasets","piracy_tbl_df","frame","package_excluded","tier=mixed",""
"usdatasets","precip_numeric","frame","package_excluded","tier=mixed",""
"usdatasets","presidents_ts","frame","package_excluded","tier=mixed",""
"usdatasets","prrace08_tbl_df","frame","package_excluded","tier=mixed",""
"usdatasets","road_df","frame","package_excluded","tier=mixed",""
"usdatasets","senaterace10_tbl_df","frame","package_excluded","tier=mixed",""
"usdatasets","sp500_1950_2018_tbl_df","frame","package_excluded","tier=mixed",""
"usdatasets","sp500_tbl_df","frame","package_excluded","tier=mixed",""
"usdatasets","state_abb_character","frame","package_excluded","tier=mixed",""
"usdatasets","state_area_numeric","frame","package_excluded","tier=mixed",""
"usdatasets","state_center_list","frame","package_excluded","tier=mixed",""
"usdatasets","state_division_factor","frame","package_excluded","tier=mixed",""
"usdatasets","state_name_character","frame","package_excluded","tier=mixed",""
"usdatasets","state_region_factor","frame","package_excluded","tier=mixed",""
"usdatasets","state_x77_matrix","frame","package_excluded","tier=mixed",""
"usdatasets","us_crime_rates_spec_tbl_df","frame","package_excluded","tier=mixed",""
"usdatasets","us_temp_tbl_df","frame","package_excluded","tier=mixed",""
"usdatasets","us_time_survey_tbl_df","frame","package_excluded","tier=mixed",""
"usdatasets","uspop_ts","frame","package_excluded","tier=mixed",""
"usdatasets","voter_count_spec_tbl_df","frame","package_excluded","tier=mixed",""
"usdatasets","women_df","frame","package_excluded","tier=mixed",""
"validate","SBS2000","frame","package_excluded","tier=exclude",""
"validate","nace_rev2","frame","package_excluded","tier=exclude",""
"validate","retailers","frame","package_excluded","tier=exclude",""
"validate","samplonomy","frame","package_excluded","tier=exclude",""
"vcd","Arthritis","frame","package_excluded","tier=mixed",""
"vcd","Baseball","frame","package_excluded","tier=mixed",""
"vcd","BrokenMarriage","frame","package_excluded","tier=mixed",""
"vcd","Bundesliga","frame","package_excluded","tier=mixed",""
"vcd","Bundestag2005","frame","package_excluded","tier=mixed",""
"vcd","Butterfly","frame","package_excluded","tier=mixed",""
"vcd","CoalMiners","frame","package_excluded","tier=mixed",""
"vcd","DanishWelfare","frame","package_excluded","tier=mixed",""
"vcd","Employment","frame","package_excluded","tier=mixed",""
"vcd","Federalist","frame","package_excluded","tier=mixed",""
"vcd","Hitters","frame","package_excluded","tier=mixed",""
"vcd","HorseKicks","frame","package_excluded","tier=mixed",""
"vcd","Hospital","frame","package_excluded","tier=mixed",""
"vcd","JobSatisfaction","frame","package_excluded","tier=mixed",""
"vcd","JointSports","frame","package_excluded","tier=mixed",""
"vcd","Lifeboats","frame","package_excluded","tier=mixed",""
"vcd","MSPatients","frame","package_excluded","tier=mixed",""
"vcd","NonResponse","frame","package_excluded","tier=mixed",""
"vcd","OvaryCancer","frame","package_excluded","tier=mixed",""
"vcd","PreSex","frame","package_excluded","tier=mixed",""
"vcd","Punishment","frame","package_excluded","tier=mixed",""
"vcd","RepVict","frame","package_excluded","tier=mixed",""
"vcd","Rochdale","frame","package_excluded","tier=mixed",""
"vcd","Saxony","frame","package_excluded","tier=mixed",""
"vcd","SexualFun","frame","package_excluded","tier=mixed",""
"vcd","SpaceShuttle","frame","package_excluded","tier=mixed",""
"vcd","Suicide","frame","package_excluded","tier=mixed",""
"vcd","Trucks","frame","package_excluded","tier=mixed",""
"vcd","UKSoccer","frame","package_excluded","tier=mixed",""
"vcd","VisualAcuity","frame","package_excluded","tier=mixed",""
"vcd","VonBort","frame","package_excluded","tier=mixed",""
"vcd","WeldonDice","frame","package_excluded","tier=mixed",""
"vcd","WomenQueue","frame","package_excluded","tier=mixed",""
"vcdExtra","Abortion","frame","package_excluded","tier=mixed",""
"vcdExtra","Accident","frame","package_excluded","tier=mixed",""
"vcdExtra","AirCrash","frame","package_excluded","tier=mixed",""
"vcdExtra","Alligator","frame","package_excluded","tier=mixed",""
"vcdExtra","Asbestos","frame","package_excluded","tier=mixed",""
"vcdExtra","Bartlett","frame","package_excluded","tier=mixed",""
"vcdExtra","Burt","frame","package_excluded","tier=mixed",""
"vcdExtra","Caesar","frame","package_excluded","tier=mixed",""
"vcdExtra","Cancer","frame","package_excluded","tier=mixed",""
"vcdExtra","Cormorants","frame","package_excluded","tier=mixed",""
"vcdExtra","CrabSatellites","frame","package_excluded","tier=mixed",""
"vcdExtra","CyclingDeaths","frame","package_excluded","tier=mixed",""
"vcdExtra","DaytonSurvey","frame","package_excluded","tier=mixed",""
"vcdExtra","Depends","frame","package_excluded","tier=mixed",""
"vcdExtra","Detergent","frame","package_excluded","tier=mixed",""
"vcdExtra","Donner","frame","package_excluded","tier=mixed",""
"vcdExtra","Draft1970","frame","package_excluded","tier=mixed",""
"vcdExtra","Draft1970table","frame","package_excluded","tier=mixed",""
"vcdExtra","Dyke","frame","package_excluded","tier=mixed",""
"vcdExtra","Fungicide","frame","package_excluded","tier=mixed",""
"vcdExtra","GSS","frame","package_excluded","tier=mixed",""
"vcdExtra","Geissler","frame","package_excluded","tier=mixed",""
"vcdExtra","Gilby","frame","package_excluded","tier=mixed",""
"vcdExtra","Glass","frame","package_excluded","tier=mixed",""
"vcdExtra","HairEyePlace","frame","package_excluded","tier=mixed",""
"vcdExtra","Hauser79","frame","package_excluded","tier=mixed",""
"vcdExtra","Heart","frame","package_excluded","tier=mixed",""
"vcdExtra","Heckman","frame","package_excluded","tier=mixed",""
"vcdExtra","HospVisits","frame","package_excluded","tier=mixed",""
"vcdExtra","HouseTasks","frame","package_excluded","tier=mixed",""
"vcdExtra","Hoyt","frame","package_excluded","tier=mixed",""
"vcdExtra","ICU","frame","package_excluded","tier=mixed",""
"vcdExtra","JobSat","frame","package_excluded","tier=mixed",""
"vcdExtra","Mammograms","frame","package_excluded","tier=mixed",""
"vcdExtra","Mental","frame","package_excluded","tier=mixed",""
"vcdExtra","Mice","frame","package_excluded","tier=mixed",""
"vcdExtra","Mobility","frame","package_excluded","tier=mixed",""
"vcdExtra","PhdPubs","frame","package_excluded","tier=mixed",""
"vcdExtra","Reinis","frame","package_excluded","tier=mixed",""
"vcdExtra","ShakeWords","frame","package_excluded","tier=mixed",""
"vcdExtra","TV","frame","package_excluded","tier=mixed",""
"vcdExtra","Titanicp","frame","package_excluded","tier=mixed",""
"vcdExtra","Toxaemia","frame","package_excluded","tier=mixed",""
"vcdExtra","Vietnam","frame","package_excluded","tier=mixed",""
"vcdExtra","Vote1980","frame","package_excluded","tier=mixed",""
"vcdExtra","WorkerSat","frame","package_excluded","tier=mixed",""
"vcdExtra","Yamaguchi87","frame","package_excluded","tier=mixed",""
"wooldridge","fair","frame","index_rows_lt_min","Rows=21",""
"wooldridge","rdtelec","frame","index_rows_lt_min","Rows=29",""
"wooldridge","wine","frame","index_rows_lt_min","Rows=21",""
"crimedatasets","georgia_sf","download","download_failed","https://vincentarelbundock.github.io/Rdatasets/csv/crimedatasets/georgia_sf.csv",""
"crimedatasets","nz_murders_sf","download","download_failed","https://vincentarelbundock.github.io/Rdatasets/csv/crimedatasets/nz_murders_sf.csv",""
"crimedatasets","sentencing_sf","download","download_failed","https://vincentarelbundock.github.io/Rdatasets/csv/crimedatasets/sentencing_sf.csv",""
"AER","STAR","clean","row_loss_gt_max","row_loss_frac=0.796",""
"Ecdat","DM","clean","realized_p_lt_min","p=2",""
"Ecdat","HHSCyberSecurityBreaches","clean","realized_p_lt_min","p=2",""
"Ecdat","Pound","clean","realized_p_lt_min","p=2",""
"Ecdat","StrikeNb","clean","realized_p_lt_min","p=2",""
"Ecdat","USFinanceIndustry","clean","realized_p_lt_min","p=2",""
"Ecdat","USincarcerations","clean","realized_p_lt_min","p=1",""
"Ecdat","Yen","clean","realized_p_lt_min","p=2",""
"Ecdat","breaches","clean","realized_p_lt_min","p=2",""
"camerondata","schooling","clean","row_loss_gt_max","row_loss_frac=0.696",""
"collegeScorecard","scorecard","clean","row_loss_gt_max","row_loss_frac=0.534",""
"crimedatasets","CyberSecurityBreaches_df","clean","realized_p_lt_min","p=2",""
"crimedatasets","USincarcerations_df","clean","realized_p_lt_min","p=1",""
"crimedatasets","uk_serial_df","clean","realized_p_lt_min","p=2",""
"pscl","ca2006","clean","row_loss_gt_max","row_loss_frac=0.528",""
"sampleSelection","nlswork","clean","row_loss_gt_max","row_loss_frac=0.525",""
"sem","Tests","clean","realized_n_lt_min","n=16",""
"stevedata","AJR5","clean","row_loss_gt_max","row_loss_frac=0.571",""
"stevedata","Arca","clean","realized_p_lt_min","p=1",""
"stevedata","african_coups","clean","realized_n_lt_min","n=29",""
"stevedata","anes_partytherms","clean","row_loss_gt_max","row_loss_frac=0.604",""
"stevedata","gss_spending","clean","row_loss_gt_max","row_loss_frac=0.741",""
"stevedata","sealevels","clean","realized_p_lt_min","p=1",""
"stevedata","so2concentrations","clean","realized_p_lt_min","p=2",""
"stevedata","usa_chn_gdp_forecasts","clean","row_loss_gt_max","row_loss_frac=0.670",""
"stevedata","usa_tradegdp","clean","realized_p_lt_min","p=2",""
"wooldridge","athlet1","clean","row_loss_gt_max","row_loss_frac=0.712",""
"wooldridge","athlet2","clean","realized_n_lt_min","n=29",""
"wooldridge","cps91","clean","row_loss_gt_max","row_loss_frac=0.543",""
"wooldridge","happiness","clean","row_loss_gt_max","row_loss_frac=0.990",""
"wooldridge","jtrain","clean","row_loss_gt_max","row_loss_frac=0.592",""
"Ecdat","Garch","tag","pure_time_series","time_col=date",""
"Ecdat","USGDPpresidents","tag","pure_time_series","time_col=Year",""
"Ecdat","USPS","tag","pure_time_series","time_col=Year",""
"Ecdat","USnewspapers","tag","pure_time_series","time_col=Year",""
"Ecdat","bankingCrises","tag","pure_time_series","time_col=year",""
"Ecdat","incomeInequality","tag","pure_time_series","time_col=Year",""
"Ecdat","terrorism","tag","pure_time_series","time_col=year",""
"crimedatasets","DrunkDST_tbl_df","tag","pure_time_series","time_col=year",""
"crimedatasets","Hartnagel_df","tag","pure_time_series","time_col=year",""
"crimedatasets","UScrimerates_tbl_df","tag","pure_time_series","time_col=year",""
"stevedata","DST","tag","pure_time_series","time_col=year",""
"stevedata","arcticseaice","tag","pure_time_series","time_col=year",""
"stevedata","asn_stats","tag","pure_time_series","time_col=year",""
"stevedata","commodity_prices","tag","pure_time_series","time_col=date",""
"stevedata","thatcher_approval","tag","pure_time_series","time_col=date",""
"wooldridge","barium","tag","pure_time_series","time_col=t",""
"wooldridge","beveridge","tag","pure_time_series","time_col=month",""
"wooldridge","consump","tag","pure_time_series","time_col=year",""
"wooldridge","earns","tag","pure_time_series","time_col=year",""
"wooldridge","fertil3","tag","pure_time_series","time_col=year",""
"wooldridge","fish","tag","pure_time_series","time_col=t",""
"wooldridge","hseinv","tag","pure_time_series","time_col=year",""
"wooldridge","intdef","tag","pure_time_series","time_col=year",""
"wooldridge","inven","tag","pure_time_series","time_col=year",""
"wooldridge","minwage","tag","pure_time_series","time_col=t",""
"wooldridge","nyse","tag","pure_time_series","time_col=t",""
"wooldridge","okun","tag","pure_time_series","time_col=year",""
"wooldridge","phillips","tag","pure_time_series","time_col=year",""
"wooldridge","prminwge","tag","pure_time_series","time_col=year",""
"wooldridge","traffic2","tag","pure_time_series","time_col=t",""
"wooldridge","volat","tag","pure_time_series","time_col=date",""
"wooldridge","wageprc","tag","pure_time_series","time_col=t",""
"AER","CPSSW9298","dedup","duplicate_columns","same admitted column set as AER/CPSSW9204","AER/CPSSW9204"
"AER","CPSSWEducation","dedup","duplicate_columns","same admitted column set as AER/CPSSW8","AER/CPSSW8"
"AER","Electricity1970","dedup","duplicate_columns","same admitted column set as AER/Electricity1955","AER/Electricity1955"
"AER","Fertility2","dedup","duplicate_columns","same admitted column set as AER/Fertility","AER/Fertility"
"Ecdat","Accident","dedup","duplicate_title","same title as AER/ShipAccidents","AER/ShipAccidents"
"Ecdat","MunExp","dedup","duplicate_title","same title as AER/Municipalities","AER/Municipalities"
"Ecdat","Unemployment","dedup","duplicate_title","same title as Ecdat/UnempDur","Ecdat/UnempDur"
"camerondata","jobless","dedup","duplicate_title","same title as Ecdat/UnempDur","Ecdat/UnempDur"
"camerondata","laborpanelprec","dedup","duplicate_columns","same admitted column set as camerondata/laborpanel","camerondata/laborpanel"
"camerondata","vietnam_ind","dedup","duplicate_columns","same admitted column set as Ecdat/VietNamI","Ecdat/VietNamI"
"causaldata","gapminder","dedup","duplicate_columns","same admitted column set as gapminder/gapminder_unfiltered","gapminder/gapminder_unfiltered"
"causaldata","nhefs_complete","dedup","duplicate_columns","same admitted column set as causaldata/nhefs","causaldata/nhefs"
"causaldata","nsw_mixtape","dedup","duplicate_columns","same admitted column set as causaldata/cps_mixtape","causaldata/cps_mixtape"
"crimedatasets","Fatality_df","dedup","duplicate_columns","same admitted column set as Ecdat/Fatality","Ecdat/Fatality"
"crimedatasets","NVCAdata_tbl_df","dedup","duplicate_columns","same admitted column set as crimedatasets/NCAdata_tbl_df","crimedatasets/NCAdata_tbl_df"
"gapminder","gapminder","dedup","duplicate_columns","same admitted column set as gapminder/gapminder_unfiltered","gapminder/gapminder_unfiltered"
"plm","Cigar","dedup","duplicate_columns","same admitted column set as Ecdat/Cigar","Ecdat/Cigar"
"plm","Crime","dedup","duplicate_title","same title as Ecdat/Crime","Ecdat/Crime"
"plm","Gasoline","dedup","duplicate_columns","same admitted column set as Ecdat/Gasoline","Ecdat/Gasoline"
"plm","Grunfeld","dedup","duplicate_columns","same admitted column set as Ecdat/Grunfeld","Ecdat/Grunfeld"
"plm","Hedonic","dedup","duplicate_columns","same admitted column set as Ecdat/Hedonic","Ecdat/Hedonic"
"plm","LaborSupply","dedup","duplicate_columns","same admitted column set as Ecdat/LaborSupply","Ecdat/LaborSupply"
"plm","Males","dedup","duplicate_title","same title as Ecdat/Males","Ecdat/Males"
"plm","Produc","dedup","duplicate_title","same title as Ecdat/Produc","Ecdat/Produc"
"plm","SumHes","dedup","duplicate_columns","same admitted column set as Ecdat/SumHes","Ecdat/SumHes"
"plm","Wages","dedup","duplicate_columns","same admitted column set as Ecdat/Wages","Ecdat/Wages"
"psych","Tal_Or (tal_or)","dedup","duplicate_columns","same admitted column set as psych/Tal.Or","psych/Tal.Or"
"psych","lsat7 (bock)","dedup","duplicate_columns","same admitted column set as psych/lsat6 (bock)","psych/lsat6 (bock)"
"sampleSelection","Mroz87","dedup","duplicate_title","same title as causaldata/Mroz","causaldata/Mroz"
"sampleSelection","RandHIE","dedup","duplicate_columns","same admitted column set as camerondata/randhealth","camerondata/randhealth"
"stevedata","gas_demand","dedup","duplicate_columns","same admitted column set as AER/OECDGas","AER/OECDGas"
